login_hour,login_day,is_new_device,is_new_location,is_new_browser,failed_attempts_before,login_frequency,session_duration,typing_speed,mouse_entropy,pages_visited,actions_per_minute,time_since_last_login,is_vpn,country_change,device_type_encoded,hour_sin,hour_cos,is_hijacked
14,6,0,0,0,0,0.5,58.99,42.51,0.6285,6,5.54,39.66,0,0,1,-0.4999999999999997,-0.8660254037844388,0
17,5,0,0,0,0,1.61,20.61,60.27,0.3281,20,9.77,27.0,0,0,0,-0.9659258262890683,-0.25881904510252063,0
6,1,0,0,0,0,4.88,18.54,56.69,0.4595,12,4.95,30.94,0,0,0,1.0,6.123233995736766e-17,0
7,4,1,0,0,0,2.15,10.34,44.62,0.3167,30,8.1,17.19,0,0,0,0.9659258262890683,-0.25881904510252063,0
22,5,0,1,0,4,0.51,11.94,119.62,0.196,5,36.1,135.34,1,0,1,-0.5000000000000004,0.8660254037844384,1
21,5,0,0,0,0,0.71,42.56,73.93,0.4261,4,8.32,30.49,0,0,0,-0.7071067811865477,0.7071067811865474,0
8,2,0,0,0,2,4.98,12.35,62.35,0.594,13,5.46,4.6,1,0,0,0.8660254037844387,-0.4999999999999998,0
17,6,0,0,0,0,1.15,81.39,36.12,0.4668,3,9.87,36.59,0,0,2,-0.9659258262890683,-0.25881904510252063,0
1,5,0,0,1,0,4.27,79.7,66.48,0.47,10,3.6,29.08,0,0,1,0.25881904510252074,0.9659258262890683,0
12,3,0,0,1,0,1.47,47.83,38.29,0.3707,25,3.69,26.16,0,0,0,1.2246467991473532e-16,-1.0,0
12,5,0,0,1,0,4.53,98.75,35.37,0.5917,25,6.61,39.16,0,0,0,1.2246467991473532e-16,-1.0,0
16,1,0,0,0,0,1.0,67.91,51.76,0.5387,21,9.77,44.61,0,0,1,-0.8660254037844385,-0.5000000000000004,0
13,2,0,0,1,0,1.32,23.65,61.3,0.3197,6,9.09,28.75,0,0,0,-0.2588190451025208,-0.9659258262890683,0
23,2,0,1,0,2,0.06,3.92,52.29,0.1627,2,20.24,345.56,1,1,0,-0.25881904510252157,0.9659258262890681,1
18,5,0,0,0,0,1.72,103.88,78.31,0.557,20,9.29,45.24,0,0,2,-1.0,-1.8369701987210297e-16,0
19,6,0,0,0,0,3.88,29.38,32.67,0.6136,2,2.88,35.45,0,0,1,-0.9659258262890684,0.2588190451025203,0
15,5,0,0,0,1,3.28,24.99,70.98,0.4103,12,2.77,36.01,0,0,0,-0.7071067811865471,-0.7071067811865479,0
20,6,0,0,1,0,0.98,57.88,35.66,0.35,27,8.96,22.27,0,0,0,-0.8660254037844386,0.5000000000000001,0
14,6,0,0,0,0,1.24,36.58,55.57,0.4944,18,3.72,3.58,0,0,2,-0.4999999999999997,-0.8660254037844388,0
15,4,0,1,0,0,2.09,17.7,70.79,0.3945,11,8.73,19.05,1,0,0,-0.7071067811865471,-0.7071067811865479,0
8,0,0,1,0,0,2.45,49.25,50.02,0.3146,13,8.17,10.31,0,0,0,0.8660254037844387,-0.4999999999999998,0
2,6,0,0,0,1,2.04,27.87,37.47,0.5249,23,8.85,37.37,1,0,0,0.49999999999999994,0.8660254037844387,0
16,0,0,0,0,0,3.82,104.83,57.36,0.6269,28,8.11,25.6,1,0,1,-0.8660254037844385,-0.5000000000000004,0
6,1,0,0,1,1,4.41,75.92,39.22,0.5012,11,3.97,19.88,0,0,2,1.0,6.123233995736766e-17,0
11,0,0,0,0,0,2.07,23.42,65.78,0.4605,15,6.34,23.38,0,0,0,0.258819045102521,-0.9659258262890682,0
14,1,0,0,0,0,2.16,74.94,48.37,0.3242,10,9.0,18.57,0,0,1,-0.4999999999999997,-0.8660254037844388,0
16,0,0,0,0,0,0.84,112.8,64.51,0.414,11,9.62,23.74,0,0,0,-0.8660254037844385,-0.5000000000000004,0
3,1,0,0,0,0,2.67,113.47,69.6,0.6299,5,3.69,20.59,0,0,1,0.7071067811865476,0.7071067811865476,0
18,5,1,1,0,3,0.62,14.15,46.99,0.0492,2,43.62,478.17,0,1,2,-1.0,-1.8369701987210297e-16,1
2,3,1,1,1,4,0.19,6.26,61.21,0.0235,4,31.76,385.99,1,1,1,0.49999999999999994,0.8660254037844387,1
14,1,0,0,0,0,4.84,75.96,46.71,0.3394,22,2.98,17.21,0,0,1,-0.4999999999999997,-0.8660254037844388,0
17,6,0,0,0,0,2.9,6.04,57.44,0.4221,21,4.48,42.7,0,0,1,-0.9659258262890683,-0.25881904510252063,0
14,6,0,0,1,1,2.1,55.22,36.09,0.5586,30,5.49,9.54,0,0,0,-0.4999999999999997,-0.8660254037844388,0
21,5,0,0,1,0,3.57,85.15,35.89,0.4481,19,7.27,36.22,0,0,1,-0.7071067811865477,0.7071067811865474,0
16,5,0,0,0,0,2.38,5.53,65.59,0.6748,28,4.27,43.98,0,0,0,-0.8660254037844385,-0.5000000000000004,0
4,0,0,0,0,2,0.61,28.65,70.19,0.3171,9,3.32,4.29,0,0,0,0.8660254037844386,0.5000000000000001,0
4,1,1,1,0,2,0.68,3.68,79.92,0.1034,3,26.13,316.66,1,0,1,0.8660254037844386,0.5000000000000001,1
1,3,1,1,1,2,0.99,3.29,64.13,0.2029,4,17.37,130.53,0,1,0,0.25881904510252074,0.9659258262890683,1
9,1,0,1,0,0,2.71,55.67,38.56,0.5437,29,5.99,6.57,0,0,0,0.7071067811865476,-0.7071067811865475,0
11,6,0,0,0,0,1.86,26.1,47.48,0.3101,11,2.74,30.73,0,0,1,0.258819045102521,-0.9659258262890682,0
10,5,0,0,0,0,4.91,60.25,34.52,0.3661,10,4.62,17.63,0,0,1,0.49999999999999994,-0.8660254037844387,0
22,2,1,1,0,2,0.24,13.04,69.59,0.0729,3,29.12,436.6,1,1,1,-0.5000000000000004,0.8660254037844384,1
14,3,0,0,0,0,1.92,39.57,66.06,0.4269,26,5.89,41.46,0,0,0,-0.4999999999999997,-0.8660254037844388,0
17,2,0,0,1,0,2.67,59.53,61.16,0.4388,27,4.24,34.92,0,0,2,-0.9659258262890683,-0.25881904510252063,0
12,0,0,0,0,0,2.44,22.93,76.08,0.3143,26,6.9,26.7,0,0,1,1.2246467991473532e-16,-1.0,0
12,0,0,0,0,0,1.06,61.41,58.87,0.3971,18,8.87,38.28,0,0,1,1.2246467991473532e-16,-1.0,0
19,2,0,0,0,0,2.63,89.5,57.24,0.4098,14,7.44,16.54,0,0,0,-0.9659258262890684,0.2588190451025203,0
5,6,1,1,1,2,0.45,4.17,142.03,0.2727,3,21.33,339.4,1,1,0,0.9659258262890683,0.25881904510252074,1
15,4,0,0,1,1,0.97,87.76,33.29,0.3445,29,9.56,27.0,0,0,1,-0.7071067811865471,-0.7071067811865479,0
20,3,0,0,1,0,4.87,35.18,69.01,0.6538,8,4.36,24.39,0,0,0,-0.8660254037844386,0.5000000000000001,0
15,6,0,0,0,0,1.22,70.7,47.27,0.3728,27,9.89,36.28,0,0,1,-0.7071067811865471,-0.7071067811865479,0
2,0,1,1,1,0,0.53,1.12,124.77,0.256,5,26.79,379.63,1,1,0,0.49999999999999994,0.8660254037844387,1
19,4,0,0,0,2,2.65,15.43,63.23,0.6163,9,7.2,12.11,0,0,1,-0.9659258262890684,0.2588190451025203,0
16,4,0,0,0,0,1.83,107.01,57.99,0.3627,4,5.37,41.31,1,0,1,-0.8660254037844385,-0.5000000000000004,0
20,5,0,1,0,0,0.7,80.61,43.9,0.6561,15,7.82,40.09,0,0,0,-0.8660254037844386,0.5000000000000001,0
5,3,1,1,1,0,0.66,6.68,12.68,0.1519,1,19.42,170.41,0,0,0,0.9659258262890683,0.25881904510252074,1
17,4,0,0,0,0,2.98,117.48,78.13,0.6578,18,4.57,34.33,0,0,1,-0.9659258262890683,-0.25881904510252063,0
13,6,0,0,0,0,0.8,84.61,70.8,0.5771,7,5.18,32.52,0,0,0,-0.2588190451025208,-0.9659258262890683,0
7,2,0,0,0,2,4.25,78.13,63.12,0.6191,11,2.92,36.24,0,0,2,0.9659258262890683,-0.25881904510252063,0
17,5,0,0,0,0,4.78,10.06,41.25,0.4688,9,3.93,30.02,0,0,1,-0.9659258262890683,-0.25881904510252063,0
17,4,0,0,0,0,0.5,83.97,51.83,0.6796,8,9.63,43.15,0,0,0,-0.9659258262890683,-0.25881904510252063,0
8,6,0,0,0,0,0.74,70.92,78.99,0.6814,25,5.92,29.03,0,0,1,0.8660254037844387,-0.4999999999999998,0
6,5,0,0,0,0,4.19,103.72,49.4,0.4324,19,1.18,37.23,0,0,1,1.0,6.123233995736766e-17,0
18,2,0,1,0,0,2.34,86.34,60.35,0.5118,30,8.92,41.65,0,0,0,-1.0,-1.8369701987210297e-16,0
16,3,0,1,0,0,2.56,100.63,38.21,0.5436,29,3.07,40.1,0,0,1,-0.8660254037844385,-0.5000000000000004,0
23,0,0,0,0,0,0.78,73.97,47.83,0.319,29,7.42,28.51,0,0,1,-0.25881904510252157,0.9659258262890681,0
11,6,0,0,0,0,2.44,32.64,73.48,0.405,24,7.31,18.19,0,0,0,0.258819045102521,-0.9659258262890682,0
14,1,0,0,0,1,1.37,46.2,40.92,0.5389,25,8.85,21.41,0,0,1,-0.4999999999999997,-0.8660254037844388,0
22,0,0,0,0,0,4.15,42.82,31.44,0.6203,26,8.49,6.31,0,0,0,-0.5000000000000004,0.8660254037844384,0
21,5,0,1,0,0,0.56,49.6,79.27,0.5087,15,3.91,28.2,0,0,0,-0.7071067811865477,0.7071067811865474,0
1,3,0,0,0,0,1.16,66.92,79.35,0.3186,14,4.91,10.84,0,0,0,0.25881904510252074,0.9659258262890683,0
8,0,0,0,0,2,1.86,28.47,79.67,0.4549,13,9.3,36.31,0,0,0,0.8660254037844387,-0.4999999999999998,0
18,2,0,0,0,0,1.04,96.06,76.75,0.6765,27,3.62,10.96,0,0,0,-1.0,-1.8369701987210297e-16,0
11,5,0,0,0,0,2.91,34.73,77.85,0.4637,29,1.77,7.56,0,0,1,0.258819045102521,-0.9659258262890682,0
7,3,0,0,0,1,1.37,39.04,63.13,0.5226,4,8.01,22.01,0,0,1,0.9659258262890683,-0.25881904510252063,0
21,2,0,0,1,0,3.18,29.61,31.28,0.5286,19,8.95,35.37,0,0,1,-0.7071067811865477,0.7071067811865474,0
14,3,0,0,0,0,3.76,50.53,47.15,0.3291,20,7.9,38.16,0,0,1,-0.4999999999999997,-0.8660254037844388,0
14,0,0,0,0,0,2.25,98.26,33.67,0.5815,19,1.26,45.75,0,0,0,-0.4999999999999997,-0.8660254037844388,0
17,2,1,0,1,0,2.93,103.31,36.01,0.5737,20,5.87,19.86,1,0,1,-0.9659258262890683,-0.25881904510252063,0
4,4,1,1,1,0,0.55,9.08,108.22,0.1426,5,48.96,560.82,1,1,2,0.8660254037844386,0.5000000000000001,1
14,3,0,0,0,0,4.83,102.67,65.06,0.4893,7,6.61,11.92,0,0,0,-0.4999999999999997,-0.8660254037844388,0
3,5,1,1,1,2,0.42,3.25,98.62,0.2228,4,40.47,347.75,0,0,1,0.7071067811865476,0.7071067811865476,1
1,1,0,1,0,1,0.45,10.79,51.56,0.2319,4,28.98,180.43,0,1,0,0.25881904510252074,0.9659258262890683,1
20,4,1,0,0,0,2.17,5.09,65.55,0.5116,27,5.29,36.84,0,0,0,-0.8660254037844386,0.5000000000000001,0
8,1,1,0,1,1,2.5,22.48,69.26,0.6739,2,9.99,18.79,0,0,0,0.8660254037844387,-0.4999999999999998,0
10,6,0,0,0,2,4.83,5.69,68.29,0.4024,13,8.72,17.88,0,0,0,0.49999999999999994,-0.8660254037844387,0
11,1,0,0,0,0,1.84,55.39,49.44,0.6982,23,9.41,20.6,0,0,1,0.258819045102521,-0.9659258262890682,0
15,6,0,0,0,0,3.98,76.38,34.36,0.354,23,6.08,25.38,0,0,0,-0.7071067811865471,-0.7071067811865479,0
1,2,1,1,1,4,1.0,7.59,21.06,0.117,2,41.79,181.54,0,1,1,0.25881904510252074,0.9659258262890683,1
6,1,0,1,0,0,3.86,107.47,70.6,0.334,3,4.88,38.6,0,0,0,1.0,6.123233995736766e-17,0
22,1,0,0,1,0,3.17,47.45,54.15,0.5726,6,7.63,32.13,0,0,0,-0.5000000000000004,0.8660254037844384,0
11,2,0,0,0,0,2.62,39.09,78.02,0.3048,3,7.21,32.63,0,0,1,0.258819045102521,-0.9659258262890682,0
21,3,0,0,0,0,1.13,106.44,42.13,0.5586,21,6.91,20.45,0,0,0,-0.7071067811865477,0.7071067811865474,0
18,5,0,0,0,0,2.7,82.83,67.16,0.3094,11,5.44,0.64,0,0,0,-1.0,-1.8369701987210297e-16,0
18,3,0,0,1,0,3.72,85.25,39.6,0.3567,4,2.86,7.8,0,0,0,-1.0,-1.8369701987210297e-16,0
9,0,0,0,0,0,1.43,103.27,32.06,0.3223,11,9.59,6.25,0,0,0,0.7071067811865476,-0.7071067811865475,0
11,0,0,0,0,0,1.01,87.05,33.86,0.3918,8,9.81,37.74,0,0,1,0.258819045102521,-0.9659258262890682,0
15,2,0,0,0,0,4.45,23.08,51.68,0.6571,8,2.25,30.32,0,0,1,-0.7071067811865471,-0.7071067811865479,0
17,3,0,0,0,0,2.54,68.43,54.5,0.6411,9,2.34,35.75,0,0,2,-0.9659258262890683,-0.25881904510252063,0
8,6,0,0,0,0,4.19,46.6,65.41,0.5888,21,4.87,22.76,0,0,1,0.8660254037844387,-0.4999999999999998,0
14,2,0,0,1,0,1.74,109.5,76.35,0.3144,12,1.61,47.33,0,0,0,-0.4999999999999997,-0.8660254037844388,0
17,5,0,0,0,0,3.15,73.34,71.83,0.6892,25,3.07,39.36,0,0,2,-0.9659258262890683,-0.25881904510252063,0
13,4,0,0,0,0,2.99,95.12,69.3,0.3898,11,6.41,6.33,0,0,1,-0.2588190451025208,-0.9659258262890683,0
19,6,0,0,0,0,3.06,99.83,38.55,0.6069,25,2.86,14.99,0,0,0,-0.9659258262890684,0.2588190451025203,0
22,0,0,0,0,0,2.73,105.64,73.16,0.5965,11,4.6,1.45,0,0,0,-0.5000000000000004,0.8660254037844384,0
14,6,1,0,1,3,0.59,14.98,15.67,0.2062,3,35.18,254.54,1,1,2,-0.4999999999999997,-0.8660254037844388,1
13,4,0,1,0,0,4.95,51.29,54.06,0.3668,3,8.07,40.08,0,0,1,-0.2588190451025208,-0.9659258262890683,0
9,0,0,0,0,0,3.45,69.51,36.17,0.3108,22,6.26,44.7,0,0,2,0.7071067811865476,-0.7071067811865475,0
3,4,1,1,1,1,0.81,4.06,11.5,0.2267,3,40.08,136.47,0,1,2,0.7071067811865476,0.7071067811865476,1
14,0,0,0,0,0,2.33,51.7,79.72,0.3198,5,2.2,14.3,0,0,0,-0.4999999999999997,-0.8660254037844388,0
11,2,0,0,0,0,2.1,5.75,36.58,0.4435,8,3.57,34.34,0,0,1,0.258819045102521,-0.9659258262890682,0
16,0,0,0,0,1,3.45,90.76,71.01,0.6354,10,3.21,21.98,0,0,1,-0.8660254037844385,-0.5000000000000004,0
5,2,1,0,1,1,0.86,2.84,49.75,0.2992,1,19.06,469.64,1,0,1,0.9659258262890683,0.25881904510252074,1
16,3,0,0,0,0,1.49,66.81,54.3,0.4434,28,6.34,4.37,0,0,0,-0.8660254037844385,-0.5000000000000004,0
17,2,0,0,0,1,3.78,54.8,49.09,0.5444,27,1.54,5.35,0,0,1,-0.9659258262890683,-0.25881904510252063,0
23,4,0,0,0,0,4.41,22.63,78.2,0.428,12,5.62,42.67,0,0,1,-0.25881904510252157,0.9659258262890681,0
4,1,0,0,0,1,3.0,37.35,42.32,0.3917,26,1.29,8.78,0,0,1,0.8660254037844386,0.5000000000000001,0
17,6,1,1,1,3,0.44,13.58,50.42,0.1313,4,19.95,507.69,1,1,2,-0.9659258262890683,-0.25881904510252063,1
18,5,0,0,0,0,1.35,46.09,61.66,0.3044,17,5.94,39.58,0,0,1,-1.0,-1.8369701987210297e-16,0
2,6,1,1,1,2,0.96,4.3,111.99,0.1683,3,43.47,545.75,1,1,0,0.49999999999999994,0.8660254037844387,1
19,4,0,1,0,0,1.29,23.46,76.55,0.5362,9,2.98,37.5,0,0,1,-0.9659258262890684,0.2588190451025203,0
7,5,0,0,0,2,0.96,37.17,35.25,0.4506,29,1.05,38.85,0,0,1,0.9659258262890683,-0.25881904510252063,0
8,1,0,1,0,0,0.8,114.0,35.1,0.561,23,5.01,41.37,0,0,0,0.8660254037844387,-0.4999999999999998,0
23,2,1,1,1,5,0.54,7.51,92.32,0.289,4,14.63,174.34,0,1,1,-0.25881904510252157,0.9659258262890681,1
14,1,0,0,0,0,4.96,16.98,34.61,0.5623,14,5.63,22.04,0,0,0,-0.4999999999999997,-0.8660254037844388,0
7,6,0,1,1,3,0.42,9.28,108.0,0.1141,2,12.28,576.33,1,0,0,0.9659258262890683,-0.25881904510252063,1
9,5,0,0,0,0,2.78,58.36,73.88,0.5861,11,9.54,1.84,0,0,0,0.7071067811865476,-0.7071067811865475,0
15,1,0,1,0,0,2.3,80.61,45.19,0.4329,29,4.53,26.22,1,0,0,-0.7071067811865471,-0.7071067811865479,0
12,3,0,0,1,0,1.4,63.99,70.04,0.3926,11,2.47,32.42,0,0,1,1.2246467991473532e-16,-1.0,0
16,1,0,0,1,0,2.3,96.15,58.28,0.6138,26,3.32,47.87,0,0,0,-0.8660254037844385,-0.5000000000000004,0
13,1,0,0,0,0,1.75,113.33,55.53,0.6855,3,8.62,24.56,0,0,0,-0.2588190451025208,-0.9659258262890683,0
18,5,0,0,0,0,2.24,12.98,35.52,0.6356,25,9.92,36.66,0,0,0,-1.0,-1.8369701987210297e-16,0
15,4,0,0,0,1,2.69,25.16,48.82,0.6923,5,8.37,38.9,0,0,1,-0.7071067811865471,-0.7071067811865479,0
11,0,0,0,0,0,1.31,111.9,37.28,0.3658,5,8.9,13.27,0,0,1,0.258819045102521,-0.9659258262890682,0
3,3,0,0,0,0,3.3,119.25,78.75,0.3561,28,4.35,15.71,0,0,0,0.7071067811865476,0.7071067811865476,0
7,4,0,1,0,0,3.39,19.13,76.99,0.674,19,1.37,9.58,0,0,1,0.9659258262890683,-0.25881904510252063,0
7,3,0,0,0,2,2.45,98.91,54.1,0.5921,10,7.91,9.6,0,0,0,0.9659258262890683,-0.25881904510252063,0
18,2,0,0,0,0,1.9,32.47,36.79,0.4442,10,9.3,36.02,0,0,1,-1.0,-1.8369701987210297e-16,0
11,1,0,0,0,1,2.08,54.42,46.04,0.4056,21,3.52,20.31,0,0,0,0.258819045102521,-0.9659258262890682,0
12,3,0,0,0,0,1.1,50.48,41.2,0.5371,8,6.3,25.61,0,0,0,1.2246467991473532e-16,-1.0,0
6,3,0,0,0,0,3.81,18.48,53.18,0.3096,8,7.04,41.14,0,0,0,1.0,6.123233995736766e-17,0
16,5,0,0,1,0,0.93,35.44,49.36,0.3536,12,9.13,20.62,0,0,0,-0.8660254037844385,-0.5000000000000004,0
1,4,0,0,1,0,2.46,85.89,65.63,0.4268,30,3.69,26.64,0,0,0,0.25881904510252074,0.9659258262890683,0
18,0,0,1,0,0,2.37,30.4,78.35,0.5385,12,3.08,33.06,0,0,1,-1.0,-1.8369701987210297e-16,0
9,5,0,0,0,1,2.55,35.62,37.87,0.577,9,1.51,6.16,0,0,1,0.7071067811865476,-0.7071067811865475,0
11,0,1,0,0,0,3.32,67.46,74.54,0.43,17,3.92,30.96,0,0,0,0.258819045102521,-0.9659258262890682,0
13,3,0,0,0,0,2.1,61.29,46.83,0.3686,24,8.34,19.23,0,0,1,-0.2588190451025208,-0.9659258262890683,0
11,3,0,0,0,0,4.97,30.35,35.27,0.5058,27,5.17,15.39,0,0,1,0.258819045102521,-0.9659258262890682,0
5,3,0,0,0,1,0.55,27.02,63.09,0.632,7,5.43,13.36,0,0,0,0.9659258262890683,0.25881904510252074,0
16,4,0,0,0,0,2.53,16.78,56.35,0.3531,3,4.12,36.59,0,0,0,-0.8660254037844385,-0.5000000000000004,0
8,1,0,0,0,0,0.86,99.65,41.87,0.6275,28,2.88,39.97,0,0,0,0.8660254037844387,-0.4999999999999998,0
9,1,0,0,0,0,3.8,32.36,79.59,0.5431,16,9.97,35.34,0,0,0,0.7071067811865476,-0.7071067811865475,0
16,1,0,0,0,0,0.99,19.69,71.99,0.5152,9,4.26,20.62,0,0,1,-0.8660254037844385,-0.5000000000000004,0
21,0,0,0,0,1,1.65,113.03,56.76,0.336,16,2.87,27.8,0,0,0,-0.7071067811865477,0.7071067811865474,0
3,4,1,1,1,0,0.32,1.16,51.04,0.2575,1,45.8,163.29,1,1,1,0.7071067811865476,0.7071067811865476,1
4,2,0,0,0,0,4.6,98.3,54.39,0.4294,6,1.11,13.69,0,0,1,0.8660254037844386,0.5000000000000001,0
10,1,0,0,1,0,0.68,80.73,77.09,0.4487,23,9.53,25.06,0,0,0,0.49999999999999994,-0.8660254037844387,0
11,1,0,1,0,0,4.86,54.66,50.2,0.4223,7,2.05,1.1,0,0,0,0.258819045102521,-0.9659258262890682,0
18,0,0,0,0,1,2.39,9.96,54.94,0.4962,18,7.63,6.18,0,0,0,-1.0,-1.8369701987210297e-16,0
17,4,0,0,0,0,1.85,117.78,51.11,0.4165,25,3.27,20.86,0,0,0,-0.9659258262890683,-0.25881904510252063,0
7,0,0,0,0,0,0.51,24.03,44.14,0.3972,18,2.34,42.41,1,0,0,0.9659258262890683,-0.25881904510252063,0
5,6,0,0,0,0,1.45,58.84,46.69,0.5606,19,5.94,3.98,0,0,0,0.9659258262890683,0.25881904510252074,0
12,0,0,0,0,0,4.48,63.16,38.17,0.3954,13,5.64,25.63,0,0,1,1.2246467991473532e-16,-1.0,0
16,4,0,0,0,0,4.79,12.91,60.16,0.668,7,4.46,38.24,0,0,0,-0.8660254037844385,-0.5000000000000004,0
10,5,0,0,0,0,3.39,106.79,33.15,0.4177,25,6.83,26.62,0,0,0,0.49999999999999994,-0.8660254037844387,0
19,4,0,0,0,0,2.41,105.19,65.58,0.6855,23,6.88,16.22,0,0,1,-0.9659258262890684,0.2588190451025203,0
8,5,0,0,0,0,1.08,110.27,63.83,0.6613,7,6.37,43.44,0,0,2,0.8660254037844387,-0.4999999999999998,0
14,6,0,0,0,0,3.16,45.87,49.26,0.6909,6,4.78,33.71,1,0,1,-0.4999999999999997,-0.8660254037844388,0
11,2,1,0,0,0,2.72,8.02,47.16,0.4955,24,8.35,20.8,0,0,1,0.258819045102521,-0.9659258262890682,0
11,6,0,0,0,0,2.2,5.51,49.8,0.6912,11,2.63,4.63,0,0,1,0.258819045102521,-0.9659258262890682,0
9,4,0,0,0,0,4.16,40.91,54.57,0.5014,19,4.13,29.48,1,0,2,0.7071067811865476,-0.7071067811865475,0
4,6,1,1,1,2,0.57,1.44,10.85,0.1067,3,35.21,702.52,1,1,1,0.8660254037844386,0.5000000000000001,1
17,0,0,0,0,0,4.02,76.28,56.22,0.6264,27,6.33,25.2,0,0,0,-0.9659258262890683,-0.25881904510252063,0
8,5,1,1,1,3,0.26,9.51,88.18,0.1558,3,42.07,402.92,1,1,1,0.8660254037844387,-0.4999999999999998,1
8,4,0,0,0,0,0.6,73.05,60.01,0.4651,10,4.24,23.4,0,0,1,0.8660254037844387,-0.4999999999999998,0
15,5,0,0,0,0,0.99,31.0,63.14,0.4927,8,5.92,10.32,0,0,0,-0.7071067811865471,-0.7071067811865479,0
8,2,0,0,0,0,3.82,28.63,71.03,0.6849,25,9.89,39.28,0,0,1,0.8660254037844387,-0.4999999999999998,0
23,0,1,1,1,3,0.65,3.57,40.53,0.1085,3,38.4,589.77,0,1,0,-0.25881904510252157,0.9659258262890681,1
19,6,0,0,1,0,3.41,71.93,69.46,0.6576,5,2.08,46.88,1,0,0,-0.9659258262890684,0.2588190451025203,0
10,0,1,0,0,0,2.2,85.41,36.44,0.6019,20,8.97,29.77,0,0,1,0.49999999999999994,-0.8660254037844387,0
18,0,0,0,0,0,1.82,33.5,77.65,0.4163,8,4.52,14.34,0,0,0,-1.0,-1.8369701987210297e-16,0
14,4,0,0,0,0,4.2,116.74,79.67,0.5564,13,2.68,14.52,0,0,1,-0.4999999999999997,-0.8660254037844388,0
19,1,0,0,0,0,2.58,29.41,51.68,0.54,24,5.81,17.98,0,0,0,-0.9659258262890684,0.2588190451025203,0
20,0,0,0,0,0,4.98,90.18,42.49,0.4319,27,9.63,2.21,0,0,1,-0.8660254037844386,0.5000000000000001,0
14,4,1,1,0,1,4.47,58.87,79.8,0.6881,28,9.83,39.64,0,0,0,-0.4999999999999997,-0.8660254037844388,0
3,4,1,1,1,4,0.98,9.3,22.12,0.254,2,43.0,533.58,1,1,1,0.7071067811865476,0.7071067811865476,1
19,0,0,0,0,0,4.39,47.68,59.05,0.3914,5,9.14,25.34,0,0,0,-0.9659258262890684,0.2588190451025203,0
8,5,0,0,0,0,1.26,50.01,34.17,0.672,20,2.47,46.54,1,0,0,0.8660254037844387,-0.4999999999999998,0
9,1,0,0,1,1,0.81,65.34,52.28,0.4264,15,5.93,7.99,0,0,1,0.7071067811865476,-0.7071067811865475,0
7,6,0,0,0,0,3.3,82.46,52.39,0.5809,26,5.32,37.2,0,0,0,0.9659258262890683,-0.25881904510252063,0
10,0,0,0,0,1,2.7,6.78,52.26,0.3738,30,7.39,8.67,0,0,0,0.49999999999999994,-0.8660254037844387,0
12,4,0,0,0,0,1.83,118.52,56.68,0.3578,13,8.53,2.36,0,0,1,1.2246467991473532e-16,-1.0,0
15,2,0,1,0,0,3.7,27.0,51.02,0.3324,16,3.8,7.43,0,0,0,-0.7071067811865471,-0.7071067811865479,0
8,4,0,0,0,0,4.36,86.05,38.61,0.3443,15,2.29,22.07,0,0,0,0.8660254037844387,-0.4999999999999998,0
17,0,0,0,0,0,1.11,46.78,64.71,0.6298,2,1.83,4.08,1,0,1,-0.9659258262890683,-0.25881904510252063,0
15,2,1,0,1,4,0.82,3.85,77.13,0.2663,5,21.96,339.06,1,1,0,-0.7071067811865471,-0.7071067811865479,1
17,1,0,0,1,0,1.71,87.87,39.74,0.4556,23,5.74,21.87,0,0,0,-0.9659258262890683,-0.25881904510252063,0
6,3,0,0,0,0,2.45,19.18,30.68,0.6796,12,5.35,3.6,0,0,0,1.0,6.123233995736766e-17,0
1,6,0,1,0,0,0.82,11.53,35.74,0.006,4,17.95,717.26,1,1,0,0.25881904510252074,0.9659258262890683,1
16,0,0,0,0,0,3.9,9.91,66.99,0.5006,11,3.39,44.76,0,0,1,-0.8660254037844385,-0.5000000000000004,0
11,0,0,0,0,0,4.79,28.36,71.48,0.456,13,9.05,26.85,0,0,0,0.258819045102521,-0.9659258262890682,0
9,2,0,0,0,0,4.96,69.02,59.84,0.5312,11,3.49,40.56,0,0,1,0.7071067811865476,-0.7071067811865475,0
6,5,0,0,0,0,1.67,76.8,77.77,0.6158,6,8.93,42.8,0,0,1,1.0,6.123233995736766e-17,0
10,5,0,0,1,0,2.79,96.4,58.51,0.465,20,2.14,10.4,0,0,1,0.49999999999999994,-0.8660254037844387,0
1,0,0,0,0,0,4.61,18.36,30.67,0.6177,26,8.24,3.36,0,0,1,0.25881904510252074,0.9659258262890683,0
20,2,1,0,0,0,0.45,12.8,50.7,0.0533,5,15.33,193.55,0,1,1,-0.8660254037844386,0.5000000000000001,1
22,5,0,0,0,0,3.78,66.55,34.75,0.4102,8,8.66,6.98,0,0,0,-0.5000000000000004,0.8660254037844384,0
16,1,1,0,0,0,2.4,84.02,70.28,0.4602,30,2.88,16.01,0,0,2,-0.8660254037844385,-0.5000000000000004,0
21,1,0,0,0,0,2.77,111.23,51.7,0.552,8,3.72,47.96,0,0,2,-0.7071067811865477,0.7071067811865474,0
15,3,1,1,1,3,0.26,1.65,92.14,0.1557,2,11.28,208.79,0,1,1,-0.7071067811865471,-0.7071067811865479,1
7,2,0,1,1,0,2.61,111.41,32.64,0.3063,20,1.39,22.24,0,0,0,0.9659258262890683,-0.25881904510252063,0
4,4,0,1,1,3,0.16,6.19,109.34,0.2486,1,30.59,489.52,1,1,0,0.8660254037844386,0.5000000000000001,1
17,0,0,0,1,0,2.19,47.66,78.47,0.3626,23,5.9,29.76,0,0,0,-0.9659258262890683,-0.25881904510252063,0
7,1,0,0,0,2,1.58,86.59,39.42,0.3732,24,1.66,46.99,0,0,0,0.9659258262890683,-0.25881904510252063,0
20,0,0,0,0,0,4.69,47.93,65.2,0.555,21,5.19,7.51,1,0,2,-0.8660254037844386,0.5000000000000001,0
13,0,0,0,0,0,1.83,100.99,42.5,0.3817,26,9.92,24.2,1,0,0,-0.2588190451025208,-0.9659258262890683,0
0,3,0,1,0,2,0.51,8.26,104.29,0.2582,2,34.57,160.23,1,1,0,0.0,1.0,1
4,0,1,0,1,2,0.55,3.3,124.76,0.0108,5,25.42,614.89,0,1,1,0.8660254037844386,0.5000000000000001,1
9,1,0,0,0,0,1.46,86.92,58.31,0.5961,15,1.47,9.19,1,0,0,0.7071067811865476,-0.7071067811865475,0
17,6,0,0,0,0,2.38,13.96,46.75,0.3557,25,6.35,47.01,1,0,1,-0.9659258262890683,-0.25881904510252063,0
3,0,0,1,0,4,0.76,14.09,112.48,0.1234,3,18.94,448.85,1,1,1,0.7071067811865476,0.7071067811865476,1
20,2,0,0,0,1,2.67,75.92,64.81,0.607,15,4.57,38.62,0,0,2,-0.8660254037844386,0.5000000000000001,0
20,6,0,0,0,0,4.72,100.11,73.65,0.3915,19,9.01,28.31,0,0,0,-0.8660254037844386,0.5000000000000001,0
6,0,1,0,1,2,0.34,2.92,27.06,0.0772,1,43.09,512.85,1,1,1,1.0,6.123233995736766e-17,1
12,1,0,0,0,0,4.05,94.92,59.4,0.4173,14,9.92,33.16,0,0,1,1.2246467991473532e-16,-1.0,0
7,6,0,0,0,0,1.87,103.71,32.64,0.5841,22,6.89,35.99,1,0,0,0.9659258262890683,-0.25881904510252063,0
23,3,0,0,1,0,0.65,15.03,61.97,0.3628,13,1.57,27.51,0,0,1,-0.25881904510252157,0.9659258262890681,0
17,6,0,0,0,0,3.52,61.35,51.35,0.471,5,5.83,24.5,0,0,2,-0.9659258262890683,-0.25881904510252063,0
21,2,0,0,0,0,3.56,6.38,64.5,0.3128,24,4.78,0.87,1,0,1,-0.7071067811865477,0.7071067811865474,0
2,3,1,1,1,1,0.62,8.35,136.77,0.2998,3,37.11,401.02,0,1,0,0.49999999999999994,0.8660254037844387,1
23,0,0,0,0,0,3.93,113.68,71.3,0.3577,27,3.1,9.61,0,0,1,-0.25881904510252157,0.9659258262890681,0
9,0,0,0,0,0,3.14,108.37,54.28,0.4034,26,4.8,26.64,0,0,0,0.7071067811865476,-0.7071067811865475,0
8,4,0,0,0,0,3.37,65.71,48.05,0.5203,25,2.52,42.41,0,0,1,0.8660254037844387,-0.4999999999999998,0
13,1,0,0,0,0,1.01,59.96,44.08,0.5528,28,6.77,3.38,0,0,0,-0.2588190451025208,-0.9659258262890683,0
20,5,0,0,1,0,2.18,83.75,43.91,0.3075,8,5.59,15.25,0,0,0,-0.8660254037844386,0.5000000000000001,0
21,2,0,0,0,0,2.21,78.03,33.79,0.5969,22,3.0,2.94,0,0,1,-0.7071067811865477,0.7071067811865474,0
11,5,0,0,0,0,2.8,68.18,57.04,0.5087,9,9.96,34.08,0,0,0,0.258819045102521,-0.9659258262890682,0
6,5,0,0,0,1,2.85,91.59,65.02,0.3384,15,9.27,14.33,1,0,1,1.0,6.123233995736766e-17,0
15,1,0,1,0,0,2.75,22.89,79.22,0.6366,19,7.64,17.43,0,0,1,-0.7071067811865471,-0.7071067811865479,0
8,5,1,1,1,4,0.57,6.81,145.06,0.2621,2,42.54,548.14,0,0,1,0.8660254037844387,-0.4999999999999998,1
15,4,0,0,0,0,4.79,9.54,55.1,0.535,21,7.38,43.47,0,0,1,-0.7071067811865471,-0.7071067811865479,0
10,1,0,0,0,1,4.99,36.54,70.33,0.4996,27,7.82,11.55,1,0,1,0.49999999999999994,-0.8660254037844387,0
13,0,0,0,0,0,1.11,19.93,69.4,0.6025,4,9.45,26.14,0,0,1,-0.2588190451025208,-0.9659258262890683,0
9,5,0,0,0,0,3.69,66.93,50.2,0.4508,29,5.3,24.03,0,0,2,0.7071067811865476,-0.7071067811865475,0
10,0,0,0,0,0,2.95,103.72,33.42,0.4862,28,4.43,10.11,0,0,0,0.49999999999999994,-0.8660254037844387,0
18,1,0,1,0,0,0.89,16.84,74.17,0.3561,9,6.72,16.61,0,0,0,-1.0,-1.8369701987210297e-16,0
13,0,0,0,0,0,1.32,32.13,48.33,0.3512,6,6.49,11.23,1,0,1,-0.2588190451025208,-0.9659258262890683,0
10,6,0,0,0,0,0.89,23.97,34.52,0.3263,10,7.79,26.28,1,0,1,0.49999999999999994,-0.8660254037844387,0
21,2,0,0,0,1,4.82,45.41,77.55,0.6884,10,4.0,39.37,0,0,0,-0.7071067811865477,0.7071067811865474,0
5,5,1,1,1,3,0.54,3.98,91.09,0.2707,4,26.16,102.82,0,0,1,0.9659258262890683,0.25881904510252074,1
7,5,0,1,1,0,3.02,15.51,78.6,0.6109,20,6.92,23.43,0,0,0,0.9659258262890683,-0.25881904510252063,0
9,0,0,0,0,0,3.38,6.24,77.56,0.4455,7,4.93,46.17,0,0,0,0.7071067811865476,-0.7071067811865475,0
18,2,0,0,0,2,1.28,32.65,57.75,0.3123,24,9.9,11.5,0,0,0,-1.0,-1.8369701987210297e-16,0
18,5,0,0,0,0,2.11,12.68,35.48,0.411,10,1.18,3.77,0,0,0,-1.0,-1.8369701987210297e-16,0
3,4,1,1,1,5,0.57,1.28,149.11,0.282,1,14.61,239.68,1,0,0,0.7071067811865476,0.7071067811865476,1
15,3,0,0,0,1,2.33,17.62,34.48,0.6353,6,3.81,16.02,0,0,0,-0.7071067811865471,-0.7071067811865479,0
9,3,0,0,0,0,3.13,65.44,47.94,0.4216,13,9.58,32.55,0,0,1,0.7071067811865476,-0.7071067811865475,0
6,0,0,0,0,1,2.06,92.73,77.01,0.5088,6,4.58,22.15,0,0,1,1.0,6.123233995736766e-17,0
17,2,0,0,1,1,0.69,94.33,33.39,0.4774,22,8.59,31.33,0,0,0,-0.9659258262890683,-0.25881904510252063,0
13,5,0,0,0,0,0.62,36.65,70.45,0.5985,17,3.85,29.17,0,0,0,-0.2588190451025208,-0.9659258262890683,0
16,2,0,0,1,0,2.49,10.62,66.76,0.6657,27,3.04,0.56,0,0,0,-0.8660254037844385,-0.5000000000000004,0
1,2,0,1,1,5,0.89,14.58,63.84,0.227,1,17.5,559.52,1,0,1,0.25881904510252074,0.9659258262890683,1
6,1,1,1,1,1,0.86,1.66,26.58,0.2199,3,33.75,533.95,0,1,0,1.0,6.123233995736766e-17,1
12,0,0,0,0,0,1.05,63.86,55.77,0.3949,14,2.77,44.15,1,0,0,1.2246467991473532e-16,-1.0,0
15,4,0,0,0,0,1.65,77.31,46.65,0.4207,21,2.31,16.88,0,0,1,-0.7071067811865471,-0.7071067811865479,0
14,1,0,0,0,0,3.84,40.37,68.12,0.4363,21,5.97,22.87,0,0,0,-0.4999999999999997,-0.8660254037844388,0
13,6,0,0,1,2,1.75,63.52,45.81,0.4783,27,8.74,2.35,0,0,0,-0.2588190451025208,-0.9659258262890683,0
16,4,0,0,0,1,4.09,118.88,31.16,0.5179,8,8.0,4.03,0,0,1,-0.8660254037844385,-0.5000000000000004,0
16,6,1,0,0,0,2.35,30.32,65.74,0.4669,9,5.12,5.97,0,0,1,-0.8660254037844385,-0.5000000000000004,0
18,2,0,0,0,0,1.65,30.66,66.33,0.3307,28,5.27,27.86,0,0,0,-1.0,-1.8369701987210297e-16,0
6,5,0,0,0,0,3.46,102.71,54.61,0.3977,3,9.64,22.96,0,0,0,1.0,6.123233995736766e-17,0
9,5,0,0,0,0,4.18,15.24,64.22,0.6832,19,5.26,47.31,0,0,1,0.7071067811865476,-0.7071067811865475,0
3,0,1,1,0,5,0.58,10.11,11.85,0.0534,3,19.05,329.51,0,1,1,0.7071067811865476,0.7071067811865476,1
8,2,0,0,0,0,1.35,75.45,35.63,0.3959,12,1.54,31.09,0,0,0,0.8660254037844387,-0.4999999999999998,0
0,3,0,0,0,0,1.43,99.62,42.69,0.5101,4,3.42,24.35,0,0,0,0.0,1.0,0
23,2,0,0,0,2,2.54,117.15,67.49,0.615,7,4.38,36.1,0,0,0,-0.25881904510252157,0.9659258262890681,0
12,5,1,0,1,0,4.7,22.3,60.43,0.5009,24,7.48,12.31,0,0,1,1.2246467991473532e-16,-1.0,0
12,3,1,0,0,0,0.69,29.69,65.97,0.5867,2,4.54,46.57,0,0,1,1.2246467991473532e-16,-1.0,0
14,1,0,0,0,0,0.86,32.11,69.9,0.4968,3,8.31,30.06,0,0,0,-0.4999999999999997,-0.8660254037844388,0
9,4,1,0,0,0,1.84,13.74,79.12,0.5005,30,9.65,9.21,0,0,0,0.7071067811865476,-0.7071067811865475,0
8,0,0,0,0,0,4.72,63.09,44.35,0.3287,14,8.28,6.66,0,0,0,0.8660254037844387,-0.4999999999999998,0
6,0,0,0,0,0,1.74,84.42,72.58,0.5557,3,7.85,17.89,0,0,0,1.0,6.123233995736766e-17,0
15,5,1,0,0,0,4.85,113.67,78.88,0.4221,17,3.06,39.01,0,0,0,-0.7071067811865471,-0.7071067811865479,0
0,3,0,0,0,0,2.05,80.0,66.68,0.4698,21,2.42,42.21,0,0,0,0.0,1.0,0
16,5,0,0,0,0,2.79,29.4,39.71,0.581,17,3.26,27.88,0,0,0,-0.8660254037844385,-0.5000000000000004,0
15,5,0,0,1,1,0.88,79.26,72.32,0.4642,8,4.14,7.03,0,0,2,-0.7071067811865471,-0.7071067811865479,0
15,5,1,1,0,0,4.72,57.59,33.66,0.3467,24,9.37,19.01,0,0,0,-0.7071067811865471,-0.7071067811865479,0
20,2,0,0,0,0,1.86,28.28,64.1,0.4671,20,6.33,38.89,0,0,0,-0.8660254037844386,0.5000000000000001,0
18,3,0,0,0,0,1.84,108.83,31.09,0.6684,26,6.69,38.19,0,0,2,-1.0,-1.8369701987210297e-16,0
3,0,0,1,0,0,1.9,41.91,52.34,0.6909,25,3.56,41.47,1,0,0,0.7071067811865476,0.7071067811865476,0
8,1,0,1,0,0,0.61,94.95,37.06,0.5114,23,3.96,41.66,0,0,0,0.8660254037844387,-0.4999999999999998,0
8,5,0,0,0,0,2.79,98.53,34.37,0.4226,14,2.79,23.61,0,0,2,0.8660254037844387,-0.4999999999999998,0
11,6,0,0,0,0,2.67,87.2,54.9,0.4256,12,8.77,33.22,0,0,1,0.258819045102521,-0.9659258262890682,0
5,1,0,0,0,1,1.02,104.87,45.13,0.3137,24,9.06,9.42,0,0,0,0.9659258262890683,0.25881904510252074,0
18,3,0,0,1,0,3.05,22.79,58.29,0.4218,16,9.16,17.98,0,0,1,-1.0,-1.8369701987210297e-16,0
16,5,0,0,0,0,0.96,32.65,67.03,0.4247,30,1.32,29.83,0,0,0,-0.8660254037844385,-0.5000000000000004,0
19,2,0,0,0,0,1.55,12.55,55.69,0.3619,20,2.44,36.9,0,0,1,-0.9659258262890684,0.2588190451025203,0
16,3,0,0,0,2,2.67,61.98,47.34,0.5529,11,2.16,4.41,0,0,2,-0.8660254037844385,-0.5000000000000004,0
11,4,0,0,0,0,3.88,34.99,37.26,0.632,15,1.99,35.65,0,0,0,0.258819045102521,-0.9659258262890682,0
20,6,0,0,0,0,4.44,30.74,47.92,0.4463,20,8.81,4.32,0,0,0,-0.8660254037844386,0.5000000000000001,0
17,0,0,0,0,0,3.22,107.6,61.78,0.6984,30,3.72,8.56,0,0,1,-0.9659258262890683,-0.25881904510252063,0
18,1,0,0,0,0,1.55,97.11,71.11,0.6228,27,8.01,2.84,0,0,1,-1.0,-1.8369701987210297e-16,0
16,6,0,0,0,0,4.95,57.75,43.88,0.6114,12,6.28,29.19,0,0,0,-0.8660254037844385,-0.5000000000000004,0
19,0,0,0,0,0,3.79,67.73,38.5,0.3155,9,1.63,16.99,0,0,0,-0.9659258262890684,0.2588190451025203,0
19,1,0,0,0,0,2.2,95.77,30.83,0.5179,5,2.49,4.82,1,0,1,-0.9659258262890684,0.2588190451025203,0
16,6,0,0,0,0,2.29,11.17,59.98,0.503,17,7.29,46.75,0,0,0,-0.8660254037844385,-0.5000000000000004,0
17,0,0,0,0,0,2.22,70.35,62.08,0.403,14,2.71,7.51,0,0,0,-0.9659258262890683,-0.25881904510252063,0
22,6,0,0,0,1,4.73,71.42,33.26,0.6489,15,9.67,18.84,0,0,1,-0.5000000000000004,0.8660254037844384,0
17,1,0,0,0,0,3.29,43.04,52.37,0.6374,10,5.76,13.87,0,0,1,-0.9659258262890683,-0.25881904510252063,0
13,1,0,1,1,0,0.58,114.14,34.07,0.661,5,2.57,43.12,0,0,0,-0.2588190451025208,-0.9659258262890683,0
17,3,0,0,0,1,2.81,74.76,40.99,0.3047,14,2.93,3.93,0,0,0,-0.9659258262890683,-0.25881904510252063,0
8,5,0,0,0,0,1.17,10.77,38.92,0.4205,11,8.52,45.21,0,0,2,0.8660254037844387,-0.4999999999999998,0
17,5,0,0,0,0,0.63,59.27,52.97,0.3199,25,8.77,35.36,0,0,0,-0.9659258262890683,-0.25881904510252063,0
17,3,0,0,0,0,1.04,95.66,54.71,0.4599,21,1.78,40.3,0,0,0,-0.9659258262890683,-0.25881904510252063,0
6,3,0,0,1,1,2.31,88.88,57.13,0.44,24,7.85,35.28,0,0,0,1.0,6.123233995736766e-17,0
16,3,0,0,0,0,0.57,72.14,46.82,0.3186,7,8.99,10.74,0,0,0,-0.8660254037844385,-0.5000000000000004,0
17,4,0,0,1,0,1.63,105.2,36.06,0.4791,26,8.11,5.33,0,0,1,-0.9659258262890683,-0.25881904510252063,0
22,2,1,1,1,3,0.11,3.74,126.29,0.1595,1,19.36,466.53,1,0,0,-0.5000000000000004,0.8660254037844384,1
7,1,0,0,0,0,3.22,36.54,79.91,0.4075,15,4.16,24.64,0,0,0,0.9659258262890683,-0.25881904510252063,0
16,5,0,0,0,0,1.5,52.25,42.26,0.365,21,6.44,37.68,1,0,1,-0.8660254037844385,-0.5000000000000004,0
21,0,0,0,0,0,3.61,111.01,45.66,0.6726,5,5.84,35.6,0,0,0,-0.7071067811865477,0.7071067811865474,0
10,5,0,0,0,0,3.14,18.15,60.33,0.6025,30,4.13,35.56,0,0,0,0.49999999999999994,-0.8660254037844387,0
8,2,0,0,0,0,2.03,83.51,43.07,0.3129,22,4.74,26.97,0,0,2,0.8660254037844387,-0.4999999999999998,0
15,5,0,0,0,0,0.83,31.13,33.68,0.4787,5,7.03,10.75,0,0,0,-0.7071067811865471,-0.7071067811865479,0
18,1,0,0,0,0,0.61,111.44,52.93,0.6438,5,2.24,11.86,0,0,2,-1.0,-1.8369701987210297e-16,0
6,4,0,0,0,0,4.16,96.81,41.68,0.4282,11,1.68,4.59,0,0,0,1.0,6.123233995736766e-17,0
8,6,0,0,0,0,3.87,44.01,63.05,0.3666,12,1.71,19.95,0,0,0,0.8660254037844387,-0.4999999999999998,0
17,0,0,0,0,2,1.45,118.67,77.29,0.4388,11,4.56,42.13,0,0,0,-0.9659258262890683,-0.25881904510252063,0
13,0,0,0,0,1,2.64,68.71,36.82,0.3566,18,4.59,7.62,0,0,1,-0.2588190451025208,-0.9659258262890683,0
6,1,0,0,1,0,4.12,58.58,71.03,0.5336,21,5.75,46.47,0,0,1,1.0,6.123233995736766e-17,0
6,0,1,1,1,1,0.39,5.81,139.93,0.0984,4,33.57,631.32,1,1,1,1.0,6.123233995736766e-17,1
9,4,0,0,0,0,4.43,59.64,40.66,0.5193,3,4.7,10.65,0,0,1,0.7071067811865476,-0.7071067811865475,0
22,4,0,1,0,0,1.5,45.66,62.63,0.6401,21,8.07,36.23,0,0,1,-0.5000000000000004,0.8660254037844384,0
16,4,0,0,0,0,2.14,14.34,34.19,0.6117,17,1.15,26.91,0,0,1,-0.8660254037844385,-0.5000000000000004,0
20,0,0,0,0,0,3.02,45.41,50.69,0.4575,28,2.75,17.94,1,0,1,-0.8660254037844386,0.5000000000000001,0
9,1,0,0,0,0,2.45,108.79,78.27,0.5856,9,9.09,32.71,0,0,1,0.7071067811865476,-0.7071067811865475,0
17,5,0,1,0,0,3.28,97.71,44.73,0.5159,3,1.54,16.59,1,0,1,-0.9659258262890683,-0.25881904510252063,0
17,4,0,0,0,0,4.82,101.66,40.05,0.6974,5,7.23,36.16,0,0,1,-0.9659258262890683,-0.25881904510252063,0
17,4,0,0,0,0,2.12,85.89,79.66,0.6021,23,3.92,1.61,0,0,0,-0.9659258262890683,-0.25881904510252063,0
5,3,0,0,0,0,1.46,54.25,37.6,0.5565,16,9.35,43.63,0,0,1,0.9659258262890683,0.25881904510252074,0
19,5,0,0,0,0,0.52,105.28,45.4,0.4455,8,1.71,5.48,0,0,0,-0.9659258262890684,0.2588190451025203,0
3,3,0,1,1,3,0.03,13.44,94.32,0.1179,2,46.21,301.97,1,1,0,0.7071067811865476,0.7071067811865476,1
5,5,0,0,0,0,2.55,69.21,58.89,0.5855,17,1.34,18.62,0,0,1,0.9659258262890683,0.25881904510252074,0
11,4,0,0,1,0,1.27,50.76,58.23,0.3932,24,4.14,29.53,0,0,0,0.258819045102521,-0.9659258262890682,0
10,0,0,0,0,0,3.23,114.34,45.15,0.5849,11,4.86,12.02,0,0,0,0.49999999999999994,-0.8660254037844387,0
8,5,0,0,0,0,4.3,104.28,63.33,0.643,11,5.96,44.28,0,0,2,0.8660254037844387,-0.4999999999999998,0
5,5,0,0,0,0,2.34,98.2,74.77,0.3945,10,9.68,8.65,0,0,0,0.9659258262890683,0.25881904510252074,0
20,0,0,0,0,0,4.28,6.94,48.93,0.5116,11,9.93,19.06,0,0,1,-0.8660254037844386,0.5000000000000001,0
19,4,0,0,0,0,2.75,32.62,64.71,0.6502,7,2.91,40.48,0,0,2,-0.9659258262890684,0.2588190451025203,0
20,5,0,0,0,0,2.74,112.32,43.22,0.5817,23,8.68,2.01,0,0,2,-0.8660254037844386,0.5000000000000001,0
14,2,0,0,1,0,2.67,86.2,65.86,0.5905,7,3.12,35.81,0,0,1,-0.4999999999999997,-0.8660254037844388,0
10,1,0,0,0,0,3.25,107.4,75.26,0.5979,5,8.93,15.58,0,0,0,0.49999999999999994,-0.8660254037844387,0
9,3,0,0,0,0,1.18,89.83,34.65,0.3579,6,7.01,6.79,1,0,0,0.7071067811865476,-0.7071067811865475,0
19,2,0,0,0,0,1.51,81.94,43.26,0.3991,10,5.56,47.62,0,0,1,-0.9659258262890684,0.2588190451025203,0
11,6,1,1,1,3,0.62,5.92,13.22,0.2031,2,14.42,637.93,0,0,2,0.258819045102521,-0.9659258262890682,1
8,5,1,0,1,2,0.53,5.78,45.72,0.2958,2,21.37,175.46,0,1,2,0.8660254037844387,-0.4999999999999998,1
2,1,0,0,0,1,1.15,42.91,53.7,0.5557,4,4.71,30.4,0,0,0,0.49999999999999994,0.8660254037844387,0
16,3,0,0,1,0,4.99,91.53,37.1,0.3901,7,9.25,2.33,0,0,1,-0.8660254037844385,-0.5000000000000004,0
21,0,0,0,0,0,2.07,19.2,67.25,0.5994,15,4.48,23.98,1,0,1,-0.7071067811865477,0.7071067811865474,0
14,0,1,1,1,3,0.38,14.06,112.34,0.1898,5,30.83,658.94,0,0,1,-0.4999999999999997,-0.8660254037844388,1
10,2,0,0,0,0,1.22,119.28,56.79,0.3295,28,9.78,13.24,0,0,0,0.49999999999999994,-0.8660254037844387,0
14,0,0,1,0,1,2.74,97.64,63.16,0.494,24,3.56,14.36,1,0,1,-0.4999999999999997,-0.8660254037844388,0
9,0,0,0,0,0,2.41,99.5,39.47,0.4791,5,1.49,4.57,0,0,0,0.7071067811865476,-0.7071067811865475,0
18,5,0,1,1,5,0.42,13.28,110.79,0.0983,4,43.41,651.57,0,0,0,-1.0,-1.8369701987210297e-16,1
14,3,0,0,1,0,4.82,7.01,31.06,0.6788,28,7.81,43.79,0,0,1,-0.4999999999999997,-0.8660254037844388,0
5,2,1,1,0,2,0.57,5.97,54.62,0.175,1,18.55,418.59,0,1,1,0.9659258262890683,0.25881904510252074,1
16,5,0,0,0,1,2.81,115.65,60.49,0.5518,3,9.55,3.88,0,0,0,-0.8660254037844385,-0.5000000000000004,0
18,5,0,0,1,0,4.73,42.85,40.9,0.3942,12,1.07,22.94,0,0,0,-1.0,-1.8369701987210297e-16,0
14,3,0,0,0,2,2.86,61.55,32.91,0.5527,18,3.03,34.43,0,0,0,-0.4999999999999997,-0.8660254037844388,0
15,2,0,0,0,0,1.52,83.81,71.36,0.3664,7,3.78,34.82,1,0,0,-0.7071067811865471,-0.7071067811865479,0
19,3,0,0,0,0,2.27,84.27,44.01,0.6828,4,9.75,37.41,0,0,1,-0.9659258262890684,0.2588190451025203,0
4,3,1,1,1,5,0.44,10.73,21.66,0.0711,5,26.37,208.58,0,0,1,0.8660254037844386,0.5000000000000001,1
15,0,0,0,0,0,4.83,119.96,51.73,0.3742,25,8.07,33.26,0,0,0,-0.7071067811865471,-0.7071067811865479,0
17,0,0,0,0,0,2.3,84.43,79.88,0.3252,3,9.53,34.37,1,0,0,-0.9659258262890683,-0.25881904510252063,0
3,4,1,1,1,3,0.85,5.74,145.21,0.2145,2,34.64,131.25,1,1,0,0.7071067811865476,0.7071067811865476,1
17,2,0,0,0,0,1.25,116.5,31.18,0.6755,9,4.28,34.57,0,0,1,-0.9659258262890683,-0.25881904510252063,0
15,1,1,0,0,0,3.45,64.67,36.16,0.6754,20,7.84,46.59,0,0,1,-0.7071067811865471,-0.7071067811865479,0
8,6,0,0,0,0,3.11,29.87,41.53,0.3153,24,9.73,15.2,0,0,1,0.8660254037844387,-0.4999999999999998,0
17,2,0,0,0,0,2.59,59.36,61.09,0.5296,20,4.7,3.44,0,0,0,-0.9659258262890683,-0.25881904510252063,0
5,4,0,0,1,1,0.31,5.3,145.73,0.0784,5,18.7,309.56,0,0,1,0.9659258262890683,0.25881904510252074,1
22,5,1,1,1,2,0.51,9.8,79.3,0.1019,4,32.88,685.19,0,1,2,-0.5000000000000004,0.8660254037844384,1
20,5,0,1,0,0,2.98,28.06,61.69,0.3182,28,2.57,4.2,0,0,0,-0.8660254037844386,0.5000000000000001,0
17,6,0,1,0,1,2.59,16.49,67.86,0.5729,11,7.52,21.76,0,0,0,-0.9659258262890683,-0.25881904510252063,0
4,3,0,0,1,0,3.24,12.77,73.86,0.3526,15,6.51,35.19,0,0,0,0.8660254037844386,0.5000000000000001,0
16,6,0,0,0,0,1.97,42.28,33.53,0.6437,11,6.53,17.49,1,0,0,-0.8660254037844385,-0.5000000000000004,0
21,5,0,0,0,0,4.02,103.75,46.01,0.5299,23,9.71,7.86,0,0,0,-0.7071067811865477,0.7071067811865474,0
15,6,0,0,0,0,2.9,11.18,44.73,0.3941,2,9.93,11.29,0,0,0,-0.7071067811865471,-0.7071067811865479,0
20,3,0,0,0,0,1.72,30.95,65.07,0.5401,22,8.21,5.2,0,0,0,-0.8660254037844386,0.5000000000000001,0
17,1,0,0,0,0,0.88,68.89,31.23,0.3232,19,1.5,28.6,0,0,0,-0.9659258262890683,-0.25881904510252063,0
22,6,0,1,1,1,4.23,7.0,48.42,0.4177,3,5.11,9.9,0,0,0,-0.5000000000000004,0.8660254037844384,0
15,3,0,0,0,0,1.73,98.38,70.35,0.6535,25,1.74,13.51,0,0,0,-0.7071067811865471,-0.7071067811865479,0
15,0,0,0,0,0,3.08,24.63,34.76,0.6438,17,2.56,10.95,0,0,1,-0.7071067811865471,-0.7071067811865479,0
12,0,0,0,0,0,3.24,15.38,70.23,0.603,19,3.25,36.99,0,0,0,1.2246467991473532e-16,-1.0,0
21,4,1,1,1,1,0.52,8.48,133.2,0.1511,5,10.15,629.07,0,1,0,-0.7071067811865477,0.7071067811865474,1
13,5,1,1,1,3,0.51,12.78,132.7,0.1581,3,20.25,617.68,1,1,0,-0.2588190451025208,-0.9659258262890683,1
8,0,0,0,0,0,2.79,109.1,56.44,0.6652,5,6.21,44.49,0,0,0,0.8660254037844387,-0.4999999999999998,0
9,0,0,0,0,0,0.9,19.56,47.86,0.6964,29,9.72,41.4,0,0,0,0.7071067811865476,-0.7071067811865475,0
8,1,0,0,0,0,3.1,56.61,45.97,0.3217,19,8.04,2.08,0,0,0,0.8660254037844387,-0.4999999999999998,0
9,4,0,1,0,0,2.6,56.87,63.11,0.5448,23,6.02,12.41,0,0,0,0.7071067811865476,-0.7071067811865475,0
6,3,1,1,1,2,0.4,7.41,143.51,0.1528,2,18.77,713.82,1,1,1,1.0,6.123233995736766e-17,1
10,3,0,0,0,0,3.84,15.68,47.83,0.6372,7,9.33,0.59,0,0,0,0.49999999999999994,-0.8660254037844387,0
19,5,0,0,0,0,1.84,91.41,75.59,0.5396,22,2.6,6.6,0,0,0,-0.9659258262890684,0.2588190451025203,0
7,2,1,0,0,0,4.17,37.55,48.84,0.3856,4,7.47,15.11,0,0,0,0.9659258262890683,-0.25881904510252063,0
11,4,0,0,0,1,4.01,30.58,74.57,0.6431,16,9.64,47.4,0,0,0,0.258819045102521,-0.9659258262890682,0
17,2,0,0,0,0,3.53,6.43,45.96,0.5681,10,4.2,23.95,0,0,0,-0.9659258262890683,-0.25881904510252063,0
20,1,0,0,0,2,1.5,24.9,77.06,0.6254,14,4.01,15.78,0,0,0,-0.8660254037844386,0.5000000000000001,0
1,2,1,1,1,1,0.96,14.52,122.48,0.2665,3,36.16,548.04,1,1,0,0.25881904510252074,0.9659258262890683,1
11,3,0,0,0,0,2.04,76.37,68.85,0.6712,8,2.13,17.41,0,0,0,0.258819045102521,-0.9659258262890682,0
2,2,0,0,0,0,0.98,98.91,70.96,0.3706,30,5.51,22.08,0,0,1,0.49999999999999994,0.8660254037844387,0
16,5,0,0,0,0,0.78,87.93,73.35,0.6453,8,9.59,22.74,1,0,1,-0.8660254037844385,-0.5000000000000004,0
10,4,0,0,0,2,4.89,30.62,36.53,0.5751,20,4.25,43.0,0,0,1,0.49999999999999994,-0.8660254037844387,0
19,3,0,0,0,1,0.52,91.16,57.29,0.5831,4,8.92,28.76,0,0,2,-0.9659258262890684,0.2588190451025203,0
13,1,0,0,0,0,2.49,59.16,70.07,0.6289,26,5.3,12.76,0,0,0,-0.2588190451025208,-0.9659258262890683,0
13,2,0,0,0,0,3.22,55.72,37.46,0.4196,4,9.75,10.27,0,0,0,-0.2588190451025208,-0.9659258262890683,0
12,1,0,0,0,0,3.64,30.02,66.59,0.3464,10,4.01,25.79,0,0,0,1.2246467991473532e-16,-1.0,0
23,5,0,0,0,0,4.62,95.38,43.09,0.6782,15,9.78,9.61,0,0,1,-0.25881904510252157,0.9659258262890681,0
9,2,0,0,1,0,3.73,97.73,34.41,0.6259,21,2.78,22.27,0,0,0,0.7071067811865476,-0.7071067811865475,0
22,6,0,0,0,2,1.46,77.65,73.9,0.5749,25,1.0,13.13,1,0,1,-0.5000000000000004,0.8660254037844384,0
18,5,1,0,0,2,0.19,10.95,70.5,0.2595,4,15.59,232.91,0,1,1,-1.0,-1.8369701987210297e-16,1
15,5,0,1,0,0,2.43,26.65,41.42,0.4207,30,8.21,33.67,1,0,1,-0.7071067811865471,-0.7071067811865479,0
17,3,1,1,0,3,0.33,14.83,145.91,0.0953,3,14.43,339.44,1,0,1,-0.9659258262890683,-0.25881904510252063,1
20,2,0,1,0,0,4.3,59.04,40.42,0.4493,9,1.46,10.45,0,0,0,-0.8660254037844386,0.5000000000000001,0
13,4,1,0,0,0,4.03,107.56,39.38,0.4807,22,2.26,38.29,0,0,1,-0.2588190451025208,-0.9659258262890683,0
19,4,0,0,0,1,4.25,102.84,74.65,0.4742,21,8.31,28.4,0,0,2,-0.9659258262890684,0.2588190451025203,0
16,3,0,0,1,0,3.94,84.01,31.05,0.561,6,3.51,8.62,0,0,1,-0.8660254037844385,-0.5000000000000004,0
18,0,0,0,1,0,2.46,62.64,33.58,0.3379,12,8.66,13.04,0,0,1,-1.0,-1.8369701987210297e-16,0
16,5,0,1,1,3,0.86,8.19,72.77,0.2134,2,27.08,423.67,1,1,1,-0.8660254037844385,-0.5000000000000004,1
16,4,0,0,0,0,3.49,43.17,54.17,0.3226,9,6.36,10.01,0,0,0,-0.8660254037844385,-0.5000000000000004,0
14,3,0,0,0,0,4.44,24.09,62.4,0.496,22,8.13,37.72,0,0,1,-0.4999999999999997,-0.8660254037844388,0
14,1,0,0,0,0,3.07,13.26,70.62,0.3922,11,1.29,40.02,0,0,0,-0.4999999999999997,-0.8660254037844388,0
20,4,0,0,0,0,2.7,21.58,70.99,0.4164,8,8.97,45.04,0,0,0,-0.8660254037844386,0.5000000000000001,0
17,5,0,0,0,2,1.34,105.61,46.47,0.3371,16,6.86,14.21,0,0,2,-0.9659258262890683,-0.25881904510252063,0
7,2,0,0,1,0,3.8,91.1,36.38,0.5756,10,7.2,43.19,0,0,1,0.9659258262890683,-0.25881904510252063,0
9,0,0,0,0,0,1.51,34.75,52.21,0.6823,14,5.39,31.18,0,0,0,0.7071067811865476,-0.7071067811865475,0
0,0,0,0,0,0,4.04,104.04,67.64,0.5532,16,2.88,17.34,0,0,0,0.0,1.0,0
12,4,0,0,0,0,2.48,81.95,32.73,0.5938,22,5.57,29.37,0,0,0,1.2246467991473532e-16,-1.0,0
2,1,1,1,0,3,0.49,6.74,112.28,0.0245,4,12.48,673.28,1,0,1,0.49999999999999994,0.8660254037844387,1
22,5,0,0,1,0,3.82,7.31,31.65,0.6437,25,4.99,25.78,0,0,0,-0.5000000000000004,0.8660254037844384,0
22,2,0,1,0,1,0.65,8.39,11.23,0.0003,4,17.56,211.04,1,1,1,-0.5000000000000004,0.8660254037844384,1
1,1,1,1,1,5,0.71,11.59,130.34,0.2998,5,30.23,532.32,1,1,0,0.25881904510252074,0.9659258262890683,1
10,4,0,0,0,0,0.63,102.21,50.33,0.313,9,8.01,18.74,0,0,0,0.49999999999999994,-0.8660254037844387,0
11,1,0,0,0,0,2.59,99.66,69.09,0.5756,21,8.87,47.91,1,0,2,0.258819045102521,-0.9659258262890682,0
19,0,0,0,1,0,4.64,99.52,73.28,0.3658,7,7.75,32.08,1,0,1,-0.9659258262890684,0.2588190451025203,0
22,1,0,0,0,0,3.13,8.6,56.19,0.5395,14,4.72,39.2,0,0,0,-0.5000000000000004,0.8660254037844384,0
4,2,1,1,1,3,0.86,14.01,74.98,0.184,5,12.72,248.69,1,1,1,0.8660254037844386,0.5000000000000001,1
3,1,0,0,1,0,0.98,58.11,77.59,0.3822,18,6.5,10.18,0,0,0,0.7071067811865476,0.7071067811865476,0
11,4,1,1,0,2,0.26,4.19,83.88,0.1735,1,42.02,190.03,1,1,1,0.258819045102521,-0.9659258262890682,1
10,5,0,0,0,1,4.68,9.09,69.79,0.494,14,5.48,15.18,0,0,1,0.49999999999999994,-0.8660254037844387,0
13,3,0,0,0,2,4.51,72.71,70.11,0.3553,3,2.77,41.59,0,0,2,-0.2588190451025208,-0.9659258262890683,0
11,3,0,0,0,1,2.19,100.77,68.08,0.3846,20,7.04,35.81,1,0,1,0.258819045102521,-0.9659258262890682,0
21,1,0,0,0,2,3.5,101.52,69.76,0.4663,6,2.23,23.3,0,0,0,-0.7071067811865477,0.7071067811865474,0
0,6,1,0,0,4,0.53,12.37,13.5,0.1838,2,21.29,196.89,0,0,2,0.0,1.0,1
7,2,0,0,0,0,3.08,13.69,36.57,0.4223,13,5.56,7.88,0,0,1,0.9659258262890683,-0.25881904510252063,0
10,0,0,1,0,0,4.6,92.09,33.01,0.6805,3,3.64,2.01,0,0,0,0.49999999999999994,-0.8660254037844387,0
9,4,0,0,0,0,3.92,29.5,52.18,0.5381,4,1.82,24.19,0,0,1,0.7071067811865476,-0.7071067811865475,0
10,5,0,0,0,0,2.05,76.61,44.47,0.6943,4,1.06,7.75,0,0,1,0.49999999999999994,-0.8660254037844387,0
6,2,0,1,1,0,2.99,62.0,71.52,0.3269,17,7.67,34.73,0,0,0,1.0,6.123233995736766e-17,0
20,3,0,0,0,0,1.9,68.23,50.58,0.3712,16,2.08,42.72,0,0,0,-0.8660254037844386,0.5000000000000001,0
18,0,0,0,0,0,2.71,112.84,59.15,0.3482,20,5.19,46.79,0,0,1,-1.0,-1.8369701987210297e-16,0
3,5,0,0,0,0,4.56,104.72,75.52,0.5869,30,3.23,42.26,0,0,2,0.7071067811865476,0.7071067811865476,0
11,5,1,0,0,0,1.29,104.52,48.1,0.5085,30,1.68,6.64,1,0,1,0.258819045102521,-0.9659258262890682,0
7,1,0,0,0,0,3.64,105.86,51.43,0.6654,3,7.8,26.33,0,0,2,0.9659258262890683,-0.25881904510252063,0
4,0,1,1,0,0,1.0,2.71,116.34,0.2647,1,17.63,664.48,0,1,0,0.8660254037844386,0.5000000000000001,1
17,0,0,0,0,0,3.92,25.23,39.2,0.6548,2,7.92,7.89,1,0,1,-0.9659258262890683,-0.25881904510252063,0
11,4,0,0,0,0,4.71,68.97,41.91,0.5917,2,4.39,18.69,0,0,1,0.258819045102521,-0.9659258262890682,0
0,0,0,1,1,1,0.18,3.42,34.35,0.1793,4,25.59,624.58,1,0,1,0.0,1.0,1
10,1,0,0,0,0,1.67,55.18,40.74,0.692,21,4.3,6.08,0,0,1,0.49999999999999994,-0.8660254037844387,0
11,1,0,0,0,0,2.41,56.92,32.36,0.3498,7,6.17,22.66,0,0,1,0.258819045102521,-0.9659258262890682,0
2,3,0,0,0,0,4.74,44.72,62.79,0.6332,29,1.42,4.17,0,0,0,0.49999999999999994,0.8660254037844387,0
15,0,0,0,1,0,3.72,114.02,51.09,0.4301,14,3.31,19.46,0,0,1,-0.7071067811865471,-0.7071067811865479,0
7,5,0,0,0,0,3.53,17.67,45.96,0.468,19,9.65,32.98,0,0,0,0.9659258262890683,-0.25881904510252063,0
6,1,1,1,0,1,0.54,2.29,120.3,0.1208,5,25.22,699.31,0,1,0,1.0,6.123233995736766e-17,1
20,1,0,0,0,0,3.19,84.18,40.89,0.4551,13,7.81,7.91,0,0,1,-0.8660254037844386,0.5000000000000001,0
9,3,0,0,1,0,2.08,79.48,69.87,0.5395,22,5.26,18.3,0,0,1,0.7071067811865476,-0.7071067811865475,0
7,2,0,1,1,0,4.29,83.96,60.98,0.4814,25,3.8,46.8,1,0,1,0.9659258262890683,-0.25881904510252063,0
17,3,0,0,0,1,2.71,45.2,39.68,0.6886,26,8.57,26.4,0,0,0,-0.9659258262890683,-0.25881904510252063,0
10,4,0,0,0,0,3.57,44.87,78.86,0.4985,9,5.97,20.0,0,0,0,0.49999999999999994,-0.8660254037844387,0
18,2,0,1,1,0,3.96,60.33,35.34,0.5819,22,2.67,38.2,0,0,0,-1.0,-1.8369701987210297e-16,0
6,6,0,0,0,0,4.74,106.45,42.06,0.6635,10,4.26,5.11,0,0,0,1.0,6.123233995736766e-17,0
3,6,1,1,1,1,0.68,2.93,13.57,0.0193,2,46.42,711.62,0,0,1,0.7071067811865476,0.7071067811865476,1
17,2,0,0,0,0,4.68,22.01,69.24,0.3886,2,3.05,42.89,0,0,0,-0.9659258262890683,-0.25881904510252063,0
9,6,0,1,0,0,2.65,95.71,32.58,0.6675,8,8.26,18.15,0,0,0,0.7071067811865476,-0.7071067811865475,0
15,3,0,1,0,0,0.86,14.25,33.27,0.4725,21,9.77,44.98,0,0,2,-0.7071067811865471,-0.7071067811865479,0
4,1,0,1,1,3,0.69,9.1,93.0,0.1542,1,18.12,462.24,1,1,1,0.8660254037844386,0.5000000000000001,1
11,2,0,0,0,0,4.76,48.29,34.81,0.4704,17,5.03,4.43,0,0,0,0.258819045102521,-0.9659258262890682,0
15,3,0,0,0,0,0.67,66.5,44.91,0.6649,3,6.21,32.06,0,0,1,-0.7071067811865471,-0.7071067811865479,0
16,2,1,0,1,2,0.83,4.66,39.58,0.0639,1,36.08,114.34,1,1,1,-0.8660254037844385,-0.5000000000000004,1
23,5,0,0,0,0,2.26,32.77,69.14,0.4403,27,5.26,47.54,0,0,1,-0.25881904510252157,0.9659258262890681,0
14,2,0,0,0,0,0.87,93.83,33.1,0.3795,19,2.95,13.09,0,0,1,-0.4999999999999997,-0.8660254037844388,0
12,2,0,0,0,0,3.14,42.83,66.74,0.4942,15,8.96,8.82,1,0,1,1.2246467991473532e-16,-1.0,0
16,5,0,1,1,5,0.82,11.14,118.53,0.2169,1,32.95,432.43,1,1,0,-0.8660254037844385,-0.5000000000000004,1
11,5,0,0,0,0,0.86,93.53,74.37,0.4876,8,9.7,42.89,0,0,1,0.258819045102521,-0.9659258262890682,0
7,6,0,0,0,0,3.5,115.22,63.36,0.6363,18,3.0,36.44,1,0,1,0.9659258262890683,-0.25881904510252063,0
18,4,0,0,0,0,2.2,52.24,78.97,0.3298,17,4.87,29.15,0,0,1,-1.0,-1.8369701987210297e-16,0
15,5,0,0,0,0,2.83,17.15,37.28,0.5786,3,7.03,29.41,0,0,0,-0.7071067811865471,-0.7071067811865479,0
22,1,0,0,0,0,1.37,6.73,77.55,0.459,28,3.98,13.65,0,0,1,-0.5000000000000004,0.8660254037844384,0
0,5,0,0,0,0,1.65,27.1,72.2,0.4594,17,3.15,21.11,0,0,1,0.0,1.0,0
12,3,0,0,0,0,1.11,53.39,68.05,0.3653,5,6.88,20.26,0,0,0,1.2246467991473532e-16,-1.0,0
10,2,0,0,0,0,2.92,107.91,79.05,0.6157,11,8.77,24.8,0,0,1,0.49999999999999994,-0.8660254037844387,0
10,4,0,0,0,0,3.61,35.65,43.97,0.4878,16,3.29,40.12,0,0,1,0.49999999999999994,-0.8660254037844387,0
12,0,1,1,0,1,0.03,6.04,50.57,0.0884,2,31.41,437.49,0,1,0,1.2246467991473532e-16,-1.0,1
5,0,1,1,1,3,0.76,9.75,31.06,0.1524,5,17.44,568.55,0,1,1,0.9659258262890683,0.25881904510252074,1
11,2,0,0,0,0,3.08,103.1,44.55,0.6951,17,9.87,15.47,0,0,0,0.258819045102521,-0.9659258262890682,0
23,4,0,1,1,0,3.09,81.4,52.13,0.437,15,3.12,44.1,0,0,1,-0.25881904510252157,0.9659258262890681,0
17,0,1,0,0,2,4.65,100.3,67.32,0.4112,18,6.57,3.67,0,0,2,-0.9659258262890683,-0.25881904510252063,0
16,6,0,0,0,0,4.62,115.63,75.96,0.3015,8,8.18,20.55,0,0,1,-0.8660254037844385,-0.5000000000000004,0
7,5,0,0,0,0,1.64,35.9,75.73,0.4427,12,4.47,22.01,0,0,0,0.9659258262890683,-0.25881904510252063,0
9,3,0,0,0,1,3.75,29.81,51.4,0.5988,9,6.56,24.42,0,0,0,0.7071067811865476,-0.7071067811865475,0
7,1,0,0,0,0,1.06,55.41,59.8,0.5133,5,1.36,38.59,1,0,1,0.9659258262890683,-0.25881904510252063,0
2,3,0,0,0,0,3.91,32.95,77.91,0.6662,4,5.83,6.29,0,0,1,0.49999999999999994,0.8660254037844387,0
4,1,1,1,1,3,0.22,13.92,15.24,0.1569,5,45.17,143.13,0,1,1,0.8660254037844386,0.5000000000000001,1
17,1,0,0,0,0,4.68,93.36,73.89,0.3924,15,5.45,34.63,0,0,0,-0.9659258262890683,-0.25881904510252063,0
10,4,1,1,1,4,0.7,0.73,36.14,0.2506,2,34.97,677.82,0,1,0,0.49999999999999994,-0.8660254037844387,1
2,0,0,0,0,0,3.94,90.54,38.2,0.4601,16,1.97,29.13,0,0,0,0.49999999999999994,0.8660254037844387,0
17,4,0,0,0,0,1.25,66.24,55.8,0.5687,18,8.96,43.46,0,0,1,-0.9659258262890683,-0.25881904510252063,0
0,1,0,0,0,0,2.46,61.5,46.76,0.5566,23,9.39,45.67,0,0,0,0.0,1.0,0
3,3,0,1,1,3,0.15,3.11,118.16,0.0445,4,39.64,338.71,0,1,1,0.7071067811865476,0.7071067811865476,1
13,0,0,0,0,0,4.89,97.65,72.9,0.4914,8,1.15,17.87,0,0,1,-0.2588190451025208,-0.9659258262890683,0
18,3,0,0,0,0,1.29,63.18,56.07,0.427,26,3.24,4.54,1,0,0,-1.0,-1.8369701987210297e-16,0
18,5,0,0,0,0,4.31,28.87,71.77,0.6089,13,5.66,17.92,0,0,0,-1.0,-1.8369701987210297e-16,0
12,2,0,0,1,0,2.33,85.71,42.71,0.5532,30,2.23,33.72,0,0,0,1.2246467991473532e-16,-1.0,0
13,1,0,1,0,0,0.54,27.98,46.0,0.4772,19,4.61,7.28,0,0,2,-0.2588190451025208,-0.9659258262890683,0
16,6,0,0,0,0,2.01,6.56,34.69,0.532,22,7.93,27.22,0,0,1,-0.8660254037844385,-0.5000000000000004,0
3,1,0,1,1,5,0.71,6.39,91.86,0.1577,1,17.0,242.95,1,1,0,0.7071067811865476,0.7071067811865476,1
16,2,0,0,0,0,4.98,104.41,48.39,0.641,4,4.28,26.66,0,0,2,-0.8660254037844385,-0.5000000000000004,0
3,5,1,1,0,0,1.25,96.5,48.03,0.5336,13,3.42,22.24,1,0,0,0.7071067811865476,0.7071067811865476,0
14,6,0,0,0,0,3.52,69.34,37.94,0.4499,29,8.39,9.52,0,0,0,-0.4999999999999997,-0.8660254037844388,0
17,0,0,0,0,2,4.09,61.74,69.34,0.634,18,9.22,37.15,0,0,1,-0.9659258262890683,-0.25881904510252063,0
19,4,0,1,0,0,3.17,57.38,75.46,0.3212,25,3.88,14.97,0,0,1,-0.9659258262890684,0.2588190451025203,0
16,2,0,0,1,0,4.29,41.3,51.39,0.6607,18,7.88,46.73,0,0,1,-0.8660254037844385,-0.5000000000000004,0
22,6,1,1,1,3,0.06,2.71,21.37,0.1355,1,43.83,458.78,0,1,0,-0.5000000000000004,0.8660254037844384,1
6,1,0,0,0,0,4.79,92.09,41.76,0.6444,4,4.16,2.96,0,0,0,1.0,6.123233995736766e-17,0
12,2,0,1,1,4,0.43,5.93,39.39,0.1997,5,13.05,132.01,0,1,0,1.2246467991473532e-16,-1.0,1
15,0,0,0,0,0,3.72,114.85,40.66,0.5715,26,6.41,4.62,0,0,1,-0.7071067811865471,-0.7071067811865479,0
19,0,0,0,0,0,0.7,110.67,36.1,0.5494,14,7.67,6.05,0,0,0,-0.9659258262890684,0.2588190451025203,0
0,2,1,0,1,2,0.37,10.58,101.31,0.2848,4,19.02,150.8,1,1,2,0.0,1.0,1
17,2,0,0,0,0,3.23,52.7,72.02,0.6527,23,5.56,18.9,1,0,0,-0.9659258262890683,-0.25881904510252063,0
17,2,0,0,0,1,4.67,22.94,77.44,0.6761,18,2.52,15.37,0,0,0,-0.9659258262890683,-0.25881904510252063,0
8,1,1,0,0,1,2.51,82.94,38.71,0.3228,2,3.7,16.56,0,0,1,0.8660254037844387,-0.4999999999999998,0
9,0,0,1,1,0,4.32,43.07,40.64,0.6523,2,3.55,27.29,0,0,1,0.7071067811865476,-0.7071067811865475,0
7,4,0,0,0,1,1.41,82.98,69.12,0.6584,28,6.52,16.15,0,0,0,0.9659258262890683,-0.25881904510252063,0
18,2,0,0,0,0,3.52,34.34,42.98,0.3761,14,2.93,37.54,0,0,2,-1.0,-1.8369701987210297e-16,0
20,0,0,0,0,0,1.21,22.57,60.43,0.3585,11,3.36,0.71,0,0,0,-0.8660254037844386,0.5000000000000001,0
15,1,0,0,0,0,2.31,76.92,46.34,0.4499,18,9.18,29.15,0,0,1,-0.7071067811865471,-0.7071067811865479,0
17,4,0,0,0,0,1.95,45.88,74.22,0.437,24,2.05,41.06,0,0,0,-0.9659258262890683,-0.25881904510252063,0
2,0,0,1,1,2,0.47,6.31,35.49,0.1148,4,47.88,420.26,0,1,1,0.49999999999999994,0.8660254037844387,1
12,0,0,0,0,0,1.9,111.94,64.32,0.6917,22,2.36,20.57,0,0,0,1.2246467991473532e-16,-1.0,0
19,5,0,0,0,0,2.38,65.8,70.14,0.4422,27,2.27,35.31,0,0,1,-0.9659258262890684,0.2588190451025203,0
16,5,0,0,0,0,1.26,49.49,62.19,0.5076,9,1.85,3.88,0,0,1,-0.8660254037844385,-0.5000000000000004,0
13,2,0,0,0,0,4.19,103.75,61.73,0.4665,7,1.26,27.39,1,0,0,-0.2588190451025208,-0.9659258262890683,0
6,0,0,0,0,0,3.78,18.7,54.51,0.4426,22,3.13,21.73,0,0,1,1.0,6.123233995736766e-17,0
19,4,0,0,0,0,4.54,21.0,47.97,0.59,16,3.54,1.82,1,0,1,-0.9659258262890684,0.2588190451025203,0
9,0,0,0,0,0,2.01,86.57,52.51,0.4624,28,1.07,45.8,1,0,1,0.7071067811865476,-0.7071067811865475,0
7,2,0,0,0,1,4.68,61.51,42.59,0.3848,24,1.81,46.46,0,0,0,0.9659258262890683,-0.25881904510252063,0
13,2,0,0,0,0,1.94,76.89,30.62,0.4486,24,5.57,12.19,0,0,0,-0.2588190451025208,-0.9659258262890683,0
16,4,0,0,0,0,2.41,8.03,50.83,0.4872,19,7.94,12.64,1,0,1,-0.8660254037844385,-0.5000000000000004,0
13,1,0,0,0,0,4.39,71.1,36.53,0.3694,26,7.27,20.73,0,0,0,-0.2588190451025208,-0.9659258262890683,0
17,5,0,1,0,0,3.09,29.82,31.86,0.603,10,3.78,31.79,0,0,1,-0.9659258262890683,-0.25881904510252063,0
15,4,0,1,0,1,0.89,68.45,48.87,0.4206,13,7.95,4.66,0,0,1,-0.7071067811865471,-0.7071067811865479,0
1,3,1,1,0,4,0.5,7.4,43.36,0.2163,2,45.76,172.39,1,1,1,0.25881904510252074,0.9659258262890683,1
9,5,0,0,1,1,2.01,66.57,71.83,0.5552,17,1.25,35.18,0,0,0,0.7071067811865476,-0.7071067811865475,0
20,3,0,0,0,0,3.19,59.67,51.24,0.3098,11,5.71,21.46,0,0,0,-0.8660254037844386,0.5000000000000001,0
6,6,0,0,0,1,0.88,85.24,66.62,0.4665,9,2.56,19.13,1,0,2,1.0,6.123233995736766e-17,0
12,5,0,0,0,0,4.51,35.29,33.75,0.6983,10,6.14,23.41,0,0,1,1.2246467991473532e-16,-1.0,0
4,1,0,1,1,4,0.79,2.06,99.08,0.2741,3,12.67,290.97,0,1,0,0.8660254037844386,0.5000000000000001,1
0,1,1,1,0,4,0.62,8.33,106.67,0.0696,4,38.66,503.76,0,0,1,0.0,1.0,1
12,6,0,0,0,0,3.78,111.03,56.25,0.3408,28,8.43,38.56,0,0,2,1.2246467991473532e-16,-1.0,0
19,0,0,0,0,0,2.8,61.89,49.05,0.3689,23,4.34,22.01,0,0,0,-0.9659258262890684,0.2588190451025203,0
1,4,1,1,1,0,0.43,14.27,98.5,0.0014,4,44.86,189.2,1,1,1,0.25881904510252074,0.9659258262890683,1
9,3,0,0,0,0,3.64,36.64,71.83,0.5684,24,4.82,41.77,0,0,2,0.7071067811865476,-0.7071067811865475,0
16,5,0,0,0,0,3.71,93.01,75.05,0.4072,24,6.7,12.29,0,0,1,-0.8660254037844385,-0.5000000000000004,0
20,3,0,0,0,0,4.83,101.58,61.38,0.5679,15,3.04,27.77,0,0,0,-0.8660254037844386,0.5000000000000001,0
10,1,0,0,1,0,2.94,41.49,33.57,0.4972,20,1.37,13.94,1,0,1,0.49999999999999994,-0.8660254037844387,0
6,2,0,1,0,0,2.59,35.93,63.66,0.4943,27,1.04,37.55,0,0,1,1.0,6.123233995736766e-17,0
21,5,0,0,0,0,2.58,115.77,65.78,0.3307,7,5.37,35.06,0,0,1,-0.7071067811865477,0.7071067811865474,0
13,4,1,1,1,1,0.58,8.11,128.39,0.2415,4,38.01,284.28,1,1,2,-0.2588190451025208,-0.9659258262890683,1
6,5,1,1,1,1,0.53,3.64,81.1,0.2379,2,41.27,356.87,0,0,1,1.0,6.123233995736766e-17,1
7,2,0,0,0,0,2.47,75.07,66.81,0.5097,20,6.36,16.14,0,0,0,0.9659258262890683,-0.25881904510252063,0
12,2,0,1,0,0,0.69,49.25,59.17,0.5599,2,7.26,25.56,0,0,1,1.2246467991473532e-16,-1.0,0
8,2,0,0,0,0,2.0,77.22,71.04,0.5718,10,3.06,38.51,0,0,1,0.8660254037844387,-0.4999999999999998,0
15,4,0,0,0,0,1.7,76.88,40.7,0.4334,18,9.5,33.78,0,0,0,-0.7071067811865471,-0.7071067811865479,0
4,3,0,0,1,2,0.8,11.76,145.17,0.1579,1,47.64,370.15,1,1,1,0.8660254037844386,0.5000000000000001,1
14,0,0,0,0,1,2.23,22.09,56.49,0.3818,19,8.73,15.4,0,0,0,-0.4999999999999997,-0.8660254037844388,0
16,6,0,0,0,0,4.51,37.72,58.4,0.6282,12,3.81,17.64,0,0,2,-0.8660254037844385,-0.5000000000000004,0
9,2,0,0,0,0,3.86,57.94,74.14,0.3578,3,6.01,30.08,0,0,0,0.7071067811865476,-0.7071067811865475,0
16,6,0,0,0,0,4.38,94.96,78.27,0.5765,27,3.9,14.24,1,0,1,-0.8660254037844385,-0.5000000000000004,0
14,3,0,0,0,0,1.53,51.92,42.88,0.588,27,2.29,24.97,0,0,1,-0.4999999999999997,-0.8660254037844388,0
10,5,0,0,0,0,4.84,82.24,60.8,0.4597,3,1.87,36.43,0,0,1,0.49999999999999994,-0.8660254037844387,0
7,0,0,0,0,0,4.52,21.74,51.34,0.6765,20,3.11,43.76,1,0,1,0.9659258262890683,-0.25881904510252063,0
12,4,0,0,0,1,4.59,97.02,34.24,0.3837,15,1.22,26.07,0,0,1,1.2246467991473532e-16,-1.0,0
19,0,0,0,0,0,1.82,52.43,40.23,0.3063,3,8.46,44.89,0,0,2,-0.9659258262890684,0.2588190451025203,0
14,6,0,0,1,1,3.9,114.55,48.04,0.3921,24,4.64,30.35,0,0,0,-0.4999999999999997,-0.8660254037844388,0
7,5,0,0,0,0,1.13,23.38,32.08,0.6072,29,4.41,38.79,0,0,1,0.9659258262890683,-0.25881904510252063,0
16,0,0,0,0,1,4.54,104.87,51.45,0.6384,16,8.08,35.67,0,0,0,-0.8660254037844385,-0.5000000000000004,0
13,4,0,0,0,0,3.51,64.34,78.82,0.4005,30,5.96,14.0,0,0,0,-0.2588190451025208,-0.9659258262890683,0
0,4,0,0,0,0,0.71,86.52,74.38,0.3122,5,7.49,30.83,0,0,1,0.0,1.0,0
19,1,0,0,0,1,2.65,105.43,74.97,0.696,12,6.97,24.99,0,0,0,-0.9659258262890684,0.2588190451025203,0
7,5,0,0,0,0,1.26,17.99,58.29,0.4574,10,9.68,22.05,0,0,0,0.9659258262890683,-0.25881904510252063,0
22,2,0,0,0,0,3.35,113.75,42.25,0.3738,16,2.8,41.37,0,0,1,-0.5000000000000004,0.8660254037844384,0
8,0,0,0,1,0,4.89,45.46,71.87,0.5798,14,9.52,25.71,1,0,0,0.8660254037844387,-0.4999999999999998,0
5,0,0,0,0,0,3.9,42.41,63.44,0.357,4,1.52,7.82,0,0,0,0.9659258262890683,0.25881904510252074,0
21,2,1,1,1,2,0.8,6.52,136.75,0.0207,1,12.07,435.53,1,1,1,-0.7071067811865477,0.7071067811865474,1
5,6,0,1,1,2,0.54,2.11,67.81,0.0875,1,48.29,127.5,0,1,1,0.9659258262890683,0.25881904510252074,1
9,0,0,0,0,0,0.65,27.85,43.52,0.5962,24,5.1,30.42,0,0,1,0.7071067811865476,-0.7071067811865475,0
17,5,0,0,0,0,2.02,104.77,60.14,0.4594,28,7.63,35.51,0,0,1,-0.9659258262890683,-0.25881904510252063,0
0,3,1,1,1,3,0.27,14.08,44.17,0.1889,5,33.46,390.6,1,0,1,0.0,1.0,1
10,1,0,0,0,0,3.39,97.15,54.67,0.6133,20,7.46,43.81,0,0,1,0.49999999999999994,-0.8660254037844387,0
9,0,0,0,0,0,0.6,46.69,36.54,0.3445,18,7.94,34.75,1,0,0,0.7071067811865476,-0.7071067811865475,0
18,3,0,0,0,0,0.64,86.96,52.86,0.4392,30,3.49,21.41,1,0,2,-1.0,-1.8369701987210297e-16,0
7,0,0,0,0,0,4.1,97.25,33.41,0.414,26,1.05,19.98,0,0,0,0.9659258262890683,-0.25881904510252063,0
14,0,1,1,1,4,0.34,5.98,114.07,0.1033,2,37.11,536.46,1,1,0,-0.4999999999999997,-0.8660254037844388,1
9,3,0,0,0,0,1.72,77.98,75.72,0.3284,13,1.87,13.99,0,0,1,0.7071067811865476,-0.7071067811865475,0
13,3,0,0,1,0,1.37,66.58,75.07,0.4258,13,4.8,29.4,0,0,0,-0.2588190451025208,-0.9659258262890683,0
19,4,0,0,0,0,4.68,77.97,75.06,0.6477,15,3.41,19.62,0,0,1,-0.9659258262890684,0.2588190451025203,0
6,3,1,1,1,1,0.18,4.11,96.48,0.1981,4,41.15,547.16,0,0,2,1.0,6.123233995736766e-17,1
12,4,1,1,1,3,0.43,7.22,79.77,0.1329,5,46.8,299.98,0,1,2,1.2246467991473532e-16,-1.0,1
10,1,0,0,0,1,3.59,106.77,45.91,0.4436,26,9.27,24.03,0,0,0,0.49999999999999994,-0.8660254037844387,0
17,6,0,0,0,0,4.34,55.92,48.95,0.5734,28,9.09,45.46,0,0,1,-0.9659258262890683,-0.25881904510252063,0
19,6,0,0,0,0,2.61,89.31,42.25,0.3322,13,3.75,4.87,0,0,0,-0.9659258262890684,0.2588190451025203,0
16,0,0,0,0,0,3.78,81.52,74.25,0.6192,19,7.63,32.68,0,0,0,-0.8660254037844385,-0.5000000000000004,0
4,4,1,1,1,2,0.7,14.93,14.9,0.1763,1,37.85,656.37,0,1,1,0.8660254037844386,0.5000000000000001,1
18,5,0,0,0,0,1.52,75.48,48.52,0.5352,8,9.25,29.07,0,0,1,-1.0,-1.8369701987210297e-16,0
8,2,0,0,0,0,1.58,23.92,30.57,0.4075,5,9.54,7.9,0,0,0,0.8660254037844387,-0.4999999999999998,0
17,6,0,0,0,0,4.26,90.17,52.69,0.4238,4,3.12,10.34,0,0,1,-0.9659258262890683,-0.25881904510252063,0
19,1,0,0,0,2,2.23,60.18,46.21,0.5175,26,6.96,19.52,0,0,1,-0.9659258262890684,0.2588190451025203,0
14,3,0,0,0,0,0.68,65.29,66.39,0.647,30,5.95,13.66,0,0,1,-0.4999999999999997,-0.8660254037844388,0
14,5,0,0,0,0,2.56,89.6,57.73,0.3446,4,2.61,26.3,0,0,2,-0.4999999999999997,-0.8660254037844388,0
12,5,0,1,0,0,2.5,87.6,41.69,0.305,27,7.13,42.96,0,0,0,1.2246467991473532e-16,-1.0,0
2,4,1,1,1,2,0.6,1.22,45.37,0.0786,4,10.44,655.79,1,1,1,0.49999999999999994,0.8660254037844387,1
22,5,0,0,0,0,3.59,22.72,40.33,0.4175,25,7.77,22.19,0,0,0,-0.5000000000000004,0.8660254037844384,0
13,3,0,0,0,0,0.75,68.59,52.34,0.4202,4,1.43,43.35,0,0,2,-0.2588190451025208,-0.9659258262890683,0
3,0,0,1,1,1,0.6,1.36,32.23,0.2691,5,20.79,509.88,1,1,1,0.7071067811865476,0.7071067811865476,1
11,6,0,0,0,0,3.51,25.97,30.26,0.4565,12,3.22,28.04,0,0,0,0.258819045102521,-0.9659258262890682,0
18,2,0,0,0,0,2.11,65.46,42.32,0.4855,4,4.81,22.73,0,0,0,-1.0,-1.8369701987210297e-16,0
3,6,0,1,1,2,0.33,13.76,94.13,0.2012,1,21.74,417.83,0,1,1,0.7071067811865476,0.7071067811865476,1
15,3,0,0,1,0,4.5,10.05,58.02,0.3577,11,5.06,15.9,0,0,1,-0.7071067811865471,-0.7071067811865479,0
8,6,0,0,0,0,3.26,23.22,62.56,0.6419,28,1.32,24.53,0,0,1,0.8660254037844387,-0.4999999999999998,0
13,5,0,0,0,0,3.68,51.28,51.17,0.3262,20,1.57,22.29,0,0,1,-0.2588190451025208,-0.9659258262890683,0
15,2,0,0,0,0,4.41,61.79,60.36,0.3405,26,3.46,24.52,0,0,1,-0.7071067811865471,-0.7071067811865479,0
3,2,0,0,0,0,0.65,16.22,56.84,0.6499,22,4.55,15.14,0,0,0,0.7071067811865476,0.7071067811865476,0
22,2,0,1,1,5,0.59,6.31,124.07,0.2151,1,47.24,301.15,1,1,1,-0.5000000000000004,0.8660254037844384,1
13,3,0,0,0,0,0.86,73.18,75.97,0.3136,5,3.78,30.75,0,0,1,-0.2588190451025208,-0.9659258262890683,0
12,6,0,0,0,0,4.57,78.55,32.57,0.6615,14,5.86,35.12,0,0,1,1.2246467991473532e-16,-1.0,0
16,3,0,0,0,0,3.48,59.43,63.06,0.4033,30,2.08,15.85,0,0,0,-0.8660254037844385,-0.5000000000000004,0
11,2,0,0,0,1,2.75,43.65,43.89,0.3207,9,9.97,30.5,0,0,0,0.258819045102521,-0.9659258262890682,0
15,5,0,0,0,0,2.07,116.01,59.03,0.6701,23,5.23,16.56,0,0,1,-0.7071067811865471,-0.7071067811865479,0
10,4,0,0,0,1,3.71,74.58,62.86,0.5677,24,8.53,8.23,0,0,0,0.49999999999999994,-0.8660254037844387,0
14,6,0,0,0,0,1.59,70.79,73.73,0.5544,27,9.52,9.01,0,0,1,-0.4999999999999997,-0.8660254037844388,0
6,6,1,0,0,0,1.66,25.81,38.75,0.4333,27,4.73,5.83,0,0,1,1.0,6.123233995736766e-17,0
22,5,0,0,0,0,4.32,85.12,65.21,0.5084,22,8.42,31.51,0,0,2,-0.5000000000000004,0.8660254037844384,0
6,6,1,1,1,1,0.46,1.08,42.37,0.1694,5,20.08,659.88,0,0,2,1.0,6.123233995736766e-17,1
18,5,1,0,0,0,2.37,13.53,73.07,0.3343,14,5.76,7.06,1,0,0,-1.0,-1.8369701987210297e-16,0
19,1,0,0,0,0,2.0,109.94,72.87,0.6379,20,2.23,27.09,1,0,0,-0.9659258262890684,0.2588190451025203,0
10,3,0,0,1,1,1.59,70.59,42.99,0.68,11,2.8,19.49,1,0,2,0.49999999999999994,-0.8660254037844387,0
10,2,0,0,0,0,1.09,119.87,77.34,0.4717,5,3.43,47.08,0,0,1,0.49999999999999994,-0.8660254037844387,0
9,6,0,0,0,0,4.39,65.35,78.89,0.4421,11,2.68,23.21,0,0,1,0.7071067811865476,-0.7071067811865475,0
4,6,1,1,1,2,0.85,1.88,115.65,0.2853,4,24.82,222.33,0,1,1,0.8660254037844386,0.5000000000000001,1
15,5,0,0,1,0,3.53,93.64,70.11,0.6946,7,8.89,36.5,0,0,0,-0.7071067811865471,-0.7071067811865479,0
22,0,0,0,0,0,4.7,75.26,51.66,0.5742,28,5.8,41.64,0,0,1,-0.5000000000000004,0.8660254037844384,0
13,2,0,0,0,0,0.69,106.28,77.46,0.4033,26,5.04,35.83,0,0,0,-0.2588190451025208,-0.9659258262890683,0
10,0,0,0,0,0,3.01,60.53,44.89,0.3307,29,5.16,34.96,0,0,1,0.49999999999999994,-0.8660254037844387,0
11,0,0,0,0,0,1.71,48.28,77.66,0.4518,24,7.85,23.01,0,0,1,0.258819045102521,-0.9659258262890682,0
16,3,0,0,0,0,4.19,27.7,32.56,0.3605,23,2.64,39.16,0,0,1,-0.8660254037844385,-0.5000000000000004,0
8,3,0,0,0,1,1.1,21.6,48.07,0.6348,20,1.98,3.32,0,0,1,0.8660254037844387,-0.4999999999999998,0
18,4,0,0,0,0,1.13,25.74,62.36,0.599,20,8.34,36.16,0,0,1,-1.0,-1.8369701987210297e-16,0
4,0,1,1,1,2,0.71,6.78,45.72,0.1965,2,20.12,608.12,0,1,1,0.8660254037844386,0.5000000000000001,1
17,5,0,0,0,0,1.26,21.34,72.26,0.6926,27,6.81,9.95,0,0,1,-0.9659258262890683,-0.25881904510252063,0
9,4,0,0,0,0,2.67,46.0,74.19,0.598,3,5.96,20.45,0,0,1,0.7071067811865476,-0.7071067811865475,0
2,0,1,0,0,0,2.58,18.65,59.29,0.521,6,1.6,7.3,0,0,1,0.49999999999999994,0.8660254037844387,0
18,1,0,0,0,0,4.53,35.33,67.75,0.3372,22,4.21,38.41,0,0,2,-1.0,-1.8369701987210297e-16,0
1,3,1,1,1,2,0.07,3.09,61.29,0.1784,2,45.38,495.33,0,1,0,0.25881904510252074,0.9659258262890683,1
14,1,0,0,0,0,1.44,94.76,48.13,0.5309,14,2.38,22.11,0,0,1,-0.4999999999999997,-0.8660254037844388,0
14,1,0,0,0,0,3.57,44.83,44.81,0.3144,5,1.76,3.96,0,0,0,-0.4999999999999997,-0.8660254037844388,0
14,3,0,0,0,1,1.3,22.02,42.55,0.5115,27,8.32,32.19,0,0,0,-0.4999999999999997,-0.8660254037844388,0
7,6,0,0,0,0,1.46,87.36,65.15,0.3611,2,2.81,43.05,0,0,0,0.9659258262890683,-0.25881904510252063,0
5,5,0,0,0,2,4.61,35.99,45.51,0.5037,16,5.63,34.8,0,0,1,0.9659258262890683,0.25881904510252074,0
4,1,0,0,1,0,2.68,81.56,57.38,0.4577,5,3.32,12.54,0,0,1,0.8660254037844386,0.5000000000000001,0
13,4,0,0,0,0,3.14,87.3,34.82,0.3454,5,7.77,1.03,0,0,0,-0.2588190451025208,-0.9659258262890683,0
7,1,1,1,1,2,0.02,3.86,93.38,0.1597,4,37.62,667.59,1,1,0,0.9659258262890683,-0.25881904510252063,1
19,4,1,0,0,0,2.16,108.9,40.26,0.5281,21,9.27,29.95,0,0,0,-0.9659258262890684,0.2588190451025203,0
7,5,1,1,1,2,0.48,13.61,148.71,0.0364,1,38.02,247.36,0,1,1,0.9659258262890683,-0.25881904510252063,1
9,2,1,0,0,2,3.42,85.36,63.65,0.3474,18,2.6,24.32,0,0,1,0.7071067811865476,-0.7071067811865475,0
16,5,1,0,0,0,4.51,72.7,72.35,0.4249,2,6.73,28.24,0,0,2,-0.8660254037844385,-0.5000000000000004,0
12,1,0,0,0,0,4.39,33.49,37.52,0.3623,25,2.14,29.58,0,0,1,1.2246467991473532e-16,-1.0,0
13,4,0,0,0,0,1.13,78.08,62.64,0.3545,9,9.32,21.3,0,0,2,-0.2588190451025208,-0.9659258262890683,0
13,4,0,0,0,0,4.1,92.21,59.54,0.5164,25,6.9,12.83,0,0,1,-0.2588190451025208,-0.9659258262890683,0
18,2,0,0,0,0,1.7,9.29,42.49,0.5583,29,4.61,9.08,0,0,1,-1.0,-1.8369701987210297e-16,0
18,3,0,0,1,1,3.23,29.46,72.97,0.5525,11,6.63,3.05,0,0,1,-1.0,-1.8369701987210297e-16,0
3,2,1,1,1,2,0.28,1.83,93.37,0.2304,2,30.15,495.12,1,1,0,0.7071067811865476,0.7071067811865476,1
3,0,0,0,0,0,4.78,17.27,37.53,0.4632,28,8.27,2.7,0,0,1,0.7071067811865476,0.7071067811865476,0
10,6,0,0,0,0,2.75,75.81,49.34,0.5701,6,6.99,44.51,0,0,0,0.49999999999999994,-0.8660254037844387,0
14,0,0,0,0,0,1.98,58.12,35.58,0.6817,13,9.96,28.5,0,0,1,-0.4999999999999997,-0.8660254037844388,0
3,5,1,1,1,4,0.98,4.45,116.79,0.1186,2,10.53,270.88,1,1,0,0.7071067811865476,0.7071067811865476,1
10,1,0,0,1,0,1.26,61.55,46.35,0.4284,18,4.93,41.31,0,0,1,0.49999999999999994,-0.8660254037844387,0
17,1,0,0,0,0,2.36,26.37,36.08,0.3824,2,4.99,29.54,0,0,0,-0.9659258262890683,-0.25881904510252063,0
12,5,0,0,0,0,0.62,65.93,73.53,0.6248,17,6.84,26.22,1,0,0,1.2246467991473532e-16,-1.0,0
12,5,1,0,0,0,3.23,92.05,54.42,0.3057,20,2.87,16.19,0,0,1,1.2246467991473532e-16,-1.0,0
21,6,0,0,0,2,2.35,73.24,35.05,0.6407,8,8.4,2.93,0,0,1,-0.7071067811865477,0.7071067811865474,0
16,3,0,0,0,0,3.03,100.91,76.52,0.3266,3,6.06,36.31,0,0,0,-0.8660254037844385,-0.5000000000000004,0
13,0,0,0,0,0,0.79,103.82,33.93,0.6839,30,6.98,16.63,0,0,1,-0.2588190451025208,-0.9659258262890683,0
15,5,1,1,1,3,0.22,14.22,104.88,0.1437,5,34.95,525.68,1,1,1,-0.7071067811865471,-0.7071067811865479,1
20,3,0,0,0,0,3.72,48.17,31.03,0.5992,21,9.42,38.86,0,0,0,-0.8660254037844386,0.5000000000000001,0
18,5,0,0,0,0,1.08,76.49,38.59,0.6454,16,7.82,20.84,0,0,2,-1.0,-1.8369701987210297e-16,0
7,1,0,0,0,0,4.77,112.09,36.04,0.3583,29,1.67,46.28,0,0,0,0.9659258262890683,-0.25881904510252063,0
8,6,0,0,1,0,4.32,72.63,66.29,0.399,30,5.74,12.47,0,0,0,0.8660254037844387,-0.4999999999999998,0
17,4,0,0,0,0,1.47,9.77,66.49,0.6726,21,4.39,27.82,0,0,2,-0.9659258262890683,-0.25881904510252063,0
22,2,0,1,0,0,1.93,33.32,57.24,0.4495,7,1.54,28.5,0,0,1,-0.5000000000000004,0.8660254037844384,0
15,3,1,0,0,0,0.94,13.36,75.83,0.6889,11,8.83,14.14,0,0,0,-0.7071067811865471,-0.7071067811865479,0
5,2,0,0,0,1,2.41,24.92,69.66,0.4422,6,8.04,38.76,0,0,0,0.9659258262890683,0.25881904510252074,0
18,4,0,0,0,0,4.24,51.94,37.13,0.5467,19,9.61,19.91,0,0,0,-1.0,-1.8369701987210297e-16,0
21,2,0,0,0,0,2.62,11.69,69.25,0.3141,18,6.47,27.67,0,0,0,-0.7071067811865477,0.7071067811865474,0
8,3,0,0,0,0,1.01,92.66,42.06,0.5695,18,1.57,20.7,0,0,1,0.8660254037844387,-0.4999999999999998,0
22,3,0,0,0,0,3.4,119.8,41.3,0.3654,4,7.17,19.85,0,0,1,-0.5000000000000004,0.8660254037844384,0
13,0,0,0,0,0,1.19,48.57,68.93,0.6236,3,8.16,6.51,0,0,0,-0.2588190451025208,-0.9659258262890683,0
22,4,0,0,1,0,2.62,116.72,48.8,0.4567,8,9.21,44.44,0,0,0,-0.5000000000000004,0.8660254037844384,0
13,0,1,0,0,0,1.59,74.42,30.2,0.4196,29,7.34,36.76,0,0,1,-0.2588190451025208,-0.9659258262890683,0
4,4,0,0,0,0,3.89,5.36,53.97,0.6344,30,6.82,5.69,0,0,2,0.8660254037844386,0.5000000000000001,0
3,6,1,1,1,3,0.83,10.33,123.89,0.2777,2,16.56,157.03,0,1,1,0.7071067811865476,0.7071067811865476,1
4,2,1,1,1,3,0.84,10.26,61.82,0.2631,1,28.85,120.42,1,1,0,0.8660254037844386,0.5000000000000001,1
2,0,1,1,0,4,0.2,14.85,93.1,0.2564,2,43.49,218.86,1,0,1,0.49999999999999994,0.8660254037844387,1
1,4,1,1,1,1,0.26,7.61,68.58,0.1986,2,17.94,431.54,1,0,0,0.25881904510252074,0.9659258262890683,1
19,2,0,0,0,0,1.13,22.79,39.99,0.4698,8,1.71,18.29,0,0,1,-0.9659258262890684,0.2588190451025203,0
13,2,0,1,0,3,0.34,6.53,79.09,0.2515,4,25.45,421.46,0,0,0,-0.2588190451025208,-0.9659258262890683,1
15,3,0,0,0,1,4.85,72.67,44.44,0.3084,29,3.75,45.3,0,0,2,-0.7071067811865471,-0.7071067811865479,0
8,4,0,0,0,1,1.59,25.41,63.18,0.4384,3,9.91,42.46,0,0,0,0.8660254037844387,-0.4999999999999998,0
13,3,0,0,0,0,3.31,105.07,38.61,0.5915,2,4.38,13.31,0,0,1,-0.2588190451025208,-0.9659258262890683,0
19,3,0,0,0,0,1.53,40.29,65.67,0.5594,11,6.54,9.41,0,0,1,-0.9659258262890684,0.2588190451025203,0
10,2,0,0,0,2,1.09,26.22,35.88,0.4465,3,5.01,36.15,0,0,2,0.49999999999999994,-0.8660254037844387,0
15,6,0,0,0,0,0.59,69.86,59.82,0.5016,30,6.59,16.79,0,0,0,-0.7071067811865471,-0.7071067811865479,0
19,1,0,0,0,0,4.49,11.53,38.7,0.5431,8,5.38,47.14,0,0,1,-0.9659258262890684,0.2588190451025203,0
21,1,0,0,0,0,3.55,105.87,43.62,0.6871,5,5.73,21.06,0,0,0,-0.7071067811865477,0.7071067811865474,0
16,5,0,1,0,0,2.45,57.26,33.68,0.6818,18,1.52,1.41,0,0,1,-0.8660254037844385,-0.5000000000000004,0
6,1,0,0,0,2,2.97,22.34,75.12,0.4415,19,2.85,4.16,0,0,1,1.0,6.123233995736766e-17,0
4,5,1,1,1,1,0.57,7.41,16.53,0.0401,3,31.07,105.71,1,0,1,0.8660254037844386,0.5000000000000001,1
11,3,0,0,0,0,4.33,114.06,55.94,0.527,17,2.67,6.28,0,0,1,0.258819045102521,-0.9659258262890682,0
14,0,0,0,0,0,3.25,70.33,57.3,0.3776,9,6.25,5.17,1,0,0,-0.4999999999999997,-0.8660254037844388,0
21,0,0,0,0,0,0.89,69.75,74.2,0.672,26,9.71,14.94,0,0,1,-0.7071067811865477,0.7071067811865474,0
21,1,0,0,0,0,1.63,72.03,48.36,0.3659,6,5.44,13.05,0,0,0,-0.7071067811865477,0.7071067811865474,0
10,3,0,1,0,0,0.88,113.76,59.7,0.5448,21,4.94,44.02,0,0,0,0.49999999999999994,-0.8660254037844387,0
13,4,0,0,0,0,4.63,36.28,75.3,0.3169,26,8.77,45.91,0,0,1,-0.2588190451025208,-0.9659258262890683,0
14,3,0,0,0,0,4.56,43.43,45.89,0.6724,17,2.56,7.04,0,0,0,-0.4999999999999997,-0.8660254037844388,0
17,0,0,0,0,0,4.79,31.01,63.09,0.3267,27,2.84,24.29,0,0,0,-0.9659258262890683,-0.25881904510252063,0
10,6,0,0,0,0,2.75,84.14,70.54,0.5925,17,1.43,39.54,0,0,0,0.49999999999999994,-0.8660254037844387,0
20,5,1,0,1,4,0.8,4.43,138.91,0.2887,5,48.08,677.13,1,1,1,-0.8660254037844386,0.5000000000000001,1
3,3,0,0,0,0,2.6,46.04,60.72,0.3438,16,3.97,16.77,0,0,1,0.7071067811865476,0.7071067811865476,0
1,2,0,1,1,2,0.33,14.46,19.19,0.2866,3,36.68,517.79,0,1,0,0.25881904510252074,0.9659258262890683,1
8,0,0,0,0,0,3.66,26.99,58.91,0.6851,26,2.57,27.93,0,0,1,0.8660254037844387,-0.4999999999999998,0
15,4,0,0,0,0,2.63,34.18,36.32,0.4609,20,7.98,32.97,0,0,1,-0.7071067811865471,-0.7071067811865479,0
12,3,0,0,0,0,4.95,11.6,58.85,0.692,23,1.69,2.29,0,0,2,1.2246467991473532e-16,-1.0,0
16,5,0,0,1,0,1.93,84.42,72.9,0.3322,16,6.34,33.4,0,0,0,-0.8660254037844385,-0.5000000000000004,0
11,6,0,0,0,0,1.73,61.82,50.94,0.3119,10,6.83,26.71,0,0,1,0.258819045102521,-0.9659258262890682,0
16,0,1,0,1,3,0.58,11.34,59.88,0.0467,1,23.88,369.11,1,0,1,-0.8660254037844385,-0.5000000000000004,1
2,4,0,0,0,0,0.7,36.64,70.12,0.4431,20,5.73,44.74,0,0,1,0.49999999999999994,0.8660254037844387,0
21,6,0,0,1,0,1.31,60.37,34.44,0.5637,16,4.93,38.21,0,0,1,-0.7071067811865477,0.7071067811865474,0
17,2,0,0,0,0,1.08,68.44,69.75,0.5692,3,9.51,45.06,0,0,0,-0.9659258262890683,-0.25881904510252063,0
16,0,0,0,0,0,0.65,44.89,56.61,0.6114,30,4.67,18.93,0,0,1,-0.8660254037844385,-0.5000000000000004,0
11,3,0,0,0,0,1.81,11.7,45.13,0.6236,15,5.6,12.73,0,0,1,0.258819045102521,-0.9659258262890682,0
14,5,0,0,0,0,3.35,74.32,30.25,0.6644,25,2.39,1.69,0,0,0,-0.4999999999999997,-0.8660254037844388,0
23,3,0,0,0,0,3.18,79.44,73.9,0.5071,10,2.0,38.27,0,0,1,-0.25881904510252157,0.9659258262890681,0
15,1,0,0,0,0,1.51,89.1,38.64,0.3097,17,5.22,42.01,0,0,0,-0.7071067811865471,-0.7071067811865479,0
13,5,0,0,0,0,2.12,23.8,77.08,0.5,16,8.69,28.99,0,0,0,-0.2588190451025208,-0.9659258262890683,0
8,5,0,0,0,0,2.61,24.48,69.44,0.364,17,5.69,1.32,0,0,2,0.8660254037844387,-0.4999999999999998,0
14,2,0,1,1,5,0.75,11.68,126.93,0.062,4,29.37,147.51,1,1,1,-0.4999999999999997,-0.8660254037844388,1
10,5,0,0,0,0,2.72,53.96,77.94,0.4228,23,6.57,18.62,0,0,1,0.49999999999999994,-0.8660254037844387,0
5,6,1,1,1,2,0.27,14.6,19.49,0.1548,2,21.92,398.77,0,1,1,0.9659258262890683,0.25881904510252074,1
16,0,0,0,0,0,2.73,41.42,38.83,0.5775,21,4.75,44.44,1,0,1,-0.8660254037844385,-0.5000000000000004,0
15,2,0,0,0,0,3.96,61.14,38.17,0.6491,9,9.25,41.21,1,0,1,-0.7071067811865471,-0.7071067811865479,0
15,4,0,0,0,0,3.6,80.73,33.54,0.5498,16,3.44,42.37,0,0,0,-0.7071067811865471,-0.7071067811865479,0
14,6,1,1,0,0,4.52,54.51,49.15,0.5577,2,6.02,46.46,0,0,0,-0.4999999999999997,-0.8660254037844388,0
16,0,1,1,1,3,0.62,2.57,141.54,0.1185,4,22.13,266.14,0,1,2,-0.8660254037844385,-0.5000000000000004,1
13,2,1,1,1,2,0.11,11.37,58.86,0.1899,1,27.64,208.02,1,0,2,-0.2588190451025208,-0.9659258262890683,1
8,2,0,0,0,0,3.26,82.75,61.72,0.6032,9,3.79,23.66,0,0,0,0.8660254037844387,-0.4999999999999998,0
8,0,0,0,0,2,4.02,88.93,72.28,0.5311,17,9.57,26.63,0,0,0,0.8660254037844387,-0.4999999999999998,0
9,5,0,0,0,0,4.36,74.04,71.27,0.5951,20,6.5,20.71,0,0,0,0.7071067811865476,-0.7071067811865475,0
19,0,0,0,0,0,0.71,14.8,44.86,0.6794,15,3.71,17.17,0,0,2,-0.9659258262890684,0.2588190451025203,0
9,1,0,0,0,0,3.26,95.93,31.55,0.6003,18,2.19,45.42,0,0,1,0.7071067811865476,-0.7071067811865475,0
23,2,1,1,1,4,0.78,7.7,67.94,0.2357,2,13.5,611.06,0,1,1,-0.25881904510252157,0.9659258262890681,1
9,4,0,0,0,0,4.39,104.72,49.92,0.3743,14,3.95,2.68,0,0,1,0.7071067811865476,-0.7071067811865475,0
8,0,0,0,0,2,1.48,116.1,75.48,0.4826,18,8.85,6.86,0,0,0,0.8660254037844387,-0.4999999999999998,0
22,2,0,0,0,0,1.64,93.77,61.26,0.3991,9,9.59,22.26,0,0,1,-0.5000000000000004,0.8660254037844384,0
16,4,0,0,0,0,1.55,105.6,58.73,0.5684,12,4.71,33.21,0,0,1,-0.8660254037844385,-0.5000000000000004,0
19,2,1,1,1,1,0.39,4.19,47.57,0.1458,4,46.5,502.47,0,0,0,-0.9659258262890684,0.2588190451025203,1
20,4,0,0,1,0,3.92,42.29,37.89,0.6184,3,3.29,25.52,0,0,0,-0.8660254037844386,0.5000000000000001,0
16,2,0,0,0,0,4.86,35.58,45.2,0.47,4,7.48,15.75,0,0,0,-0.8660254037844385,-0.5000000000000004,0
7,4,0,0,0,0,4.19,30.72,57.5,0.6882,8,6.51,33.88,0,0,1,0.9659258262890683,-0.25881904510252063,0
9,2,0,0,0,0,0.84,25.58,36.96,0.5166,4,8.0,38.47,0,0,2,0.7071067811865476,-0.7071067811865475,0
14,5,0,0,0,0,1.69,66.97,69.5,0.3034,6,6.97,24.96,0,0,0,-0.4999999999999997,-0.8660254037844388,0
20,0,0,0,0,2,3.55,91.07,44.88,0.3486,6,5.37,23.25,0,0,1,-0.8660254037844386,0.5000000000000001,0
18,4,1,0,0,0,3.43,24.83,72.54,0.6793,6,3.3,15.11,0,0,0,-1.0,-1.8369701987210297e-16,0
18,3,0,0,0,0,2.38,15.05,36.73,0.6254,11,8.16,40.91,0,0,0,-1.0,-1.8369701987210297e-16,0
9,5,0,0,0,0,1.51,74.62,76.57,0.5514,9,9.46,28.28,0,0,0,0.7071067811865476,-0.7071067811865475,0
17,0,1,1,1,1,0.71,8.86,65.73,0.0641,3,40.82,425.24,0,1,2,-0.9659258262890683,-0.25881904510252063,1
8,3,1,1,0,0,4.58,115.17,44.23,0.6118,2,6.76,38.69,0,0,0,0.8660254037844387,-0.4999999999999998,0
20,2,0,0,0,0,3.58,25.24,78.81,0.5161,13,9.56,25.64,0,0,1,-0.8660254037844386,0.5000000000000001,0
23,2,0,1,0,0,4.8,8.62,74.6,0.6867,18,3.54,26.62,0,0,0,-0.25881904510252157,0.9659258262890681,0
15,3,0,0,0,0,1.43,108.5,61.74,0.6742,24,9.02,5.72,0,0,2,-0.7071067811865471,-0.7071067811865479,0
19,3,0,0,0,0,1.58,44.88,39.04,0.562,21,3.6,46.99,0,0,1,-0.9659258262890684,0.2588190451025203,0
16,6,1,1,0,3,0.57,7.34,91.13,0.1587,1,37.35,485.72,0,1,2,-0.8660254037844385,-0.5000000000000004,1
3,0,0,0,0,0,4.06,101.05,34.63,0.324,29,6.81,8.33,0,0,2,0.7071067811865476,0.7071067811865476,0
23,4,0,1,1,0,0.18,13.61,43.36,0.0469,3,27.62,123.77,1,1,2,-0.25881904510252157,0.9659258262890681,1
13,3,1,0,0,0,3.0,58.72,53.72,0.3716,22,2.65,7.11,0,0,1,-0.2588190451025208,-0.9659258262890683,0
17,2,0,0,1,0,4.26,101.71,54.26,0.3045,17,3.98,13.73,0,0,0,-0.9659258262890683,-0.25881904510252063,0
14,4,0,1,0,0,2.12,108.63,54.34,0.4091,19,8.55,39.47,1,0,1,-0.4999999999999997,-0.8660254037844388,0
17,1,0,0,0,0,1.91,77.58,59.85,0.6455,26,8.07,15.48,0,0,1,-0.9659258262890683,-0.25881904510252063,0
8,2,0,0,0,1,4.18,103.91,70.6,0.3604,27,2.42,31.92,0,0,0,0.8660254037844387,-0.4999999999999998,0
18,0,0,0,0,0,0.93,44.31,52.02,0.3277,14,4.13,2.58,0,0,0,-1.0,-1.8369701987210297e-16,0
15,5,0,0,0,0,3.26,72.79,53.02,0.634,5,1.3,44.0,0,0,1,-0.7071067811865471,-0.7071067811865479,0
5,4,0,0,0,2,3.58,68.33,68.83,0.5296,21,7.92,12.09,0,0,0,0.9659258262890683,0.25881904510252074,0
23,3,0,0,0,0,2.42,6.95,66.38,0.6171,14,4.47,23.82,1,0,1,-0.25881904510252157,0.9659258262890681,0
20,3,1,0,1,1,0.3,7.89,62.41,0.0141,1,28.66,157.95,0,1,1,-0.8660254037844386,0.5000000000000001,1
11,4,0,0,0,2,4.48,24.93,64.82,0.5084,2,7.43,30.66,0,0,0,0.258819045102521,-0.9659258262890682,0
7,5,0,0,0,0,0.95,73.34,48.88,0.5613,18,2.38,40.59,0,0,2,0.9659258262890683,-0.25881904510252063,0
10,4,0,0,0,0,1.36,88.41,34.14,0.5066,11,2.81,45.09,0,0,1,0.49999999999999994,-0.8660254037844387,0
11,5,0,0,0,0,4.97,22.24,58.28,0.6553,28,4.38,35.47,0,0,1,0.258819045102521,-0.9659258262890682,0
22,0,1,1,1,5,0.36,14.23,42.17,0.2262,3,31.29,314.82,1,1,1,-0.5000000000000004,0.8660254037844384,1
7,5,0,0,0,0,1.9,26.18,48.34,0.4482,4,2.99,23.86,0,0,1,0.9659258262890683,-0.25881904510252063,0
10,1,0,0,1,0,3.66,101.57,64.28,0.4101,14,2.89,8.42,1,0,0,0.49999999999999994,-0.8660254037844387,0
11,2,0,1,0,0,4.38,70.97,33.13,0.5481,18,6.29,44.62,0,0,0,0.258819045102521,-0.9659258262890682,0
23,1,1,1,1,2,0.13,13.87,96.58,0.0206,5,33.21,580.39,0,0,1,-0.25881904510252157,0.9659258262890681,1
9,6,0,1,0,0,3.29,52.17,38.03,0.5395,24,9.67,23.89,0,0,1,0.7071067811865476,-0.7071067811865475,0
23,1,0,1,0,0,4.12,99.25,74.7,0.4735,25,6.36,24.62,1,0,1,-0.25881904510252157,0.9659258262890681,0
15,0,0,0,0,0,3.16,81.6,43.25,0.5225,20,7.16,26.75,0,0,0,-0.7071067811865471,-0.7071067811865479,0
22,5,1,0,1,0,1.42,38.85,58.69,0.6367,30,4.86,42.58,0,0,0,-0.5000000000000004,0.8660254037844384,0
10,5,0,0,0,1,3.84,46.68,74.29,0.4368,5,8.52,34.84,0,0,1,0.49999999999999994,-0.8660254037844387,0
3,5,1,1,0,1,0.5,1.1,62.7,0.0659,1,48.64,493.87,0,0,2,0.7071067811865476,0.7071067811865476,1
17,4,0,0,0,0,1.55,64.06,36.09,0.3869,28,9.9,4.8,0,0,1,-0.9659258262890683,-0.25881904510252063,0
18,5,0,1,0,0,1.92,63.97,47.51,0.451,9,8.21,19.5,0,0,2,-1.0,-1.8369701987210297e-16,0
2,0,0,0,0,0,1.35,93.29,33.36,0.4413,16,1.96,31.86,0,0,1,0.49999999999999994,0.8660254037844387,0
6,6,1,1,0,0,2.55,29.02,59.81,0.4616,24,9.22,30.26,0,0,1,1.0,6.123233995736766e-17,0
18,6,0,0,1,0,0.81,83.47,33.47,0.692,8,6.06,33.86,0,0,0,-1.0,-1.8369701987210297e-16,0
12,2,0,0,1,1,3.7,95.8,51.24,0.5834,5,6.23,1.8,0,0,0,1.2246467991473532e-16,-1.0,0
13,4,0,0,0,0,2.08,21.0,35.42,0.3972,4,5.89,31.47,0,0,0,-0.2588190451025208,-0.9659258262890683,0
3,4,1,1,1,3,0.76,1.95,114.72,0.1146,3,36.53,195.01,0,1,1,0.7071067811865476,0.7071067811865476,1
17,5,0,0,0,0,0.63,5.13,39.63,0.4631,23,8.84,14.22,0,0,0,-0.9659258262890683,-0.25881904510252063,0
11,1,0,0,0,0,4.33,51.33,62.14,0.5629,3,8.21,37.11,0,0,0,0.258819045102521,-0.9659258262890682,0
5,4,0,0,0,0,2.44,78.83,71.82,0.4844,13,9.2,0.8,0,0,0,0.9659258262890683,0.25881904510252074,0
10,1,0,0,0,0,2.53,109.44,34.4,0.4847,22,5.93,44.65,0,0,0,0.49999999999999994,-0.8660254037844387,0
21,5,0,0,0,0,0.97,72.75,46.21,0.6365,27,9.1,13.27,1,0,1,-0.7071067811865477,0.7071067811865474,0
13,1,0,0,0,0,4.37,78.71,61.81,0.3019,24,3.05,33.22,0,0,0,-0.2588190451025208,-0.9659258262890683,0
12,0,1,0,0,0,4.45,101.61,33.06,0.6873,23,9.99,24.58,0,0,0,1.2246467991473532e-16,-1.0,0
0,1,1,1,0,2,0.1,12.05,96.41,0.0418,3,16.01,458.81,1,1,1,0.0,1.0,1
11,3,0,0,0,0,1.67,23.51,76.07,0.3578,21,7.68,33.32,0,0,1,0.258819045102521,-0.9659258262890682,0
14,1,0,0,1,0,1.39,115.55,44.95,0.5357,11,8.81,18.18,0,0,0,-0.4999999999999997,-0.8660254037844388,0
10,4,0,0,0,0,0.67,70.77,54.95,0.4633,28,8.2,25.03,0,0,0,0.49999999999999994,-0.8660254037844387,0
21,2,1,1,1,2,0.4,1.06,114.96,0.2914,2,31.77,517.97,0,1,1,-0.7071067811865477,0.7071067811865474,1
9,6,0,0,0,0,2.36,20.93,52.76,0.5243,30,5.83,30.22,0,0,2,0.7071067811865476,-0.7071067811865475,0
14,0,1,1,1,0,0.96,5.42,12.35,0.202,4,18.79,199.62,1,1,1,-0.4999999999999997,-0.8660254037844388,1
18,6,0,0,0,0,1.63,31.84,51.7,0.3949,23,4.71,7.1,0,0,0,-1.0,-1.8369701987210297e-16,0
2,3,1,1,0,3,0.72,11.55,82.11,0.2594,1,25.91,218.27,1,1,1,0.49999999999999994,0.8660254037844387,1
1,4,1,1,1,4,0.94,8.63,77.37,0.2181,2,24.32,156.65,1,0,1,0.25881904510252074,0.9659258262890683,1
3,0,1,1,1,4,0.42,13.89,78.66,0.2844,1,28.16,174.12,0,1,1,0.7071067811865476,0.7071067811865476,1
10,4,0,0,0,0,2.05,19.62,30.23,0.6893,6,7.76,17.28,0,0,0,0.49999999999999994,-0.8660254037844387,0
18,5,0,0,0,2,2.99,49.97,34.07,0.3914,17,2.28,9.72,0,0,0,-1.0,-1.8369701987210297e-16,0
9,0,0,0,1,1,1.68,48.41,32.81,0.6009,4,2.77,8.9,1,0,0,0.7071067811865476,-0.7071067811865475,0
10,4,0,0,0,0,4.92,58.18,60.53,0.4016,3,1.54,43.74,1,0,0,0.49999999999999994,-0.8660254037844387,0
1,5,0,0,0,0,1.56,95.55,75.83,0.4493,21,3.85,17.29,0,0,0,0.25881904510252074,0.9659258262890683,0
17,6,0,0,0,0,4.77,39.44,65.89,0.5546,16,2.11,8.2,0,0,2,-0.9659258262890683,-0.25881904510252063,0
20,3,0,1,0,0,2.1,106.07,65.76,0.4048,24,1.47,4.29,0,0,1,-0.8660254037844386,0.5000000000000001,0
5,5,0,0,0,0,1.47,106.31,56.17,0.4553,3,5.8,36.33,0,0,0,0.9659258262890683,0.25881904510252074,0
8,0,1,0,1,0,4.33,39.2,52.9,0.3207,10,3.08,23.59,0,0,0,0.8660254037844387,-0.4999999999999998,0
5,3,0,1,1,4,0.32,11.0,58.48,0.2624,2,12.74,356.95,1,1,0,0.9659258262890683,0.25881904510252074,1
21,3,0,0,0,0,3.88,105.07,46.62,0.3692,5,3.36,40.68,0,0,1,-0.7071067811865477,0.7071067811865474,0
17,2,0,0,0,0,4.34,25.68,35.28,0.619,19,8.18,34.97,0,0,1,-0.9659258262890683,-0.25881904510252063,0
10,3,0,0,1,0,4.39,14.77,43.73,0.3963,9,9.06,24.1,0,0,0,0.49999999999999994,-0.8660254037844387,0
13,5,0,0,1,1,4.69,74.92,53.51,0.3285,26,1.29,43.86,1,0,0,-0.2588190451025208,-0.9659258262890683,0
14,0,0,0,0,0,4.67,74.44,70.28,0.4594,23,3.9,8.94,0,0,0,-0.4999999999999997,-0.8660254037844388,0
12,4,0,0,0,0,0.73,58.44,59.08,0.5011,2,7.79,22.22,0,0,1,1.2246467991473532e-16,-1.0,0
0,4,1,1,1,5,0.11,11.09,120.28,0.277,5,18.71,461.4,1,1,0,0.0,1.0,1
5,1,0,0,0,0,1.34,23.08,50.61,0.3257,29,5.73,40.53,1,0,0,0.9659258262890683,0.25881904510252074,0
19,0,0,1,0,0,3.85,21.79,56.29,0.4389,19,6.35,10.25,0,0,0,-0.9659258262890684,0.2588190451025203,0
17,6,0,0,0,0,3.18,114.14,49.3,0.6996,30,9.57,46.45,1,0,0,-0.9659258262890683,-0.25881904510252063,0
16,2,0,1,0,0,1.16,111.87,39.86,0.4254,18,7.35,28.57,0,0,1,-0.8660254037844385,-0.5000000000000004,0
20,4,0,0,0,0,1.32,110.43,31.03,0.6766,30,9.43,39.2,1,0,0,-0.8660254037844386,0.5000000000000001,0
20,3,0,0,0,0,3.29,74.4,75.2,0.3169,22,7.83,6.41,0,0,0,-0.8660254037844386,0.5000000000000001,0
19,1,0,0,0,0,3.4,14.82,41.25,0.6231,10,9.58,36.49,0,0,1,-0.9659258262890684,0.2588190451025203,0
10,6,0,0,0,0,3.81,30.51,51.44,0.4878,8,7.23,13.81,0,0,0,0.49999999999999994,-0.8660254037844387,0
15,6,0,0,0,2,0.98,39.16,39.29,0.5623,14,5.98,28.56,0,0,0,-0.7071067811865471,-0.7071067811865479,0
10,1,0,0,0,0,2.26,11.35,78.4,0.3012,7,2.33,40.46,0,0,0,0.49999999999999994,-0.8660254037844387,0
4,6,1,1,1,1,0.31,7.55,120.21,0.2861,4,35.97,693.09,0,1,1,0.8660254037844386,0.5000000000000001,1
13,0,0,0,0,0,1.91,24.41,64.0,0.3355,2,6.44,11.15,0,0,1,-0.2588190451025208,-0.9659258262890683,0
13,6,0,0,0,0,0.96,116.34,40.33,0.5885,5,6.97,35.76,0,0,0,-0.2588190451025208,-0.9659258262890683,0
9,2,0,0,0,0,1.81,21.97,51.91,0.6225,25,2.45,21.06,0,0,1,0.7071067811865476,-0.7071067811865475,0
6,1,0,0,0,0,2.4,83.67,62.89,0.6812,15,6.68,30.98,0,0,0,1.0,6.123233995736766e-17,0
13,3,0,0,1,0,0.84,7.72,58.5,0.3956,14,4.63,18.52,0,0,1,-0.2588190451025208,-0.9659258262890683,0
12,6,0,1,0,0,0.66,23.23,69.86,0.4165,14,7.3,40.29,0,0,0,1.2246467991473532e-16,-1.0,0
9,0,0,0,0,0,4.54,51.92,30.45,0.6098,28,3.08,44.13,0,0,0,0.7071067811865476,-0.7071067811865475,0
17,6,0,0,0,0,1.24,44.72,54.82,0.5174,27,8.88,11.58,0,0,0,-0.9659258262890683,-0.25881904510252063,0
10,4,0,0,0,0,3.12,109.06,57.3,0.3781,23,8.62,35.09,0,0,0,0.49999999999999994,-0.8660254037844387,0
17,0,0,0,0,1,1.36,79.04,44.27,0.6658,4,5.41,13.67,0,0,0,-0.9659258262890683,-0.25881904510252063,0
12,5,1,0,0,0,4.5,65.66,68.49,0.4772,13,8.26,31.62,0,0,0,1.2246467991473532e-16,-1.0,0
8,6,0,0,0,0,2.51,12.58,44.81,0.565,26,4.56,41.01,0,0,0,0.8660254037844387,-0.4999999999999998,0
19,2,0,0,0,0,3.76,77.25,70.19,0.3525,29,7.03,28.42,0,0,2,-0.9659258262890684,0.2588190451025203,0
16,2,0,0,0,0,1.89,36.05,35.83,0.49,7,5.57,16.73,1,0,1,-0.8660254037844385,-0.5000000000000004,0
9,4,0,0,0,1,2.55,119.79,33.43,0.5995,27,1.73,23.17,1,0,1,0.7071067811865476,-0.7071067811865475,0
14,6,0,0,0,0,0.96,112.39,78.04,0.4639,15,5.4,8.14,0,0,1,-0.4999999999999997,-0.8660254037844388,0
14,2,0,0,0,0,2.52,91.22,68.13,0.353,18,7.24,22.78,0,0,1,-0.4999999999999997,-0.8660254037844388,0
5,6,1,1,1,5,0.62,12.87,142.69,0.1155,4,31.05,573.04,0,0,2,0.9659258262890683,0.25881904510252074,1
8,5,1,0,0,0,4.03,47.15,77.5,0.5414,25,7.43,36.97,0,0,0,0.8660254037844387,-0.4999999999999998,0
8,2,0,0,1,0,1.88,107.7,76.74,0.3886,23,7.7,5.57,0,0,1,0.8660254037844387,-0.4999999999999998,0
17,2,0,1,0,0,1.92,104.57,48.03,0.3107,3,6.23,20.79,0,0,1,-0.9659258262890683,-0.25881904510252063,0
2,2,0,0,0,0,3.3,89.14,71.27,0.5495,7,2.15,22.71,1,0,0,0.49999999999999994,0.8660254037844387,0
18,6,0,0,0,0,1.23,78.01,63.78,0.644,20,3.65,3.3,0,0,1,-1.0,-1.8369701987210297e-16,0
1,1,0,0,0,0,4.26,118.38,78.75,0.5553,3,2.28,34.99,0,0,0,0.25881904510252074,0.9659258262890683,0
20,3,0,0,0,0,3.97,9.89,51.93,0.6954,26,5.18,17.42,0,0,0,-0.8660254037844386,0.5000000000000001,0
22,4,0,0,0,1,2.43,89.68,41.23,0.5526,26,2.47,7.55,0,0,1,-0.5000000000000004,0.8660254037844384,0
20,1,0,0,0,0,0.52,107.23,65.07,0.5745,4,5.17,47.61,0,0,1,-0.8660254037844386,0.5000000000000001,0
12,4,0,0,0,0,4.35,102.24,72.28,0.6497,6,2.29,25.0,0,0,0,1.2246467991473532e-16,-1.0,0
16,2,0,0,0,0,3.21,113.68,53.93,0.651,12,7.62,28.58,0,0,0,-0.8660254037844385,-0.5000000000000004,0
9,6,1,0,0,0,2.52,70.53,50.6,0.5315,27,8.3,6.05,0,0,2,0.7071067811865476,-0.7071067811865475,0
16,4,0,0,0,0,2.03,73.31,53.47,0.3174,5,4.7,34.26,0,0,1,-0.8660254037844385,-0.5000000000000004,0
13,1,0,0,0,0,4.2,80.22,69.33,0.3827,10,6.83,25.39,0,0,2,-0.2588190451025208,-0.9659258262890683,0
15,4,1,1,1,2,0.12,1.4,100.75,0.2032,4,22.96,395.4,1,0,1,-0.7071067811865471,-0.7071067811865479,1
3,4,1,1,1,2,0.48,2.43,72.47,0.0032,1,15.21,291.89,1,1,0,0.7071067811865476,0.7071067811865476,1
14,0,0,0,0,0,0.73,100.79,78.54,0.5969,14,8.99,9.01,0,0,0,-0.4999999999999997,-0.8660254037844388,0
18,2,0,0,0,0,1.11,5.33,36.91,0.6245,9,6.88,35.85,0,0,0,-1.0,-1.8369701987210297e-16,0
0,4,0,0,0,0,4.99,71.2,43.05,0.603,24,9.67,10.52,0,0,1,0.0,1.0,0
17,0,0,0,0,0,1.36,14.66,78.46,0.6515,8,3.3,13.88,0,0,1,-0.9659258262890683,-0.25881904510252063,0
20,1,0,0,1,0,4.61,35.61,67.98,0.4303,16,2.77,41.82,0,0,0,-0.8660254037844386,0.5000000000000001,0
22,1,0,0,0,0,2.34,99.53,51.05,0.3399,29,8.77,22.19,0,0,1,-0.5000000000000004,0.8660254037844384,0
4,6,1,1,1,2,0.37,0.57,27.98,0.016,2,32.39,102.11,1,0,1,0.8660254037844386,0.5000000000000001,1
21,2,0,1,1,2,0.33,0.81,113.21,0.0056,4,40.83,548.71,1,1,0,-0.7071067811865477,0.7071067811865474,1
3,5,0,0,0,0,2.13,14.67,56.51,0.5542,6,5.98,4.75,0,0,1,0.7071067811865476,0.7071067811865476,0
12,0,0,0,0,2,3.82,88.12,62.6,0.6805,14,7.23,33.33,0,0,1,1.2246467991473532e-16,-1.0,0
16,0,0,1,0,1,1.47,80.71,40.59,0.3428,21,7.26,47.16,0,0,1,-0.8660254037844385,-0.5000000000000004,0
18,5,0,0,0,0,4.56,116.04,42.3,0.6471,4,1.81,3.28,0,0,0,-1.0,-1.8369701987210297e-16,0
3,4,1,1,1,3,0.73,12.03,37.47,0.2772,1,45.96,633.56,1,1,0,0.7071067811865476,0.7071067811865476,1
6,4,0,0,0,0,3.03,53.27,44.54,0.5485,20,3.89,42.92,0,0,1,1.0,6.123233995736766e-17,0
1,6,0,1,1,2,0.1,0.55,141.52,0.0598,2,33.04,483.88,1,0,2,0.25881904510252074,0.9659258262890683,1
16,1,0,0,0,0,4.48,107.09,41.63,0.6478,17,4.23,38.51,0,0,0,-0.8660254037844385,-0.5000000000000004,0
16,1,0,0,0,0,4.28,33.0,69.37,0.6171,25,3.17,28.75,0,0,0,-0.8660254037844385,-0.5000000000000004,0
13,5,0,0,0,0,3.92,61.81,38.08,0.5281,9,7.27,28.5,0,0,0,-0.2588190451025208,-0.9659258262890683,0
10,4,1,1,0,0,4.86,115.79,49.83,0.6457,20,9.58,35.94,0,0,0,0.49999999999999994,-0.8660254037844387,0
8,3,0,0,0,0,1.12,48.32,65.99,0.4912,13,9.45,7.68,0,0,2,0.8660254037844387,-0.4999999999999998,0
19,0,0,0,0,0,3.92,18.04,32.26,0.3648,18,4.52,22.03,0,0,0,-0.9659258262890684,0.2588190451025203,0
19,2,0,0,0,0,4.22,64.46,42.44,0.3182,20,5.82,7.27,0,0,1,-0.9659258262890684,0.2588190451025203,0
12,1,0,0,0,1,2.11,93.87,77.49,0.4408,5,5.41,38.39,0,0,2,1.2246467991473532e-16,-1.0,0
17,2,1,1,0,2,0.34,5.49,37.86,0.121,1,22.14,540.24,0,0,0,-0.9659258262890683,-0.25881904510252063,1
20,3,0,0,0,0,4.08,21.26,52.25,0.4749,30,6.52,5.79,0,0,0,-0.8660254037844386,0.5000000000000001,0
15,0,0,0,0,0,4.43,27.59,45.93,0.3417,12,9.3,21.3,0,0,2,-0.7071067811865471,-0.7071067811865479,0
21,3,1,1,1,2,0.99,7.11,66.63,0.1926,2,49.83,576.72,1,1,0,-0.7071067811865477,0.7071067811865474,1
15,1,1,0,1,0,3.76,67.06,72.51,0.3418,28,7.28,22.32,0,0,2,-0.7071067811865471,-0.7071067811865479,0
14,5,1,0,0,0,4.76,107.98,54.36,0.3083,2,6.88,3.79,0,0,1,-0.4999999999999997,-0.8660254037844388,0
1,2,1,1,1,3,0.05,7.98,35.63,0.1389,5,39.65,288.76,1,0,0,0.25881904510252074,0.9659258262890683,1
18,0,0,0,0,0,4.21,91.45,52.48,0.6557,3,5.67,24.74,0,0,1,-1.0,-1.8369701987210297e-16,0
0,3,1,1,1,1,0.92,6.08,26.06,0.1895,5,15.46,573.59,0,1,2,0.0,1.0,1
21,3,0,0,0,0,4.5,102.67,68.92,0.5261,18,5.39,4.4,0,0,0,-0.7071067811865477,0.7071067811865474,0
23,0,1,0,1,0,2.48,61.57,49.18,0.5703,30,3.39,3.91,0,0,0,-0.25881904510252157,0.9659258262890681,0
10,5,0,1,0,0,0.99,55.81,44.53,0.5509,16,5.91,32.9,0,0,1,0.49999999999999994,-0.8660254037844387,0
10,4,0,1,0,0,1.67,78.69,47.91,0.3391,24,3.87,25.9,0,0,0,0.49999999999999994,-0.8660254037844387,0
19,0,0,0,0,0,3.6,46.25,63.72,0.5522,2,9.82,10.47,1,0,1,-0.9659258262890684,0.2588190451025203,0
9,0,0,0,0,0,4.3,63.34,56.99,0.5937,5,4.42,16.05,0,0,0,0.7071067811865476,-0.7071067811865475,0
15,6,0,0,0,0,2.77,38.44,34.84,0.5696,9,5.41,2.42,0,0,1,-0.7071067811865471,-0.7071067811865479,0
19,1,0,0,0,0,4.49,83.15,59.95,0.4456,10,9.95,36.71,0,0,0,-0.9659258262890684,0.2588190451025203,0
8,2,0,0,0,0,0.97,60.59,62.46,0.5508,6,1.05,31.36,0,0,2,0.8660254037844387,-0.4999999999999998,0
9,0,0,0,0,0,4.69,31.61,79.42,0.5104,12,2.22,10.38,0,0,1,0.7071067811865476,-0.7071067811865475,0
21,3,0,0,1,0,3.39,45.78,54.53,0.6024,27,9.79,20.36,0,0,0,-0.7071067811865477,0.7071067811865474,0
11,1,0,0,1,0,0.61,44.98,58.39,0.4703,22,1.94,5.37,0,0,0,0.258819045102521,-0.9659258262890682,0
11,4,0,0,0,0,2.57,31.88,34.27,0.5591,26,4.24,42.36,0,0,0,0.258819045102521,-0.9659258262890682,0
8,2,0,0,0,0,4.69,109.45,35.64,0.6603,13,6.46,33.97,0,0,1,0.8660254037844387,-0.4999999999999998,0
18,2,0,1,1,3,0.5,4.94,97.18,0.2551,4,31.82,680.08,0,1,1,-1.0,-1.8369701987210297e-16,1
1,0,1,1,1,1,0.68,3.8,86.58,0.0667,5,38.18,635.85,0,1,0,0.25881904510252074,0.9659258262890683,1
17,0,1,1,1,4,0.32,3.78,60.73,0.1559,2,44.35,716.23,1,1,1,-0.9659258262890683,-0.25881904510252063,1
9,4,0,0,0,1,1.28,102.57,47.42,0.5611,8,5.41,7.06,0,0,1,0.7071067811865476,-0.7071067811865475,0
13,0,0,0,0,0,3.05,25.28,35.64,0.3931,9,6.24,23.76,0,0,1,-0.2588190451025208,-0.9659258262890683,0
8,2,0,0,0,1,2.38,116.24,57.57,0.4981,4,7.31,16.38,0,0,1,0.8660254037844387,-0.4999999999999998,0
20,6,0,0,0,0,3.15,102.83,45.8,0.4032,7,3.49,26.62,0,0,1,-0.8660254037844386,0.5000000000000001,0
12,1,0,0,0,0,4.95,113.64,69.76,0.4163,17,5.61,11.79,0,0,1,1.2246467991473532e-16,-1.0,0
23,3,1,1,1,1,0.23,8.86,42.96,0.0476,2,33.99,465.95,1,1,1,-0.25881904510252157,0.9659258262890681,1
8,1,0,0,0,0,0.78,114.0,68.97,0.3811,2,7.95,1.67,0,0,1,0.8660254037844387,-0.4999999999999998,0
2,6,1,1,1,3,0.06,4.28,96.48,0.2592,4,10.74,295.96,0,1,1,0.49999999999999994,0.8660254037844387,1
10,1,0,0,0,0,4.07,106.39,49.69,0.6357,18,4.46,8.17,1,0,1,0.49999999999999994,-0.8660254037844387,0
12,4,0,0,1,0,2.51,17.8,42.93,0.383,4,1.21,33.4,0,0,0,1.2246467991473532e-16,-1.0,0
11,6,0,0,0,1,1.94,7.01,73.73,0.3338,25,1.28,5.64,0,0,2,0.258819045102521,-0.9659258262890682,0
8,5,0,0,0,0,4.91,107.65,53.13,0.6205,21,9.96,9.73,0,0,2,0.8660254037844387,-0.4999999999999998,0
4,4,1,1,1,2,0.1,3.52,90.07,0.1977,1,45.65,308.73,1,1,1,0.8660254037844386,0.5000000000000001,1
23,5,1,1,1,5,0.11,12.38,119.84,0.0623,5,22.8,434.69,1,0,2,-0.25881904510252157,0.9659258262890681,1
15,1,0,0,0,2,1.77,114.27,53.56,0.5396,27,6.43,6.12,0,0,0,-0.7071067811865471,-0.7071067811865479,0
13,1,0,0,0,0,2.71,38.02,33.5,0.4542,11,3.15,27.31,0,0,1,-0.2588190451025208,-0.9659258262890683,0
20,2,0,0,0,0,1.71,89.5,55.31,0.6047,2,8.69,30.95,0,0,1,-0.8660254037844386,0.5000000000000001,0
8,0,1,0,0,0,1.46,27.7,59.88,0.5652,17,8.5,13.96,0,0,2,0.8660254037844387,-0.4999999999999998,0
10,4,0,0,0,0,0.65,14.7,74.68,0.4545,24,5.62,8.54,1,0,0,0.49999999999999994,-0.8660254037844387,0
10,3,0,0,0,0,0.59,45.44,72.19,0.5448,3,1.33,12.46,0,0,0,0.49999999999999994,-0.8660254037844387,0
1,3,1,1,1,1,0.3,14.44,46.78,0.1526,5,18.15,666.5,0,0,1,0.25881904510252074,0.9659258262890683,1
17,4,0,0,0,0,2.66,18.42,43.24,0.4551,8,5.39,16.62,0,0,0,-0.9659258262890683,-0.25881904510252063,0
11,0,0,0,0,0,4.0,42.36,55.0,0.4258,7,6.07,38.45,0,0,1,0.258819045102521,-0.9659258262890682,0
2,2,0,0,0,1,0.53,101.89,41.82,0.332,16,8.07,35.25,0,0,1,0.49999999999999994,0.8660254037844387,0
21,1,0,0,0,0,4.92,60.09,71.73,0.5328,16,9.17,37.62,0,0,1,-0.7071067811865477,0.7071067811865474,0
10,2,0,0,0,1,0.52,29.36,43.85,0.6064,6,4.96,45.67,0,0,1,0.49999999999999994,-0.8660254037844387,0
15,3,0,0,1,0,2.21,64.07,56.34,0.3451,9,5.36,1.01,0,0,0,-0.7071067811865471,-0.7071067811865479,0
9,3,0,0,0,0,2.05,58.47,79.51,0.5179,24,1.83,35.82,0,0,0,0.7071067811865476,-0.7071067811865475,0
23,5,0,0,0,0,2.82,37.1,72.61,0.3545,19,2.08,13.28,0,0,0,-0.25881904510252157,0.9659258262890681,0
14,3,0,1,0,0,1.1,109.54,56.08,0.3576,16,5.06,24.73,0,0,0,-0.4999999999999997,-0.8660254037844388,0
12,6,0,0,0,0,2.16,100.34,33.54,0.4087,3,3.1,44.13,0,0,1,1.2246467991473532e-16,-1.0,0
3,3,0,0,0,0,3.9,78.55,68.28,0.6813,4,8.53,23.35,0,0,0,0.7071067811865476,0.7071067811865476,0
15,3,0,0,0,0,2.36,118.96,39.46,0.4166,26,9.74,36.29,0,0,2,-0.7071067811865471,-0.7071067811865479,0
4,5,0,0,0,0,1.11,62.91,39.67,0.4972,27,2.04,38.3,0,0,0,0.8660254037844386,0.5000000000000001,0
16,3,0,0,0,0,4.53,110.91,36.59,0.5189,22,7.98,47.81,0,0,2,-0.8660254037844385,-0.5000000000000004,0
7,2,0,0,0,1,2.34,94.54,64.4,0.6117,3,4.97,17.64,0,0,0,0.9659258262890683,-0.25881904510252063,0
19,2,0,0,0,0,4.8,58.16,31.76,0.5815,21,7.55,10.1,0,0,1,-0.9659258262890684,0.2588190451025203,0
16,0,0,0,0,0,4.56,12.68,43.73,0.6523,5,7.73,7.14,1,0,1,-0.8660254037844385,-0.5000000000000004,0
15,6,0,0,1,0,4.99,8.14,50.38,0.4815,14,9.05,29.87,1,0,0,-0.7071067811865471,-0.7071067811865479,0
10,4,0,0,1,0,3.15,63.31,43.31,0.4649,13,1.65,9.76,0,0,0,0.49999999999999994,-0.8660254037844387,0
15,2,0,1,0,0,3.96,9.69,40.84,0.3328,18,5.74,34.47,0,0,0,-0.7071067811865471,-0.7071067811865479,0
14,4,0,0,0,1,2.56,21.5,78.19,0.453,7,7.11,29.04,0,0,0,-0.4999999999999997,-0.8660254037844388,0
14,5,1,1,1,0,0.91,2.88,122.44,0.116,2,30.08,567.49,1,1,1,-0.4999999999999997,-0.8660254037844388,1
9,4,0,0,0,0,3.62,25.98,37.35,0.5162,27,3.99,38.87,0,0,2,0.7071067811865476,-0.7071067811865475,0
4,0,0,0,0,0,2.49,119.77,41.27,0.5451,21,8.72,43.39,0,0,1,0.8660254037844386,0.5000000000000001,0
11,4,0,0,0,1,0.89,59.2,77.52,0.4876,15,7.99,30.42,0,0,1,0.258819045102521,-0.9659258262890682,0
14,1,0,0,0,1,4.72,18.1,55.66,0.5858,10,8.15,8.95,1,0,0,-0.4999999999999997,-0.8660254037844388,0
13,2,0,0,1,0,4.18,18.37,35.96,0.4441,26,4.08,13.88,0,0,1,-0.2588190451025208,-0.9659258262890683,0
8,6,0,0,0,0,2.88,73.93,44.02,0.3069,14,7.37,2.26,0,0,0,0.8660254037844387,-0.4999999999999998,0
13,1,0,0,0,0,2.56,79.16,57.55,0.511,18,6.04,10.42,0,0,1,-0.2588190451025208,-0.9659258262890683,0
1,5,1,0,1,5,0.11,7.06,142.89,0.2354,4,11.87,199.42,1,1,2,0.25881904510252074,0.9659258262890683,1
21,2,0,0,0,0,2.78,95.13,58.61,0.529,20,4.17,28.29,0,0,0,-0.7071067811865477,0.7071067811865474,0
3,4,0,0,1,0,4.79,56.34,78.98,0.3484,7,4.54,24.38,0,0,0,0.7071067811865476,0.7071067811865476,0
1,3,0,0,0,0,2.62,5.99,66.68,0.5339,19,5.61,46.0,0,0,0,0.25881904510252074,0.9659258262890683,0
18,5,0,0,0,0,2.81,43.63,33.09,0.5556,17,9.81,25.28,1,0,1,-1.0,-1.8369701987210297e-16,0
7,5,0,0,0,0,3.45,55.12,31.51,0.5461,19,8.19,18.69,1,0,1,0.9659258262890683,-0.25881904510252063,0
18,4,0,0,0,0,4.41,21.5,66.81,0.3386,28,4.2,8.88,0,0,0,-1.0,-1.8369701987210297e-16,0
10,0,0,0,0,0,3.98,74.13,38.44,0.4899,17,5.93,21.54,0,0,1,0.49999999999999994,-0.8660254037844387,0
18,1,0,0,0,0,1.71,67.07,76.84,0.3409,9,1.37,8.35,0,0,0,-1.0,-1.8369701987210297e-16,0
19,4,0,0,0,0,4.74,47.76,73.47,0.5903,16,9.88,32.25,0,0,0,-0.9659258262890684,0.2588190451025203,0
18,4,0,0,0,0,2.14,6.03,73.46,0.5516,15,1.01,23.51,0,0,0,-1.0,-1.8369701987210297e-16,0
18,0,1,0,0,0,1.24,20.39,53.57,0.4926,30,2.83,45.99,0,0,0,-1.0,-1.8369701987210297e-16,0
8,0,0,1,0,0,4.76,61.68,73.41,0.3124,9,1.95,21.76,0,0,1,0.8660254037844387,-0.4999999999999998,0
18,2,1,0,1,0,0.44,10.16,143.67,0.1523,5,20.76,648.89,1,1,1,-1.0,-1.8369701987210297e-16,1
17,4,1,1,1,3,0.61,6.88,130.22,0.0648,1,24.23,314.07,1,1,0,-0.9659258262890683,-0.25881904510252063,1
11,4,0,0,0,0,0.75,102.06,61.77,0.6053,10,6.51,44.39,0,0,0,0.258819045102521,-0.9659258262890682,0
16,3,1,1,1,2,0.35,4.01,44.37,0.0726,3,39.76,504.0,1,1,2,-0.8660254037844385,-0.5000000000000004,1
19,4,0,0,0,0,1.49,68.8,58.67,0.5159,27,3.78,41.51,0,0,0,-0.9659258262890684,0.2588190451025203,0
0,1,0,0,0,0,3.45,22.62,49.24,0.5227,28,8.34,1.92,0,0,1,0.0,1.0,0
20,0,0,0,0,0,0.75,41.81,78.09,0.3236,18,2.72,25.71,0,0,0,-0.8660254037844386,0.5000000000000001,0
14,6,0,0,0,0,1.94,95.28,71.06,0.589,16,4.43,25.17,0,0,1,-0.4999999999999997,-0.8660254037844388,0
20,2,0,0,0,0,2.73,52.91,38.04,0.5136,22,9.05,15.27,0,0,1,-0.8660254037844386,0.5000000000000001,0
21,5,0,0,0,1,1.02,64.3,36.24,0.4687,5,7.07,30.42,0,0,0,-0.7071067811865477,0.7071067811865474,0
15,1,0,0,0,0,4.59,95.66,44.94,0.3112,18,7.09,46.82,0,0,0,-0.7071067811865471,-0.7071067811865479,0
19,2,0,0,0,1,4.39,18.73,51.52,0.6014,20,9.7,46.11,0,0,2,-0.9659258262890684,0.2588190451025203,0
16,0,0,0,0,1,4.55,106.61,70.26,0.4861,5,2.92,18.64,0,0,1,-0.8660254037844385,-0.5000000000000004,0
12,5,0,0,1,0,2.77,48.1,40.2,0.4677,27,7.47,4.22,0,0,0,1.2246467991473532e-16,-1.0,0
16,0,0,0,0,0,3.9,114.19,54.51,0.3968,9,4.22,21.8,0,0,1,-0.8660254037844385,-0.5000000000000004,0
11,0,0,0,0,1,4.63,69.58,40.45,0.3159,13,8.75,28.33,0,0,1,0.258819045102521,-0.9659258262890682,0
23,5,1,0,0,0,1.8,77.72,35.59,0.5068,26,4.55,11.06,0,0,0,-0.25881904510252157,0.9659258262890681,0
13,5,0,0,0,0,3.85,15.96,50.1,0.6108,14,7.5,22.59,0,0,1,-0.2588190451025208,-0.9659258262890683,0
21,0,0,0,0,2,1.24,54.35,56.4,0.6139,21,7.37,22.09,0,0,1,-0.7071067811865477,0.7071067811865474,0
14,6,1,0,1,2,0.31,2.88,111.57,0.1078,1,32.74,414.97,1,0,2,-0.4999999999999997,-0.8660254037844388,1
8,6,0,0,0,0,2.76,39.16,40.23,0.3574,6,6.25,28.19,0,0,0,0.8660254037844387,-0.4999999999999998,0
23,2,0,0,1,0,3.64,22.77,39.78,0.6837,2,9.1,46.23,0,0,0,-0.25881904510252157,0.9659258262890681,0
3,2,1,1,1,1,0.56,10.55,129.91,0.2141,4,30.18,309.0,0,1,0,0.7071067811865476,0.7071067811865476,1
3,4,1,1,1,1,0.78,1.47,35.3,0.0197,3,40.35,562.28,1,1,2,0.7071067811865476,0.7071067811865476,1
8,0,0,0,0,0,3.28,92.65,43.31,0.5169,29,2.8,12.06,0,0,1,0.8660254037844387,-0.4999999999999998,0
2,2,1,1,1,4,0.62,3.18,147.94,0.1161,5,40.21,137.3,0,1,1,0.49999999999999994,0.8660254037844387,1
8,4,0,0,0,2,1.84,66.72,63.33,0.5743,11,9.28,43.43,0,0,0,0.8660254037844387,-0.4999999999999998,0
12,1,0,0,0,2,4.01,88.3,61.86,0.477,27,8.79,21.0,0,0,0,1.2246467991473532e-16,-1.0,0
5,0,0,0,0,0,4.53,109.9,33.6,0.4658,3,9.43,31.19,0,0,0,0.9659258262890683,0.25881904510252074,0
22,2,0,0,0,0,2.9,100.44,31.56,0.4739,9,2.97,37.73,0,0,0,-0.5000000000000004,0.8660254037844384,0
9,0,0,0,0,0,0.76,46.01,76.82,0.5211,3,4.9,29.59,0,0,1,0.7071067811865476,-0.7071067811865475,0
18,3,0,0,0,0,0.68,87.12,47.51,0.5835,24,3.99,27.48,0,0,0,-1.0,-1.8369701987210297e-16,0
7,3,0,0,0,1,2.28,30.28,40.84,0.4288,8,1.13,40.33,0,0,0,0.9659258262890683,-0.25881904510252063,0
8,6,0,0,0,0,1.15,95.51,49.17,0.3183,7,7.26,47.12,0,0,0,0.8660254037844387,-0.4999999999999998,0
12,3,0,1,0,0,4.23,33.39,70.0,0.32,16,6.61,33.18,0,0,0,1.2246467991473532e-16,-1.0,0
9,5,0,0,0,1,3.58,98.98,48.34,0.3651,21,3.59,28.8,1,0,1,0.7071067811865476,-0.7071067811865475,0
16,1,0,0,0,0,2.32,102.71,49.65,0.4157,13,9.93,34.79,0,0,0,-0.8660254037844385,-0.5000000000000004,0
15,2,0,0,0,0,1.77,79.58,34.91,0.6681,16,5.06,7.61,0,0,1,-0.7071067811865471,-0.7071067811865479,0
13,5,0,1,0,0,4.98,29.28,70.66,0.6646,9,2.34,1.35,0,0,0,-0.2588190451025208,-0.9659258262890683,0
8,2,0,0,0,0,4.24,89.38,75.1,0.3063,5,4.21,20.04,0,0,0,0.8660254037844387,-0.4999999999999998,0
11,6,0,0,0,0,0.59,80.16,49.62,0.401,14,8.91,13.65,0,0,1,0.258819045102521,-0.9659258262890682,0
1,1,1,1,1,0,0.68,8.1,69.12,0.1091,1,11.54,330.93,1,1,2,0.25881904510252074,0.9659258262890683,1
19,5,1,0,0,0,4.73,30.15,49.76,0.3693,21,5.06,3.69,0,0,1,-0.9659258262890684,0.2588190451025203,0
15,1,0,0,0,0,0.82,90.67,38.73,0.5887,19,8.19,8.21,0,0,0,-0.7071067811865471,-0.7071067811865479,0
10,0,0,0,0,0,2.3,73.02,43.1,0.6707,7,5.99,2.26,0,0,0,0.49999999999999994,-0.8660254037844387,0
20,0,0,0,0,0,4.2,92.63,72.21,0.6446,8,8.76,14.86,0,0,1,-0.8660254037844386,0.5000000000000001,0
1,4,1,1,1,3,0.19,5.33,26.72,0.169,4,29.89,671.77,1,1,0,0.25881904510252074,0.9659258262890683,1
23,3,0,1,0,1,0.88,3.79,40.07,0.2868,2,43.15,680.22,0,0,0,-0.25881904510252157,0.9659258262890681,1
8,1,0,0,0,0,0.95,33.83,55.18,0.551,17,9.75,46.03,0,0,1,0.8660254037844387,-0.4999999999999998,0
20,1,0,1,0,2,4.95,17.19,32.02,0.3542,7,5.36,27.82,0,0,1,-0.8660254037844386,0.5000000000000001,0
11,5,0,0,0,0,1.81,16.73,54.83,0.566,3,1.16,3.22,0,0,2,0.258819045102521,-0.9659258262890682,0
10,6,0,0,0,0,2.65,74.34,32.91,0.3661,3,1.37,6.66,0,0,1,0.49999999999999994,-0.8660254037844387,0
20,0,1,1,1,2,0.79,9.13,132.45,0.1912,2,25.61,389.2,0,1,1,-0.8660254037844386,0.5000000000000001,1
15,2,0,0,0,0,3.55,106.21,38.85,0.4927,6,7.99,30.73,0,0,2,-0.7071067811865471,-0.7071067811865479,0
21,3,0,0,0,0,4.55,68.92,41.9,0.4438,12,9.68,47.9,0,0,0,-0.7071067811865477,0.7071067811865474,0
9,3,0,0,0,0,1.02,116.51,79.47,0.3949,29,4.72,9.42,0,0,0,0.7071067811865476,-0.7071067811865475,0
17,5,0,0,0,0,1.55,116.87,66.12,0.6106,8,6.07,46.43,0,0,0,-0.9659258262890683,-0.25881904510252063,0
16,3,0,0,0,0,3.97,24.87,73.76,0.5686,8,2.62,37.55,0,0,0,-0.8660254037844385,-0.5000000000000004,0
9,0,0,0,0,0,4.48,37.45,40.96,0.5052,22,2.57,14.95,0,0,1,0.7071067811865476,-0.7071067811865475,0
20,2,0,0,1,0,0.65,45.06,70.7,0.3486,22,6.35,44.45,0,0,1,-0.8660254037844386,0.5000000000000001,0
8,3,0,0,0,1,4.77,16.81,40.26,0.4066,9,9.23,32.19,0,0,1,0.8660254037844387,-0.4999999999999998,0
10,2,0,0,0,0,3.66,40.06,47.5,0.3482,19,3.37,33.71,0,0,2,0.49999999999999994,-0.8660254037844387,0
2,2,1,0,1,2,0.51,2.92,14.15,0.2695,3,34.22,298.96,1,1,2,0.49999999999999994,0.8660254037844387,1
16,6,0,0,0,0,0.56,58.57,62.59,0.5058,30,3.91,44.7,0,0,0,-0.8660254037844385,-0.5000000000000004,0
10,1,0,0,0,0,4.88,52.63,45.74,0.4359,16,4.14,46.83,0,0,0,0.49999999999999994,-0.8660254037844387,0
0,5,0,1,0,0,1.38,89.5,45.16,0.4997,27,1.2,11.84,0,0,1,0.0,1.0,0
9,6,1,0,1,0,0.81,27.32,49.03,0.6508,23,9.73,1.19,0,0,0,0.7071067811865476,-0.7071067811865475,0
16,6,0,0,0,0,4.19,12.8,50.78,0.412,26,2.54,37.3,0,0,0,-0.8660254037844385,-0.5000000000000004,0
10,5,1,0,1,0,0.65,12.08,31.99,0.4064,24,7.07,15.19,1,0,1,0.49999999999999994,-0.8660254037844387,0
3,6,1,1,0,0,0.44,5.16,71.89,0.1159,5,35.18,186.34,1,1,1,0.7071067811865476,0.7071067811865476,1
16,1,0,0,0,0,4.23,110.81,42.93,0.591,18,3.01,47.77,0,0,2,-0.8660254037844385,-0.5000000000000004,0
8,6,0,0,1,0,4.41,118.74,34.48,0.4962,22,3.02,12.65,0,0,1,0.8660254037844387,-0.4999999999999998,0
10,2,0,0,0,0,1.38,65.02,64.46,0.3491,18,8.17,44.68,0,0,0,0.49999999999999994,-0.8660254037844387,0
16,5,0,0,0,0,0.92,20.86,68.65,0.6507,13,5.44,32.96,0,0,1,-0.8660254037844385,-0.5000000000000004,0
9,3,0,0,0,0,2.31,118.29,61.36,0.5671,16,8.27,36.22,1,0,1,0.7071067811865476,-0.7071067811865475,0
7,2,0,0,0,0,3.38,52.76,68.83,0.3136,9,2.78,31.74,0,0,2,0.9659258262890683,-0.25881904510252063,0
19,5,0,0,0,0,3.62,52.19,79.02,0.4124,9,7.98,36.89,0,0,1,-0.9659258262890684,0.2588190451025203,0
12,3,1,1,1,2,0.65,13.51,128.66,0.0218,4,25.43,471.87,1,1,1,1.2246467991473532e-16,-1.0,1
1,6,0,0,0,0,3.96,88.22,79.39,0.6081,18,4.6,8.09,1,0,0,0.25881904510252074,0.9659258262890683,0
15,5,0,0,0,1,0.76,113.01,32.19,0.6901,16,3.8,16.53,0,0,1,-0.7071067811865471,-0.7071067811865479,0
12,3,0,0,0,0,4.17,55.46,70.61,0.5004,3,1.13,4.26,0,0,0,1.2246467991473532e-16,-1.0,0
5,3,1,0,0,0,3.33,49.23,57.93,0.339,27,5.57,13.63,0,0,1,0.9659258262890683,0.25881904510252074,0
3,2,1,1,1,5,0.25,14.65,36.56,0.1632,3,40.9,210.45,0,1,1,0.7071067811865476,0.7071067811865476,1
14,0,0,0,0,0,2.12,64.47,30.18,0.4881,20,6.22,40.2,0,0,1,-0.4999999999999997,-0.8660254037844388,0
16,6,0,0,0,0,2.57,70.96,33.21,0.531,11,1.96,12.81,0,0,0,-0.8660254037844385,-0.5000000000000004,0
3,2,0,0,0,0,1.17,83.7,48.03,0.6771,3,7.14,34.2,0,0,0,0.7071067811865476,0.7071067811865476,0
3,2,0,0,0,0,3.98,84.4,54.99,0.3736,3,2.68,20.56,0,0,0,0.7071067811865476,0.7071067811865476,0
3,5,1,1,1,3,0.51,3.22,57.72,0.0789,4,28.49,280.04,0,0,2,0.7071067811865476,0.7071067811865476,1
19,2,0,0,0,2,4.07,72.98,53.29,0.5005,17,3.7,22.49,0,0,1,-0.9659258262890684,0.2588190451025203,0
7,2,0,1,0,0,0.8,44.71,41.43,0.6922,17,9.19,8.87,0,0,1,0.9659258262890683,-0.25881904510252063,0
9,1,0,0,0,0,3.5,93.88,39.77,0.4584,24,5.72,37.64,1,0,0,0.7071067811865476,-0.7071067811865475,0
17,2,0,0,0,0,4.24,105.96,41.56,0.6127,8,9.09,9.89,0,0,1,-0.9659258262890683,-0.25881904510252063,0
10,0,0,0,0,0,1.94,75.94,70.17,0.4013,20,3.99,9.84,1,0,0,0.49999999999999994,-0.8660254037844387,0
20,3,0,0,0,0,0.76,42.92,37.53,0.5239,18,7.56,4.2,0,0,0,-0.8660254037844386,0.5000000000000001,0
18,0,0,0,0,0,0.98,39.64,46.11,0.3132,23,7.84,40.68,0,0,0,-1.0,-1.8369701987210297e-16,0
1,1,0,0,0,0,4.43,36.71,70.23,0.3778,8,3.31,28.64,0,0,0,0.25881904510252074,0.9659258262890683,0
14,1,0,0,0,0,4.77,45.66,74.11,0.6677,23,7.26,37.71,0,0,0,-0.4999999999999997,-0.8660254037844388,0
6,1,0,0,0,0,2.44,56.4,61.46,0.5424,2,6.45,39.13,1,0,1,1.0,6.123233995736766e-17,0
19,4,0,0,0,0,2.47,7.42,52.69,0.6347,17,6.11,21.44,0,0,0,-0.9659258262890684,0.2588190451025203,0
14,6,0,0,0,0,1.0,109.12,61.05,0.3507,13,9.48,23.2,0,0,0,-0.4999999999999997,-0.8660254037844388,0
13,3,0,0,1,0,3.87,44.15,30.5,0.5623,25,8.55,16.87,0,0,0,-0.2588190451025208,-0.9659258262890683,0
17,5,0,0,0,0,4.78,88.46,30.12,0.5903,17,6.17,47.19,0,0,0,-0.9659258262890683,-0.25881904510252063,0
16,1,0,0,0,0,2.85,34.0,65.47,0.3704,28,4.59,2.92,1,0,1,-0.8660254037844385,-0.5000000000000004,0
16,4,0,0,0,1,3.68,20.47,63.79,0.6318,10,7.92,44.69,0,0,1,-0.8660254037844385,-0.5000000000000004,0
19,3,0,0,0,0,4.14,42.18,35.76,0.6945,5,2.69,2.21,1,0,0,-0.9659258262890684,0.2588190451025203,0
11,5,1,1,1,4,0.17,9.48,105.85,0.015,1,27.17,649.53,1,1,1,0.258819045102521,-0.9659258262890682,1
9,5,0,1,0,0,1.06,19.2,69.93,0.4811,24,8.83,30.01,1,0,1,0.7071067811865476,-0.7071067811865475,0
10,4,0,0,0,0,3.14,7.52,63.99,0.5474,14,3.2,9.21,0,0,1,0.49999999999999994,-0.8660254037844387,0
12,2,0,0,0,0,2.36,39.53,76.31,0.5188,23,1.11,10.33,0,0,1,1.2246467991473532e-16,-1.0,0
9,0,0,0,0,0,2.0,66.01,60.58,0.4246,20,3.46,39.86,0,0,0,0.7071067811865476,-0.7071067811865475,0
14,5,0,0,0,0,3.8,62.71,69.57,0.5267,28,9.05,14.93,0,0,0,-0.4999999999999997,-0.8660254037844388,0
16,6,0,0,0,0,0.68,111.64,36.46,0.6762,22,6.58,18.23,0,0,1,-0.8660254037844385,-0.5000000000000004,0
17,5,0,0,0,0,0.73,119.68,57.4,0.6351,30,6.26,2.61,0,0,0,-0.9659258262890683,-0.25881904510252063,0
11,2,0,0,0,0,2.1,101.16,48.45,0.581,29,4.39,6.26,0,0,2,0.258819045102521,-0.9659258262890682,0
18,3,0,0,0,0,2.91,65.28,71.66,0.3172,28,9.6,41.18,0,0,0,-1.0,-1.8369701987210297e-16,0
6,2,0,0,0,1,4.66,69.7,70.88,0.5276,27,3.76,12.37,1,0,1,1.0,6.123233995736766e-17,0
23,3,1,1,1,4,0.15,0.53,102.37,0.0254,3,18.19,194.91,0,1,0,-0.25881904510252157,0.9659258262890681,1
8,4,0,0,0,0,1.14,106.27,33.07,0.5177,16,8.07,38.23,0,0,0,0.8660254037844387,-0.4999999999999998,0
17,6,0,0,0,0,1.32,111.41,49.63,0.6979,8,9.1,27.95,0,0,1,-0.9659258262890683,-0.25881904510252063,0
21,3,0,1,0,5,0.6,3.99,56.58,0.0215,4,33.68,554.02,1,1,1,-0.7071067811865477,0.7071067811865474,1
10,0,1,0,0,0,2.32,108.65,35.74,0.5409,5,8.57,5.78,0,0,2,0.49999999999999994,-0.8660254037844387,0
19,4,0,0,0,0,2.06,66.21,45.96,0.5188,3,7.35,0.71,0,0,0,-0.9659258262890684,0.2588190451025203,0
15,6,1,0,0,0,2.78,85.72,74.12,0.4346,12,5.53,27.0,0,0,1,-0.7071067811865471,-0.7071067811865479,0
18,4,0,1,0,4,0.91,8.27,14.64,0.0512,4,13.95,425.08,0,0,1,-1.0,-1.8369701987210297e-16,1
16,1,0,0,0,0,1.18,5.67,54.5,0.452,5,1.79,44.87,0,0,1,-0.8660254037844385,-0.5000000000000004,0
17,2,1,1,1,3,0.81,6.99,56.11,0.0748,2,10.65,645.4,1,1,0,-0.9659258262890683,-0.25881904510252063,1
6,3,0,1,0,0,2.95,6.27,78.59,0.5924,26,5.5,38.29,1,0,0,1.0,6.123233995736766e-17,0
23,0,1,1,0,2,0.59,8.15,15.5,0.1403,5,19.09,623.41,0,1,1,-0.25881904510252157,0.9659258262890681,1
15,4,1,0,0,0,4.12,28.78,71.19,0.4328,13,6.79,15.2,0,0,0,-0.7071067811865471,-0.7071067811865479,0
22,3,0,0,0,1,0.71,15.65,47.34,0.6533,10,8.91,36.53,0,0,1,-0.5000000000000004,0.8660254037844384,0
15,1,0,0,0,0,2.2,82.2,44.75,0.4563,15,2.86,4.67,0,0,1,-0.7071067811865471,-0.7071067811865479,0
12,1,0,0,0,0,3.81,52.78,52.15,0.3657,6,9.43,29.28,0,0,0,1.2246467991473532e-16,-1.0,0
19,1,1,1,1,2,0.7,4.76,51.81,0.0198,5,40.65,517.69,0,1,0,-0.9659258262890684,0.2588190451025203,1
8,0,1,1,1,4,0.74,6.11,82.24,0.1191,5,38.41,205.01,0,0,1,0.8660254037844387,-0.4999999999999998,1
0,0,0,1,0,5,0.81,1.73,15.35,0.0867,5,10.37,242.95,1,1,1,0.0,1.0,1
4,4,0,0,0,0,3.02,47.48,34.56,0.6346,8,2.13,9.96,0,0,2,0.8660254037844386,0.5000000000000001,0
20,5,0,1,0,1,1.37,91.97,58.16,0.6002,9,4.58,2.74,0,0,0,-0.8660254037844386,0.5000000000000001,0
23,3,0,0,1,0,4.69,9.44,76.07,0.6586,7,8.24,32.48,0,0,0,-0.25881904510252157,0.9659258262890681,0
12,1,0,0,0,0,0.85,35.65,59.08,0.6921,5,3.42,41.13,0,0,1,1.2246467991473532e-16,-1.0,0
9,0,0,0,0,0,1.97,119.36,74.05,0.5177,24,2.31,38.89,0,0,0,0.7071067811865476,-0.7071067811865475,0
18,3,0,0,0,2,2.62,98.23,44.3,0.6745,24,5.03,36.82,0,0,1,-1.0,-1.8369701987210297e-16,0
16,0,0,0,0,5,0.27,8.32,71.82,0.1919,3,30.37,519.16,1,1,1,-0.8660254037844385,-0.5000000000000004,1
4,4,1,1,1,5,0.26,4.19,68.58,0.2406,5,16.42,379.04,1,1,1,0.8660254037844386,0.5000000000000001,1
15,1,0,0,0,0,3.81,9.06,59.67,0.5878,24,7.86,14.53,0,0,0,-0.7071067811865471,-0.7071067811865479,0
16,3,0,0,0,0,2.39,53.27,34.01,0.506,2,3.95,18.23,0,0,0,-0.8660254037844385,-0.5000000000000004,0
20,3,1,0,0,1,2.38,73.9,52.7,0.4043,26,6.15,0.56,1,0,1,-0.8660254037844386,0.5000000000000001,0
2,2,1,1,1,3,0.04,8.26,126.38,0.2485,5,10.54,705.07,0,1,1,0.49999999999999994,0.8660254037844387,1
14,3,0,0,0,1,1.8,87.85,61.16,0.4652,20,9.83,15.82,0,0,1,-0.4999999999999997,-0.8660254037844388,0
6,0,0,0,0,0,1.73,25.95,76.15,0.4547,15,2.73,23.1,0,0,0,1.0,6.123233995736766e-17,0
5,0,0,0,0,0,0.95,46.77,69.69,0.5806,28,9.81,9.99,1,0,1,0.9659258262890683,0.25881904510252074,0
7,5,0,0,0,0,1.52,52.78,52.05,0.5689,2,8.08,37.59,0,0,2,0.9659258262890683,-0.25881904510252063,0
3,5,1,1,0,3,0.03,10.61,104.81,0.2195,1,20.83,471.26,0,1,0,0.7071067811865476,0.7071067811865476,1
23,5,1,0,0,3,0.41,9.08,62.2,0.1307,5,22.69,214.46,1,1,2,-0.25881904510252157,0.9659258262890681,1
21,3,0,0,0,1,4.13,35.81,50.16,0.5175,16,5.21,1.14,0,0,0,-0.7071067811865477,0.7071067811865474,0
10,4,0,0,0,0,3.64,37.37,30.98,0.3946,15,8.83,10.61,1,0,0,0.49999999999999994,-0.8660254037844387,0
22,6,0,1,1,4,0.11,6.54,64.17,0.002,1,12.8,395.81,0,1,2,-0.5000000000000004,0.8660254037844384,1
16,1,0,0,0,1,4.54,41.25,60.58,0.3418,3,4.49,30.17,0,0,0,-0.8660254037844385,-0.5000000000000004,0
14,2,1,1,0,2,0.03,7.59,106.93,0.2119,3,23.76,189.17,1,1,1,-0.4999999999999997,-0.8660254037844388,1
14,5,0,0,0,2,2.53,67.3,63.15,0.5818,15,6.88,5.0,0,0,1,-0.4999999999999997,-0.8660254037844388,0
20,4,0,0,1,0,2.66,13.34,42.85,0.3022,28,1.18,42.23,0,0,0,-0.8660254037844386,0.5000000000000001,0
18,5,0,0,0,0,1.12,21.36,66.33,0.4222,16,4.49,5.04,1,0,0,-1.0,-1.8369701987210297e-16,0
15,0,0,0,0,0,2.72,26.86,46.62,0.6314,24,9.37,39.96,0,0,1,-0.7071067811865471,-0.7071067811865479,0
8,2,0,0,0,1,2.24,10.81,50.5,0.4253,15,4.24,18.06,0,0,0,0.8660254037844387,-0.4999999999999998,0
19,1,0,0,0,0,4.06,19.43,63.18,0.5983,2,2.89,12.2,0,0,2,-0.9659258262890684,0.2588190451025203,0
17,1,0,0,0,0,1.65,47.11,60.86,0.6731,20,7.21,47.16,0,0,1,-0.9659258262890683,-0.25881904510252063,0
21,2,0,0,0,0,1.07,108.12,53.2,0.3426,4,4.54,25.51,0,0,0,-0.7071067811865477,0.7071067811865474,0
23,5,1,1,1,1,0.39,5.61,124.65,0.2553,1,15.99,544.79,0,1,0,-0.25881904510252157,0.9659258262890681,1
19,5,0,0,1,5,0.94,1.98,93.66,0.2382,3,32.89,633.6,0,1,2,-0.9659258262890684,0.2588190451025203,1
11,5,0,0,0,0,4.88,82.58,74.67,0.3617,13,5.31,32.79,0,0,1,0.258819045102521,-0.9659258262890682,0
18,3,0,0,0,0,0.69,12.18,33.97,0.6611,17,4.78,23.84,0,0,1,-1.0,-1.8369701987210297e-16,0
17,4,0,0,0,0,1.63,79.96,32.35,0.5164,4,9.33,19.35,0,0,0,-0.9659258262890683,-0.25881904510252063,0
15,2,0,0,0,0,1.75,59.33,48.53,0.5295,10,5.86,43.59,0,0,0,-0.7071067811865471,-0.7071067811865479,0
20,6,0,0,0,0,1.31,29.31,55.58,0.4572,7,6.22,11.05,1,0,2,-0.8660254037844386,0.5000000000000001,0
6,0,0,0,0,0,4.26,45.85,40.35,0.6787,5,8.72,4.49,0,0,0,1.0,6.123233995736766e-17,0
9,1,0,1,1,0,1.93,26.37,40.56,0.4281,27,7.03,8.77,0,0,0,0.7071067811865476,-0.7071067811865475,0
12,4,0,0,1,1,0.66,17.92,53.88,0.5975,12,5.97,33.21,0,0,0,1.2246467991473532e-16,-1.0,0
8,6,0,0,0,0,4.29,10.44,57.02,0.5885,6,7.51,33.28,0,0,1,0.8660254037844387,-0.4999999999999998,0
18,3,0,0,0,0,2.83,75.17,79.36,0.5583,8,2.5,37.53,0,0,0,-1.0,-1.8369701987210297e-16,0
19,2,0,0,0,0,1.37,5.49,43.73,0.5372,8,6.23,31.2,1,0,2,-0.9659258262890684,0.2588190451025203,0
3,4,1,1,1,4,0.8,8.8,78.83,0.284,5,38.32,635.13,1,1,1,0.7071067811865476,0.7071067811865476,1
20,1,0,0,0,0,4.02,37.3,62.82,0.6852,15,8.2,45.74,0,0,1,-0.8660254037844386,0.5000000000000001,0
6,4,0,1,0,0,2.7,53.96,48.25,0.4775,25,3.93,45.07,0,0,1,1.0,6.123233995736766e-17,0
12,6,0,0,0,0,1.4,83.73,68.86,0.5565,24,7.99,23.46,0,0,0,1.2246467991473532e-16,-1.0,0
16,3,0,0,0,0,2.27,46.69,46.28,0.3876,2,6.75,33.78,0,0,1,-0.8660254037844385,-0.5000000000000004,0
3,3,0,1,1,0,0.07,6.98,53.54,0.0498,5,39.84,149.6,0,1,2,0.7071067811865476,0.7071067811865476,1
20,5,0,0,0,1,4.31,59.72,72.62,0.4184,3,7.96,23.75,0,0,1,-0.8660254037844386,0.5000000000000001,0
16,2,0,0,0,0,4.78,109.19,57.88,0.5577,30,8.28,3.83,0,0,0,-0.8660254037844385,-0.5000000000000004,0
18,0,0,0,0,0,2.15,109.13,55.84,0.532,25,9.21,12.28,0,0,1,-1.0,-1.8369701987210297e-16,0
12,1,0,0,0,0,3.25,98.04,30.6,0.642,9,8.94,39.39,0,0,0,1.2246467991473532e-16,-1.0,0
16,3,0,0,0,0,2.47,33.62,65.57,0.345,7,5.64,36.11,0,0,1,-0.8660254037844385,-0.5000000000000004,0
11,0,0,0,0,0,2.37,104.19,57.65,0.6416,11,9.39,8.68,0,0,0,0.258819045102521,-0.9659258262890682,0
2,5,1,1,1,5,0.87,8.66,28.84,0.0557,1,33.47,172.43,0,1,0,0.49999999999999994,0.8660254037844387,1
1,4,1,1,1,3,0.57,12.71,117.4,0.1112,4,27.97,127.7,1,1,1,0.25881904510252074,0.9659258262890683,1
11,6,0,0,0,0,4.73,60.96,47.61,0.5381,29,6.82,1.37,0,0,0,0.258819045102521,-0.9659258262890682,0
6,4,0,0,0,0,2.27,76.51,38.42,0.4814,8,9.33,2.92,0,0,1,1.0,6.123233995736766e-17,0
20,0,0,0,0,0,1.45,94.22,48.42,0.6711,28,1.17,47.89,1,0,1,-0.8660254037844386,0.5000000000000001,0
10,1,0,0,0,0,1.68,69.45,58.56,0.6333,25,1.23,42.75,1,0,1,0.49999999999999994,-0.8660254037844387,0
8,3,0,0,0,1,4.63,29.5,52.36,0.4104,21,4.58,11.78,0,0,1,0.8660254037844387,-0.4999999999999998,0
23,4,1,0,0,0,2.15,21.08,52.95,0.3647,26,8.93,9.21,1,0,1,-0.25881904510252157,0.9659258262890681,0
11,4,0,0,0,0,1.81,100.11,60.73,0.4279,5,5.12,7.42,0,0,0,0.258819045102521,-0.9659258262890682,0
2,1,1,1,0,5,0.78,14.7,46.88,0.1552,5,14.13,237.38,1,1,1,0.49999999999999994,0.8660254037844387,1
22,0,1,1,1,2,0.77,8.71,48.81,0.0246,2,43.82,171.58,1,1,2,-0.5000000000000004,0.8660254037844384,1
13,2,0,0,0,0,1.31,109.71,76.74,0.5161,2,4.35,39.75,0,0,0,-0.2588190451025208,-0.9659258262890683,0
15,6,0,0,0,0,1.49,117.99,57.66,0.4715,11,2.05,33.82,0,0,0,-0.7071067811865471,-0.7071067811865479,0
11,5,0,0,0,0,3.73,104.95,56.23,0.3206,9,9.69,28.52,0,0,0,0.258819045102521,-0.9659258262890682,0
16,4,1,1,1,3,0.96,11.52,83.22,0.2778,4,18.0,466.54,1,1,0,-0.8660254037844385,-0.5000000000000004,1
0,0,1,1,1,0,0.8,7.52,31.53,0.0587,2,23.23,617.23,1,1,1,0.0,1.0,1
8,3,0,0,0,0,2.52,119.8,47.38,0.5503,24,9.3,38.93,0,0,1,0.8660254037844387,-0.4999999999999998,0
18,5,0,0,0,2,0.54,73.61,60.13,0.686,18,3.89,22.41,0,0,1,-1.0,-1.8369701987210297e-16,0
18,5,0,0,0,1,3.63,44.94,59.97,0.4995,29,8.92,9.27,0,0,1,-1.0,-1.8369701987210297e-16,0
15,2,0,0,0,0,0.52,104.65,76.88,0.6112,5,6.66,21.91,0,0,0,-0.7071067811865471,-0.7071067811865479,0
18,6,0,0,0,1,2.71,74.2,50.53,0.4136,20,3.88,29.74,0,0,1,-1.0,-1.8369701987210297e-16,0
19,4,0,0,0,0,3.99,39.46,56.65,0.5294,28,4.72,1.2,0,0,1,-0.9659258262890684,0.2588190451025203,0
12,0,0,0,0,0,1.79,35.93,65.92,0.3918,24,6.29,6.93,0,0,0,1.2246467991473532e-16,-1.0,0
16,5,0,0,0,0,3.87,30.82,48.64,0.6878,5,3.06,28.23,1,0,2,-0.8660254037844385,-0.5000000000000004,0
7,6,0,0,1,0,2.98,65.76,71.94,0.6356,3,6.86,47.7,0,0,1,0.9659258262890683,-0.25881904510252063,0
13,5,0,0,0,0,0.66,31.2,45.3,0.6436,28,5.58,19.43,0,0,1,-0.2588190451025208,-0.9659258262890683,0
5,3,1,0,1,5,0.09,7.37,62.93,0.2547,5,27.04,424.85,1,0,0,0.9659258262890683,0.25881904510252074,1
10,6,0,0,0,2,1.2,28.24,60.49,0.6143,11,2.55,22.53,0,0,1,0.49999999999999994,-0.8660254037844387,0
21,3,0,0,0,0,3.34,108.0,37.72,0.4983,18,5.32,38.3,1,0,1,-0.7071067811865477,0.7071067811865474,0
11,3,0,0,0,0,1.34,58.12,43.18,0.405,4,1.01,23.54,1,0,0,0.258819045102521,-0.9659258262890682,0
21,1,1,1,1,0,0.45,12.56,11.96,0.1862,3,36.45,585.65,0,1,1,-0.7071067811865477,0.7071067811865474,1
21,5,0,0,0,2,3.22,31.64,64.27,0.3898,30,5.33,27.4,0,0,0,-0.7071067811865477,0.7071067811865474,0
17,1,0,0,0,0,1.8,36.46,35.73,0.6024,23,4.21,11.79,0,0,2,-0.9659258262890683,-0.25881904510252063,0
13,1,1,1,0,0,0.74,14.54,137.17,0.245,1,30.77,290.39,0,1,0,-0.2588190451025208,-0.9659258262890683,1
12,0,0,0,0,0,4.19,43.08,37.0,0.3905,17,4.26,40.87,0,0,1,1.2246467991473532e-16,-1.0,0
17,3,0,0,0,0,1.6,105.83,78.8,0.4851,18,1.28,27.04,0,0,1,-0.9659258262890683,-0.25881904510252063,0
19,1,0,0,0,0,4.65,25.72,31.95,0.692,15,8.88,23.92,1,0,2,-0.9659258262890684,0.2588190451025203,0
16,2,0,0,0,0,4.37,11.28,41.96,0.6781,23,5.34,20.52,0,0,0,-0.8660254037844385,-0.5000000000000004,0
11,0,0,0,0,0,2.75,20.41,31.03,0.4614,26,6.82,27.93,1,0,0,0.258819045102521,-0.9659258262890682,0
23,5,0,0,0,0,1.5,37.85,41.32,0.5456,29,5.23,15.45,0,0,1,-0.25881904510252157,0.9659258262890681,0
14,3,0,0,0,0,0.75,92.6,41.73,0.5511,22,1.49,23.44,0,0,1,-0.4999999999999997,-0.8660254037844388,0
11,3,0,1,0,2,3.3,51.32,56.13,0.6048,10,9.38,13.92,0,0,0,0.258819045102521,-0.9659258262890682,0
17,6,0,0,0,1,1.81,113.58,66.51,0.6266,26,2.99,35.55,0,0,0,-0.9659258262890683,-0.25881904510252063,0
22,6,0,0,0,2,3.86,35.46,33.84,0.6065,8,6.57,32.74,1,0,1,-0.5000000000000004,0.8660254037844384,0
21,6,0,0,0,0,3.58,86.2,55.15,0.6032,22,9.26,5.1,0,0,0,-0.7071067811865477,0.7071067811865474,0
18,1,1,0,0,2,2.61,18.15,30.99,0.3072,28,2.65,29.06,0,0,0,-1.0,-1.8369701987210297e-16,0
13,5,0,0,0,0,4.8,21.14,38.53,0.6401,30,7.27,25.28,0,0,0,-0.2588190451025208,-0.9659258262890683,0
8,2,0,0,0,0,1.38,31.03,45.16,0.4726,28,8.85,35.68,0,0,0,0.8660254037844387,-0.4999999999999998,0
17,6,0,0,1,0,1.09,28.77,67.78,0.6476,3,4.31,19.88,1,0,0,-0.9659258262890683,-0.25881904510252063,0
12,0,0,1,0,0,3.64,72.39,65.4,0.4237,9,7.44,23.4,0,0,0,1.2246467991473532e-16,-1.0,0
18,3,0,0,0,0,2.64,7.12,39.84,0.445,25,8.29,47.98,0,0,1,-1.0,-1.8369701987210297e-16,0
21,2,0,0,0,1,2.02,95.82,35.96,0.5376,10,2.11,23.66,0,0,1,-0.7071067811865477,0.7071067811865474,0
16,6,0,0,0,0,1.23,52.54,63.89,0.314,8,2.28,13.3,0,0,2,-0.8660254037844385,-0.5000000000000004,0
17,1,0,0,0,0,3.0,43.37,69.83,0.5954,7,8.45,1.12,0,0,0,-0.9659258262890683,-0.25881904510252063,0
22,4,0,0,0,0,3.17,9.12,61.44,0.5044,16,6.21,15.98,0,0,0,-0.5000000000000004,0.8660254037844384,0
6,0,0,0,0,0,4.49,112.48,57.85,0.3403,22,9.15,47.49,0,0,1,1.0,6.123233995736766e-17,0
21,3,1,0,1,0,1.61,27.54,42.57,0.5276,14,2.49,12.55,0,0,1,-0.7071067811865477,0.7071067811865474,0
16,5,0,0,0,0,4.3,33.04,59.8,0.3426,25,1.47,34.18,0,0,1,-0.8660254037844385,-0.5000000000000004,0
11,6,0,0,0,0,0.92,82.5,40.79,0.5641,3,9.21,43.74,0,0,0,0.258819045102521,-0.9659258262890682,0
13,1,0,0,1,2,1.85,86.29,51.01,0.4994,27,2.38,42.01,0,0,0,-0.2588190451025208,-0.9659258262890683,0
17,1,1,1,0,1,0.2,7.54,100.3,0.0722,5,18.87,613.43,1,1,1,-0.9659258262890683,-0.25881904510252063,1
19,4,0,0,0,0,3.49,66.02,71.97,0.5118,7,4.51,8.71,0,0,1,-0.9659258262890684,0.2588190451025203,0
20,1,0,0,0,0,2.69,53.4,61.12,0.3007,9,1.95,25.23,0,0,0,-0.8660254037844386,0.5000000000000001,0
9,5,1,0,1,1,2.05,105.59,79.7,0.3033,23,4.55,17.99,1,0,0,0.7071067811865476,-0.7071067811865475,0
17,4,1,0,0,1,1.76,67.04,57.21,0.5677,14,2.94,5.52,0,0,0,-0.9659258262890683,-0.25881904510252063,0
10,2,0,0,0,0,2.63,12.82,31.99,0.5694,13,9.96,37.84,0,0,1,0.49999999999999994,-0.8660254037844387,0
6,6,0,0,0,0,3.36,65.33,56.69,0.4875,8,1.03,39.44,0,0,1,1.0,6.123233995736766e-17,0
13,5,0,0,0,0,3.78,119.33,64.03,0.6316,27,3.62,33.0,0,0,0,-0.2588190451025208,-0.9659258262890683,0
8,2,0,0,0,0,0.54,8.76,50.74,0.5014,19,2.92,14.51,1,0,2,0.8660254037844387,-0.4999999999999998,0
10,4,0,0,0,0,3.68,100.62,50.97,0.3222,19,1.75,8.54,0,0,0,0.49999999999999994,-0.8660254037844387,0
17,6,0,1,1,1,0.91,6.4,105.75,0.0324,4,18.91,281.13,1,0,1,-0.9659258262890683,-0.25881904510252063,1
4,3,1,1,1,0,0.02,14.16,39.17,0.2503,5,41.3,499.6,1,1,2,0.8660254037844386,0.5000000000000001,1
19,2,0,0,0,0,2.61,18.73,47.55,0.4259,19,8.13,11.76,0,0,0,-0.9659258262890684,0.2588190451025203,0
11,4,0,0,0,0,0.86,5.31,64.57,0.5691,8,4.62,2.83,0,0,2,0.258819045102521,-0.9659258262890682,0
20,6,0,0,0,0,1.59,63.99,68.9,0.6908,21,3.22,26.01,0,0,0,-0.8660254037844386,0.5000000000000001,0
20,5,0,0,0,0,4.0,60.45,41.49,0.308,11,1.58,44.36,0,0,1,-0.8660254037844386,0.5000000000000001,0
7,0,1,0,0,0,1.04,31.86,38.53,0.5512,8,6.07,31.39,0,0,0,0.9659258262890683,-0.25881904510252063,0
20,6,0,0,0,1,3.65,16.7,55.65,0.5632,14,3.94,24.32,0,0,0,-0.8660254037844386,0.5000000000000001,0
9,0,0,0,0,0,1.51,11.91,63.17,0.3952,6,7.22,20.24,0,0,1,0.7071067811865476,-0.7071067811865475,0
12,5,0,0,0,0,0.53,27.46,62.5,0.6301,24,5.88,19.1,1,0,0,1.2246467991473532e-16,-1.0,0
9,0,0,0,0,0,3.32,109.0,65.5,0.3948,13,9.39,20.92,0,0,1,0.7071067811865476,-0.7071067811865475,0
23,0,1,1,1,1,0.33,4.12,138.58,0.0641,3,34.99,645.76,1,1,0,-0.25881904510252157,0.9659258262890681,1
9,5,0,0,0,0,3.94,70.23,34.9,0.5615,25,9.73,33.53,1,0,0,0.7071067811865476,-0.7071067811865475,0
23,0,0,0,0,1,3.1,65.61,55.74,0.305,29,2.43,14.56,0,0,0,-0.25881904510252157,0.9659258262890681,0
0,2,0,0,0,0,2.89,36.49,64.52,0.3633,12,3.8,10.35,0,0,0,0.0,1.0,0
20,5,0,0,0,0,4.45,5.08,47.24,0.35,8,9.25,41.78,0,0,0,-0.8660254037844386,0.5000000000000001,0
15,5,0,0,0,0,2.64,44.79,64.38,0.5538,13,8.5,13.79,0,0,2,-0.7071067811865471,-0.7071067811865479,0
8,5,0,0,0,0,2.07,39.03,75.39,0.5383,10,6.49,31.11,0,0,0,0.8660254037844387,-0.4999999999999998,0
12,0,0,0,0,0,3.61,99.04,64.99,0.4037,3,3.81,28.25,0,0,1,1.2246467991473532e-16,-1.0,0
7,0,0,0,0,0,1.81,90.74,53.89,0.5995,17,3.81,26.48,0,0,0,0.9659258262890683,-0.25881904510252063,0
20,5,0,1,0,0,4.02,44.22,34.5,0.6813,14,6.2,47.1,0,0,1,-0.8660254037844386,0.5000000000000001,0
23,6,1,1,0,4,0.43,14.77,137.97,0.0589,4,36.98,168.83,0,0,1,-0.25881904510252157,0.9659258262890681,1
15,3,0,0,1,0,4.94,58.33,35.23,0.5795,13,1.05,12.26,0,0,0,-0.7071067811865471,-0.7071067811865479,0
21,1,0,0,0,0,3.89,85.72,64.14,0.6966,5,4.69,4.77,0,0,0,-0.7071067811865477,0.7071067811865474,0
23,1,0,0,0,0,1.67,43.89,65.57,0.3667,21,4.96,17.05,0,0,1,-0.25881904510252157,0.9659258262890681,0
2,4,1,1,0,3,0.83,7.9,15.92,0.032,5,19.62,447.24,0,1,1,0.49999999999999994,0.8660254037844387,1
23,2,0,1,0,0,4.3,111.28,71.94,0.6156,18,6.64,46.46,0,0,0,-0.25881904510252157,0.9659258262890681,0
21,1,1,1,1,5,0.86,12.89,48.56,0.1678,2,22.0,584.31,1,1,0,-0.7071067811865477,0.7071067811865474,1
12,5,0,0,1,0,1.8,9.29,37.26,0.6758,14,4.01,8.62,0,0,1,1.2246467991473532e-16,-1.0,0
3,5,1,1,1,5,0.07,12.04,132.07,0.0753,2,27.02,676.08,0,0,0,0.7071067811865476,0.7071067811865476,1
10,6,0,0,0,0,0.82,19.16,49.43,0.3724,25,1.91,31.32,0,0,0,0.49999999999999994,-0.8660254037844387,0
22,1,1,1,0,1,0.07,14.58,39.14,0.2634,4,28.93,453.1,0,0,1,-0.5000000000000004,0.8660254037844384,1
4,1,0,1,1,4,0.07,14.12,91.75,0.2009,1,43.92,504.69,1,0,1,0.8660254037844386,0.5000000000000001,1
18,3,1,1,1,3,0.18,12.28,146.9,0.2211,5,25.52,559.82,0,1,2,-1.0,-1.8369701987210297e-16,1
6,1,1,1,0,1,0.5,9.34,43.1,0.1197,5,34.84,201.41,1,1,0,1.0,6.123233995736766e-17,1
16,5,0,1,0,0,0.85,112.32,62.48,0.3904,22,4.85,36.99,0,0,0,-0.8660254037844385,-0.5000000000000004,0
9,3,0,0,1,0,1.56,21.84,41.67,0.3329,28,3.55,22.41,0,0,1,0.7071067811865476,-0.7071067811865475,0
8,3,0,1,0,0,1.55,77.44,33.46,0.4178,30,9.21,10.49,0,0,1,0.8660254037844387,-0.4999999999999998,0
15,3,0,0,0,0,3.25,106.75,31.62,0.4849,5,5.59,1.96,0,0,1,-0.7071067811865471,-0.7071067811865479,0
17,5,0,0,0,0,4.67,23.34,34.02,0.4364,20,4.75,11.56,0,0,0,-0.9659258262890683,-0.25881904510252063,0
6,5,0,0,0,0,2.32,106.72,63.5,0.6135,4,1.22,4.18,0,0,0,1.0,6.123233995736766e-17,0
3,2,0,0,0,0,1.58,71.13,60.36,0.408,18,3.17,46.74,0,0,0,0.7071067811865476,0.7071067811865476,0
2,1,0,0,1,4,0.06,2.11,137.68,0.1618,2,32.99,563.53,1,1,1,0.49999999999999994,0.8660254037844387,1
16,1,0,0,0,0,3.84,7.74,45.11,0.4281,23,2.13,41.41,0,0,1,-0.8660254037844385,-0.5000000000000004,0
12,1,0,0,0,1,3.02,117.98,50.58,0.6641,27,2.46,39.09,0,0,2,1.2246467991473532e-16,-1.0,0
18,2,0,0,0,0,2.87,111.94,43.43,0.6939,19,3.56,1.69,0,0,0,-1.0,-1.8369701987210297e-16,0
21,2,0,0,0,0,3.44,46.4,33.44,0.5502,12,2.24,34.42,0,0,1,-0.7071067811865477,0.7071067811865474,0
16,2,0,0,0,0,2.34,41.9,52.31,0.6348,16,2.12,38.35,0,0,0,-0.8660254037844385,-0.5000000000000004,0
18,5,0,0,0,0,1.75,102.61,55.22,0.6794,19,8.82,18.47,0,0,1,-1.0,-1.8369701987210297e-16,0
9,0,0,0,0,0,1.1,26.91,55.76,0.4215,8,2.32,9.65,0,0,1,0.7071067811865476,-0.7071067811865475,0
1,1,1,0,1,1,0.09,6.78,35.99,0.053,4,49.12,678.2,1,1,1,0.25881904510252074,0.9659258262890683,1
8,0,0,0,0,0,2.48,39.6,67.96,0.5665,9,5.6,27.61,0,0,1,0.8660254037844387,-0.4999999999999998,0
13,3,0,0,0,0,1.75,77.08,52.25,0.3561,2,1.6,47.3,0,0,1,-0.2588190451025208,-0.9659258262890683,0
15,6,0,0,0,0,3.36,63.18,35.48,0.6712,16,2.92,24.12,0,0,0,-0.7071067811865471,-0.7071067811865479,0
21,2,0,0,0,0,3.95,53.17,69.98,0.6876,2,7.49,24.17,0,0,0,-0.7071067811865477,0.7071067811865474,0
16,0,0,0,0,0,1.55,11.5,42.23,0.3915,15,7.7,23.77,0,0,0,-0.8660254037844385,-0.5000000000000004,0
20,2,0,0,0,0,3.33,67.78,59.29,0.6548,25,9.86,29.12,0,0,0,-0.8660254037844386,0.5000000000000001,0
14,2,0,0,0,0,0.83,32.72,35.54,0.3917,23,7.01,41.87,0,0,0,-0.4999999999999997,-0.8660254037844388,0
7,4,0,0,0,0,3.39,60.82,64.48,0.5655,23,2.82,12.81,0,0,0,0.9659258262890683,-0.25881904510252063,0
9,0,0,0,0,0,0.69,93.69,66.8,0.6755,26,9.63,8.33,0,0,1,0.7071067811865476,-0.7071067811865475,0
16,0,0,0,0,1,1.78,113.26,73.5,0.5128,8,6.68,44.05,1,0,0,-0.8660254037844385,-0.5000000000000004,0
5,5,0,1,0,0,3.37,109.76,36.11,0.5482,3,5.55,32.37,0,0,0,0.9659258262890683,0.25881904510252074,0
16,6,0,0,0,0,1.07,10.99,33.01,0.6785,13,5.77,0.74,0,0,1,-0.8660254037844385,-0.5000000000000004,0
18,1,0,0,0,2,3.2,52.95,42.07,0.4341,9,7.83,3.12,1,0,0,-1.0,-1.8369701987210297e-16,0
9,2,0,1,0,0,2.6,62.63,58.88,0.6168,19,9.72,20.79,0,0,0,0.7071067811865476,-0.7071067811865475,0
16,3,1,1,1,5,0.98,7.03,120.77,0.1177,1,13.89,378.63,0,1,0,-0.8660254037844385,-0.5000000000000004,1
13,1,0,0,0,0,1.27,90.44,63.99,0.4998,10,3.53,43.57,0,0,2,-0.2588190451025208,-0.9659258262890683,0
18,4,0,0,0,0,1.24,47.11,39.39,0.4875,25,5.83,14.57,0,0,1,-1.0,-1.8369701987210297e-16,0
21,4,0,0,0,0,4.41,57.48,34.45,0.6841,25,1.96,28.75,0,0,2,-0.7071067811865477,0.7071067811865474,0
9,0,0,0,1,0,3.36,29.55,74.05,0.3933,5,7.42,46.29,0,0,1,0.7071067811865476,-0.7071067811865475,0
2,2,1,1,1,1,0.29,3.62,33.82,0.069,5,46.97,192.18,1,1,0,0.49999999999999994,0.8660254037844387,1
9,4,0,0,0,0,3.03,115.06,44.18,0.337,17,1.85,5.69,0,0,1,0.7071067811865476,-0.7071067811865475,0
3,5,0,0,0,0,2.44,107.5,53.37,0.638,24,9.34,47.77,1,0,0,0.7071067811865476,0.7071067811865476,0
18,4,1,1,1,4,0.02,9.37,14.1,0.2069,1,12.18,246.89,1,1,2,-1.0,-1.8369701987210297e-16,1
12,4,1,1,0,1,0.18,0.83,134.23,0.2456,4,16.53,544.0,1,1,1,1.2246467991473532e-16,-1.0,1
17,3,0,0,0,0,3.09,32.26,78.83,0.612,25,4.41,8.3,0,0,1,-0.9659258262890683,-0.25881904510252063,0
17,3,0,0,0,0,3.84,89.34,57.02,0.4027,3,3.6,39.27,0,0,0,-0.9659258262890683,-0.25881904510252063,0
17,4,0,0,0,0,2.03,39.62,39.49,0.5149,13,6.66,10.74,0,0,1,-0.9659258262890683,-0.25881904510252063,0
14,3,0,0,1,0,2.88,44.44,63.66,0.3294,22,5.39,13.73,0,0,0,-0.4999999999999997,-0.8660254037844388,0
8,1,0,0,0,0,4.0,102.04,45.26,0.4235,18,6.2,26.81,1,0,0,0.8660254037844387,-0.4999999999999998,0
17,2,0,0,1,0,1.04,23.25,38.28,0.5261,12,9.63,10.71,0,0,0,-0.9659258262890683,-0.25881904510252063,0
8,6,0,0,0,0,4.96,93.5,66.27,0.4125,16,6.19,29.65,0,0,0,0.8660254037844387,-0.4999999999999998,0
19,1,0,0,0,0,2.92,8.6,44.46,0.6496,28,4.85,25.01,0,0,1,-0.9659258262890684,0.2588190451025203,0
23,0,0,0,0,0,2.09,61.01,53.5,0.534,29,9.22,41.7,0,0,0,-0.25881904510252157,0.9659258262890681,0
13,3,0,0,0,0,1.46,81.41,72.33,0.6926,17,7.05,16.37,0,0,1,-0.2588190451025208,-0.9659258262890683,0
23,3,0,0,0,0,1.88,64.0,39.64,0.6896,10,4.93,9.82,0,0,0,-0.25881904510252157,0.9659258262890681,0
10,6,0,0,1,0,1.58,16.73,63.66,0.5827,7,1.98,45.89,0,0,0,0.49999999999999994,-0.8660254037844387,0
11,3,0,0,1,0,4.44,48.9,58.59,0.6604,6,7.66,39.6,0,0,0,0.258819045102521,-0.9659258262890682,0
21,3,1,1,0,2,0.49,9.94,51.66,0.0817,4,31.53,531.44,1,1,2,-0.7071067811865477,0.7071067811865474,1
17,1,0,0,0,0,0.84,34.84,34.09,0.6342,15,9.99,15.05,0,0,0,-0.9659258262890683,-0.25881904510252063,0
17,3,0,0,1,0,1.25,5.03,75.95,0.4086,8,8.15,25.79,0,0,0,-0.9659258262890683,-0.25881904510252063,0
19,0,0,0,0,0,4.36,25.68,76.71,0.6393,28,1.92,14.59,0,0,0,-0.9659258262890684,0.2588190451025203,0
10,5,0,0,0,0,1.34,86.5,34.04,0.4749,3,3.77,45.32,0,0,0,0.49999999999999994,-0.8660254037844387,0
9,1,0,0,0,2,2.05,29.72,44.18,0.478,15,2.16,18.11,0,0,1,0.7071067811865476,-0.7071067811865475,0
10,6,0,0,0,0,2.63,21.41,40.55,0.388,11,9.75,47.82,0,0,1,0.49999999999999994,-0.8660254037844387,0
20,1,0,0,0,0,3.08,82.12,73.55,0.4622,21,1.51,41.11,0,0,2,-0.8660254037844386,0.5000000000000001,0
20,4,0,0,0,0,4.51,39.83,52.0,0.5962,2,7.33,30.38,1,0,1,-0.8660254037844386,0.5000000000000001,0
14,2,0,0,0,2,4.46,73.68,59.87,0.4149,23,2.15,29.45,0,0,0,-0.4999999999999997,-0.8660254037844388,0
10,3,0,1,0,0,2.91,50.56,74.41,0.4495,27,8.17,10.92,0,0,0,0.49999999999999994,-0.8660254037844387,0
20,4,0,0,0,0,2.25,17.08,40.36,0.3171,18,9.8,24.1,0,0,2,-0.8660254037844386,0.5000000000000001,0
5,5,0,0,0,0,3.03,22.84,41.47,0.4498,22,2.43,9.41,0,0,0,0.9659258262890683,0.25881904510252074,0
18,2,0,0,0,1,0.52,34.17,33.08,0.3211,8,4.63,41.53,0,0,2,-1.0,-1.8369701987210297e-16,0
15,0,0,0,0,0,3.9,61.76,46.38,0.3227,22,7.49,0.81,0,0,1,-0.7071067811865471,-0.7071067811865479,0
11,3,0,0,0,0,1.31,96.87,49.9,0.5737,18,1.78,22.78,0,0,2,0.258819045102521,-0.9659258262890682,0
10,4,0,0,0,0,1.97,28.27,78.37,0.3565,13,4.97,27.04,0,0,0,0.49999999999999994,-0.8660254037844387,0
1,0,0,1,0,2,0.29,9.69,11.47,0.1397,2,46.04,406.21,0,1,1,0.25881904510252074,0.9659258262890683,1
22,1,1,1,1,2,0.84,8.13,109.23,0.2698,2,33.26,560.78,1,1,0,-0.5000000000000004,0.8660254037844384,1
1,4,1,1,1,3,0.83,4.88,15.9,0.2946,5,31.28,331.94,0,1,0,0.25881904510252074,0.9659258262890683,1
6,2,0,0,0,2,2.51,9.23,79.44,0.3067,5,9.05,22.57,0,0,1,1.0,6.123233995736766e-17,0
5,4,1,1,1,3,0.84,0.64,82.48,0.1012,4,47.26,627.96,1,1,2,0.9659258262890683,0.25881904510252074,1
0,1,1,1,0,1,0.61,7.11,50.9,0.0357,1,28.58,412.45,1,1,1,0.0,1.0,1
19,1,0,0,0,0,1.02,61.39,47.47,0.5061,9,9.15,10.23,0,0,0,-0.9659258262890684,0.2588190451025203,0
17,4,0,0,0,1,2.31,85.02,33.68,0.4,3,8.2,19.33,0,0,1,-0.9659258262890683,-0.25881904510252063,0
16,5,1,0,1,1,0.82,4.51,109.2,0.136,2,46.13,523.0,1,1,0,-0.8660254037844385,-0.5000000000000004,1
19,0,0,0,0,2,2.7,28.65,42.34,0.3469,14,5.49,12.62,0,0,0,-0.9659258262890684,0.2588190451025203,0
7,1,0,1,0,0,4.17,86.51,38.08,0.3791,5,3.54,21.73,0,0,2,0.9659258262890683,-0.25881904510252063,0
21,3,0,0,0,0,1.97,32.11,69.39,0.4266,20,9.18,34.5,1,0,0,-0.7071067811865477,0.7071067811865474,0
13,4,0,0,0,1,2.68,85.13,73.68,0.4926,11,9.65,20.51,1,0,1,-0.2588190451025208,-0.9659258262890683,0
3,6,0,1,1,3,0.33,13.75,90.8,0.1512,2,11.64,155.81,1,1,2,0.7071067811865476,0.7071067811865476,1
19,2,0,0,0,0,3.46,30.82,51.24,0.3159,17,4.08,24.73,0,0,1,-0.9659258262890684,0.2588190451025203,0
12,0,0,0,0,0,2.36,112.92,50.73,0.4259,10,9.45,24.24,0,0,0,1.2246467991473532e-16,-1.0,0
15,0,0,0,0,0,4.19,119.0,57.04,0.4055,13,1.86,10.41,0,0,1,-0.7071067811865471,-0.7071067811865479,0
22,4,0,0,0,0,2.38,94.95,50.23,0.3058,24,2.25,38.57,1,0,2,-0.5000000000000004,0.8660254037844384,0
19,6,0,1,0,0,1.64,69.38,44.81,0.4662,27,6.04,6.29,0,0,0,-0.9659258262890684,0.2588190451025203,0
19,1,0,0,0,1,4.92,81.61,56.6,0.6612,24,6.12,6.65,0,0,2,-0.9659258262890684,0.2588190451025203,0
22,0,1,1,1,3,0.57,2.1,75.77,0.1357,4,34.5,566.32,1,1,0,-0.5000000000000004,0.8660254037844384,1
2,5,0,1,0,0,2.54,94.32,61.93,0.4401,6,1.69,25.81,0,0,0,0.49999999999999994,0.8660254037844387,0
7,1,0,0,0,1,4.43,74.62,39.02,0.6937,24,1.39,8.79,0,0,0,0.9659258262890683,-0.25881904510252063,0
14,6,0,0,0,2,4.14,14.34,61.19,0.4247,28,3.81,35.86,0,0,0,-0.4999999999999997,-0.8660254037844388,0
20,0,0,0,0,0,3.44,116.35,59.39,0.6423,11,2.87,19.87,0,0,1,-0.8660254037844386,0.5000000000000001,0
5,1,0,0,0,0,0.53,40.61,45.32,0.488,17,9.69,5.69,1,0,0,0.9659258262890683,0.25881904510252074,0
11,5,0,0,0,1,2.08,84.43,52.89,0.3773,8,8.56,7.35,0,0,1,0.258819045102521,-0.9659258262890682,0
0,5,0,0,0,0,0.83,107.96,63.35,0.4995,21,5.39,22.9,0,0,1,0.0,1.0,0
7,6,0,0,0,0,1.49,84.93,48.36,0.6484,18,7.21,5.35,1,0,1,0.9659258262890683,-0.25881904510252063,0
11,2,0,0,0,0,4.67,32.63,64.78,0.5537,17,1.14,21.37,0,0,1,0.258819045102521,-0.9659258262890682,0
16,6,0,0,0,1,4.35,6.06,68.19,0.5246,20,9.29,32.97,0,0,1,-0.8660254037844385,-0.5000000000000004,0
18,0,0,0,0,0,2.01,108.41,65.44,0.471,12,8.07,32.54,0,0,0,-1.0,-1.8369701987210297e-16,0
16,2,0,0,0,0,3.9,9.12,44.49,0.6324,14,6.57,22.54,0,0,0,-0.8660254037844385,-0.5000000000000004,0
19,0,1,1,1,5,0.08,3.22,148.1,0.179,2,22.6,414.42,1,1,0,-0.9659258262890684,0.2588190451025203,1
6,6,1,0,0,0,3.57,27.87,46.87,0.6696,18,5.48,13.1,0,0,0,1.0,6.123233995736766e-17,0
10,4,0,0,0,0,2.35,103.16,62.33,0.5488,26,9.05,44.86,0,0,0,0.49999999999999994,-0.8660254037844387,0
21,0,0,0,0,0,4.73,93.47,37.57,0.3966,6,3.26,31.56,0,0,1,-0.7071067811865477,0.7071067811865474,0
19,4,0,0,1,3,0.32,2.34,30.23,0.2998,1,31.63,694.51,1,1,1,-0.9659258262890684,0.2588190451025203,1
17,2,0,0,0,0,1.17,38.23,64.03,0.3509,21,6.28,22.35,0,0,0,-0.9659258262890683,-0.25881904510252063,0
16,2,0,0,0,0,1.23,10.34,30.13,0.6358,11,5.17,40.64,0,0,0,-0.8660254037844385,-0.5000000000000004,0
1,2,1,1,1,3,0.12,1.08,85.0,0.1178,1,43.29,481.41,1,1,1,0.25881904510252074,0.9659258262890683,1
15,2,0,0,0,0,1.92,82.27,37.69,0.3192,24,6.51,8.08,0,0,0,-0.7071067811865471,-0.7071067811865479,0
13,5,0,0,1,0,4.53,69.06,72.55,0.4277,13,1.94,20.6,0,0,1,-0.2588190451025208,-0.9659258262890683,0
2,3,1,1,1,3,0.71,11.18,98.03,0.0951,3,16.85,705.31,1,1,1,0.49999999999999994,0.8660254037844387,1
19,5,0,0,0,0,3.74,43.2,78.21,0.3458,21,5.54,11.96,0,0,0,-0.9659258262890684,0.2588190451025203,0
16,2,0,0,0,0,3.07,67.94,71.48,0.6196,9,6.22,22.47,0,0,0,-0.8660254037844385,-0.5000000000000004,0
17,0,0,0,0,0,2.98,60.54,30.17,0.3956,13,1.89,28.72,0,0,1,-0.9659258262890683,-0.25881904510252063,0
20,4,0,0,0,0,4.2,59.5,64.94,0.6432,3,8.65,22.06,0,0,2,-0.8660254037844386,0.5000000000000001,0
5,6,0,1,0,1,0.76,3.17,89.46,0.2241,5,20.06,654.97,0,1,1,0.9659258262890683,0.25881904510252074,1
9,1,0,0,0,0,4.59,7.37,31.37,0.3064,5,5.17,41.19,0,0,0,0.7071067811865476,-0.7071067811865475,0
9,3,0,0,0,0,0.95,75.46,40.69,0.3988,6,2.79,40.69,0,0,1,0.7071067811865476,-0.7071067811865475,0
12,3,1,1,1,1,0.07,10.61,142.46,0.2373,5,32.48,311.66,0,0,0,1.2246467991473532e-16,-1.0,1
22,1,0,0,0,0,3.23,54.21,61.85,0.3786,12,8.33,34.65,0,0,1,-0.5000000000000004,0.8660254037844384,0
17,6,0,0,0,0,4.17,72.22,70.04,0.5799,7,6.22,44.59,0,0,0,-0.9659258262890683,-0.25881904510252063,0
16,2,0,0,0,0,2.24,74.02,76.27,0.4656,17,8.22,10.29,0,0,1,-0.8660254037844385,-0.5000000000000004,0
12,5,0,0,0,0,0.63,40.94,77.62,0.3207,15,1.55,10.96,0,0,0,1.2246467991473532e-16,-1.0,0
23,3,0,0,0,0,4.14,5.36,53.7,0.3858,14,2.98,17.6,0,0,1,-0.25881904510252157,0.9659258262890681,0
16,0,0,0,0,1,0.95,39.45,44.25,0.3133,25,9.9,34.65,1,0,0,-0.8660254037844385,-0.5000000000000004,0
18,0,0,0,0,0,4.89,61.23,75.84,0.5884,28,4.79,2.91,1,0,1,-1.0,-1.8369701987210297e-16,0
5,1,1,1,0,3,0.37,2.16,80.4,0.1666,4,23.8,372.1,1,1,2,0.9659258262890683,0.25881904510252074,1
0,6,1,1,1,4,0.7,2.28,37.99,0.2943,2,37.84,689.97,0,0,2,0.0,1.0,1
15,5,0,0,0,0,4.97,115.25,50.74,0.6794,26,5.51,21.64,1,0,0,-0.7071067811865471,-0.7071067811865479,0
6,1,0,1,0,0,4.83,81.26,36.73,0.4805,20,8.98,6.95,0,0,1,1.0,6.123233995736766e-17,0
15,2,0,0,0,0,4.79,24.16,62.97,0.4148,5,3.16,40.22,0,0,1,-0.7071067811865471,-0.7071067811865479,0
20,4,0,1,0,0,2.0,29.56,55.82,0.3632,26,6.78,1.53,0,0,1,-0.8660254037844386,0.5000000000000001,0
7,6,0,0,0,0,2.98,94.18,67.28,0.6859,5,2.37,35.83,0,0,1,0.9659258262890683,-0.25881904510252063,0
9,1,0,0,0,0,1.48,114.74,46.65,0.4573,22,7.18,36.62,0,0,0,0.7071067811865476,-0.7071067811865475,0
19,0,0,0,0,0,2.2,50.33,46.93,0.4966,27,6.53,31.74,0,0,1,-0.9659258262890684,0.2588190451025203,0
18,1,0,0,0,0,1.35,48.05,59.08,0.4293,10,8.94,15.06,0,0,1,-1.0,-1.8369701987210297e-16,0
16,0,0,0,0,1,3.2,9.29,73.49,0.5156,27,2.67,47.2,0,0,1,-0.8660254037844385,-0.5000000000000004,0
15,0,0,0,0,0,3.3,65.24,77.78,0.5991,3,9.97,23.51,0,0,0,-0.7071067811865471,-0.7071067811865479,0
13,2,0,0,0,0,2.13,50.64,53.22,0.4742,13,1.24,9.73,0,0,0,-0.2588190451025208,-0.9659258262890683,0
12,6,0,0,0,0,0.98,106.08,37.68,0.5103,27,8.43,43.65,0,0,1,1.2246467991473532e-16,-1.0,0
12,3,0,0,0,0,4.16,116.88,51.24,0.5561,6,2.79,32.88,0,0,0,1.2246467991473532e-16,-1.0,0
15,3,0,0,0,0,1.11,96.75,48.97,0.5041,4,6.88,7.02,0,0,0,-0.7071067811865471,-0.7071067811865479,0
19,5,0,0,0,0,1.38,47.27,77.33,0.6129,9,8.7,5.82,0,0,1,-0.9659258262890684,0.2588190451025203,0
11,4,0,0,0,0,4.69,48.47,41.65,0.3001,8,4.5,27.13,0,0,1,0.258819045102521,-0.9659258262890682,0
9,2,0,0,0,0,2.51,13.14,41.69,0.4126,30,3.53,11.57,0,0,1,0.7071067811865476,-0.7071067811865475,0
22,4,0,0,0,0,2.51,39.41,79.8,0.4562,6,6.84,31.44,0,0,0,-0.5000000000000004,0.8660254037844384,0
17,0,0,1,0,0,4.16,63.28,52.05,0.6729,25,1.48,25.48,0,0,0,-0.9659258262890683,-0.25881904510252063,0
9,4,0,0,0,0,4.83,43.51,72.7,0.3569,6,1.45,26.54,0,0,1,0.7071067811865476,-0.7071067811865475,0
16,0,0,1,0,0,2.06,87.29,42.68,0.6486,25,7.8,16.69,0,0,1,-0.8660254037844385,-0.5000000000000004,0
20,2,0,0,0,0,2.28,71.72,59.55,0.4506,17,7.55,47.41,0,0,1,-0.8660254037844386,0.5000000000000001,0
1,0,0,0,1,0,2.02,36.23,37.73,0.5646,6,9.32,18.34,1,0,0,0.25881904510252074,0.9659258262890683,0
9,4,0,0,0,0,5.0,114.74,44.07,0.4669,14,6.41,44.1,0,0,0,0.7071067811865476,-0.7071067811865475,0
22,3,0,0,0,1,1.21,59.54,76.5,0.501,23,4.34,17.34,0,0,0,-0.5000000000000004,0.8660254037844384,0
20,1,0,0,0,0,4.03,119.37,71.72,0.5092,12,7.58,29.59,1,0,0,-0.8660254037844386,0.5000000000000001,0
8,2,0,0,0,1,4.78,118.97,67.45,0.4788,8,2.91,37.29,0,0,1,0.8660254037844387,-0.4999999999999998,0
3,5,0,0,0,0,0.68,8.12,65.8,0.5838,4,9.01,39.01,0,0,1,0.7071067811865476,0.7071067811865476,0
23,1,0,0,0,0,4.69,61.47,74.24,0.3121,8,5.63,30.1,0,0,2,-0.25881904510252157,0.9659258262890681,0
5,2,0,0,0,0,4.23,50.01,40.19,0.3684,11,5.03,37.01,0,0,0,0.9659258262890683,0.25881904510252074,0
19,1,0,0,0,0,0.91,50.85,61.65,0.3632,9,2.46,19.93,0,0,0,-0.9659258262890684,0.2588190451025203,0
2,0,1,1,1,3,0.46,14.92,106.63,0.1943,4,27.08,398.98,0,1,0,0.49999999999999994,0.8660254037844387,1
2,4,0,0,0,0,4.38,37.34,79.44,0.6197,24,1.12,33.73,0,0,1,0.49999999999999994,0.8660254037844387,0
6,6,0,0,0,0,0.69,63.23,47.29,0.3652,25,4.11,47.68,0,0,0,1.0,6.123233995736766e-17,0
8,3,1,0,0,0,2.72,118.25,42.97,0.4373,28,9.81,1.71,0,0,1,0.8660254037844387,-0.4999999999999998,0
5,2,1,0,0,0,2.2,26.48,69.03,0.6304,4,6.58,20.88,0,0,2,0.9659258262890683,0.25881904510252074,0
13,3,0,0,0,0,3.32,11.66,49.86,0.4488,30,1.44,13.85,0,0,0,-0.2588190451025208,-0.9659258262890683,0
10,2,0,0,0,0,2.09,41.01,43.42,0.5561,4,6.88,19.25,0,0,1,0.49999999999999994,-0.8660254037844387,0
15,1,0,0,0,0,1.59,46.38,69.07,0.6492,11,6.44,34.35,0,0,0,-0.7071067811865471,-0.7071067811865479,0
18,4,1,1,0,4,0.93,6.95,84.33,0.0695,2,16.62,643.1,1,0,1,-1.0,-1.8369701987210297e-16,1
19,4,0,0,0,0,3.62,84.47,57.78,0.3362,25,3.23,15.65,0,0,0,-0.9659258262890684,0.2588190451025203,0
3,1,1,1,0,2,0.61,11.96,64.47,0.1761,2,20.12,251.2,0,1,2,0.7071067811865476,0.7071067811865476,1
21,2,0,1,0,0,3.37,30.51,37.93,0.6528,11,5.25,33.3,0,0,0,-0.7071067811865477,0.7071067811865474,0
12,6,0,0,0,0,0.98,6.62,53.59,0.5174,28,3.28,15.74,0,0,0,1.2246467991473532e-16,-1.0,0
13,6,0,0,0,0,2.39,56.16,58.77,0.495,10,9.72,44.71,0,0,1,-0.2588190451025208,-0.9659258262890683,0
20,3,0,0,0,0,0.59,115.03,45.5,0.5924,18,9.33,34.52,0,0,1,-0.8660254037844386,0.5000000000000001,0
16,6,0,0,0,1,3.24,93.2,64.63,0.5153,20,2.37,5.48,0,0,0,-0.8660254037844385,-0.5000000000000004,0
9,4,0,0,0,0,2.16,90.79,72.26,0.3789,6,3.98,31.73,1,0,0,0.7071067811865476,-0.7071067811865475,0
14,3,0,0,0,0,1.43,83.91,67.16,0.4993,30,7.44,35.4,0,0,1,-0.4999999999999997,-0.8660254037844388,0
2,1,0,0,0,0,0.54,109.97,58.28,0.346,29,9.18,0.57,0,0,1,0.49999999999999994,0.8660254037844387,0
8,6,1,1,1,0,0.19,10.64,20.2,0.0801,5,45.77,303.57,1,1,1,0.8660254037844387,-0.4999999999999998,1
9,3,0,0,0,0,2.64,83.32,52.19,0.5078,15,2.8,43.28,0,0,0,0.7071067811865476,-0.7071067811865475,0
8,6,0,0,0,0,3.25,67.84,69.76,0.4189,19,8.77,30.35,0,0,0,0.8660254037844387,-0.4999999999999998,0
17,0,0,0,0,1,4.18,21.31,59.04,0.5428,11,2.32,37.68,0,0,0,-0.9659258262890683,-0.25881904510252063,0
20,3,0,0,0,0,2.88,108.34,53.83,0.6473,3,3.55,30.38,0,0,1,-0.8660254037844386,0.5000000000000001,0
4,5,0,0,0,0,0.59,118.44,74.59,0.4795,4,6.39,26.96,0,0,1,0.8660254037844386,0.5000000000000001,0
4,1,0,0,0,0,1.81,48.7,65.14,0.6151,3,6.61,27.84,0,0,1,0.8660254037844386,0.5000000000000001,0
5,1,0,0,1,0,4.27,39.89,60.0,0.4106,22,9.68,24.28,0,0,0,0.9659258262890683,0.25881904510252074,0
18,3,0,0,0,0,4.45,8.37,41.64,0.5267,28,9.68,15.11,0,0,1,-1.0,-1.8369701987210297e-16,0
8,6,0,0,1,2,1.07,27.23,52.01,0.5164,24,5.05,34.68,0,0,0,0.8660254037844387,-0.4999999999999998,0
8,4,0,0,0,0,3.69,25.11,54.78,0.3256,23,4.64,31.43,0,0,0,0.8660254037844387,-0.4999999999999998,0
17,4,0,0,0,0,1.88,23.21,61.65,0.3936,22,2.7,20.47,0,0,1,-0.9659258262890683,-0.25881904510252063,0
13,1,0,0,0,0,1.86,104.48,38.86,0.6669,27,2.53,19.59,0,0,1,-0.2588190451025208,-0.9659258262890683,0
8,5,0,0,0,0,1.56,37.66,69.84,0.6432,8,8.07,1.35,0,0,0,0.8660254037844387,-0.4999999999999998,0
11,0,0,0,0,0,2.83,92.67,51.91,0.6526,14,1.18,37.8,0,0,0,0.258819045102521,-0.9659258262890682,0
21,6,0,0,0,2,1.11,60.83,32.01,0.5773,5,9.24,40.83,0,0,0,-0.7071067811865477,0.7071067811865474,0
5,0,0,0,0,0,1.15,119.93,39.4,0.3462,2,2.98,45.53,0,0,0,0.9659258262890683,0.25881904510252074,0
23,3,1,1,1,2,0.41,5.57,76.73,0.0872,3,43.73,182.2,1,1,0,-0.25881904510252157,0.9659258262890681,1
16,6,1,0,0,0,4.65,95.06,63.85,0.6807,24,6.09,33.55,0,0,1,-0.8660254037844385,-0.5000000000000004,0
14,2,1,0,0,0,3.86,109.0,37.17,0.4353,21,8.81,29.97,0,0,1,-0.4999999999999997,-0.8660254037844388,0
21,5,0,0,0,2,4.28,32.97,68.79,0.538,22,2.06,18.39,0,0,1,-0.7071067811865477,0.7071067811865474,0
5,1,1,1,1,4,0.68,0.8,127.23,0.2611,3,19.31,155.68,0,1,1,0.9659258262890683,0.25881904510252074,1
16,2,0,0,0,1,4.84,89.82,64.42,0.5279,29,6.65,15.06,1,0,1,-0.8660254037844385,-0.5000000000000004,0
15,1,0,0,0,0,2.97,113.04,77.04,0.579,17,4.67,2.97,0,0,0,-0.7071067811865471,-0.7071067811865479,0
8,1,1,0,0,0,2.28,10.23,55.51,0.3736,30,7.9,6.06,0,0,1,0.8660254037844387,-0.4999999999999998,0
11,0,0,1,1,4,0.85,14.88,58.38,0.0439,3,44.33,294.3,0,1,1,0.258819045102521,-0.9659258262890682,1
6,6,0,1,0,0,2.28,77.18,47.71,0.5786,28,9.75,6.5,1,0,0,1.0,6.123233995736766e-17,0
18,0,0,0,0,0,4.2,92.57,31.52,0.5131,12,3.65,18.62,0,0,1,-1.0,-1.8369701987210297e-16,0
17,2,0,0,0,0,2.72,108.25,75.78,0.4743,10,5.01,9.36,0,0,0,-0.9659258262890683,-0.25881904510252063,0
21,6,0,0,0,0,2.35,101.93,67.7,0.3205,14,7.83,42.75,0,0,1,-0.7071067811865477,0.7071067811865474,0
15,3,0,0,0,0,4.6,34.49,79.85,0.5608,10,1.94,15.75,0,0,2,-0.7071067811865471,-0.7071067811865479,0
20,5,0,0,1,0,2.34,113.16,47.86,0.3884,30,7.2,35.68,0,0,1,-0.8660254037844386,0.5000000000000001,0
18,1,0,0,0,0,4.13,67.94,38.39,0.4445,29,6.0,11.04,0,0,1,-1.0,-1.8369701987210297e-16,0
18,3,0,0,0,0,2.75,87.91,72.42,0.4212,25,4.26,5.79,0,0,1,-1.0,-1.8369701987210297e-16,0
16,3,0,0,0,0,2.13,100.44,67.71,0.3567,25,9.6,15.41,0,0,1,-0.8660254037844385,-0.5000000000000004,0
8,5,0,0,0,0,1.24,92.52,33.41,0.6176,29,4.46,28.93,0,0,2,0.8660254037844387,-0.4999999999999998,0
22,0,0,1,0,2,0.04,10.51,46.26,0.1179,3,16.37,249.78,0,1,1,-0.5000000000000004,0.8660254037844384,1
9,4,0,0,1,0,4.14,43.95,64.5,0.5419,27,7.57,15.04,0,0,0,0.7071067811865476,-0.7071067811865475,0
19,3,1,0,0,0,1.22,25.34,39.28,0.6564,15,9.64,38.14,0,0,1,-0.9659258262890684,0.2588190451025203,0
5,2,0,0,0,0,1.11,56.02,47.94,0.5401,19,6.04,27.13,0,0,1,0.9659258262890683,0.25881904510252074,0
10,4,0,0,0,0,3.23,57.37,51.91,0.4909,11,6.96,8.37,0,0,1,0.49999999999999994,-0.8660254037844387,0
15,3,0,0,0,0,3.7,96.8,34.5,0.3389,16,2.54,15.94,0,0,2,-0.7071067811865471,-0.7071067811865479,0
14,5,1,1,0,0,0.79,11.51,117.63,0.2306,4,42.5,459.31,0,1,1,-0.4999999999999997,-0.8660254037844388,1
9,5,0,0,0,0,3.2,115.8,55.18,0.3371,21,2.35,21.19,0,0,1,0.7071067811865476,-0.7071067811865475,0
0,3,0,0,0,0,0.85,64.41,66.05,0.6724,24,9.38,37.35,0,0,2,0.0,1.0,0
2,5,1,1,0,2,0.93,9.66,78.4,0.1032,2,43.82,696.02,0,1,1,0.49999999999999994,0.8660254037844387,1
10,3,0,0,0,0,4.28,43.99,43.15,0.4779,23,2.75,30.07,0,0,0,0.49999999999999994,-0.8660254037844387,0
14,2,0,0,0,0,2.46,35.34,63.4,0.5536,2,3.66,33.16,0,0,0,-0.4999999999999997,-0.8660254037844388,0
16,2,1,1,1,3,0.89,9.75,94.76,0.2601,2,48.38,418.44,1,1,0,-0.8660254037844385,-0.5000000000000004,1
4,1,0,1,1,4,0.82,11.01,36.49,0.1325,1,17.85,292.55,0,1,2,0.8660254037844386,0.5000000000000001,1
18,6,0,0,0,0,1.68,99.34,69.6,0.4751,24,4.09,44.34,0,0,1,-1.0,-1.8369701987210297e-16,0
7,6,0,0,0,0,1.52,99.43,79.0,0.5826,17,6.3,42.99,1,0,0,0.9659258262890683,-0.25881904510252063,0
16,1,0,0,0,0,2.92,71.87,38.07,0.3681,30,4.43,8.29,0,0,0,-0.8660254037844385,-0.5000000000000004,0
14,4,0,0,0,0,0.51,20.47,52.73,0.6158,18,4.32,34.11,0,0,1,-0.4999999999999997,-0.8660254037844388,0
17,5,0,0,0,0,2.71,90.05,33.58,0.4356,20,2.71,30.26,0,0,0,-0.9659258262890683,-0.25881904510252063,0
10,4,0,0,0,0,1.38,48.25,70.9,0.3097,22,4.74,26.42,0,0,0,0.49999999999999994,-0.8660254037844387,0
3,6,1,1,0,0,0.62,6.63,103.95,0.0803,4,18.31,671.83,0,1,0,0.7071067811865476,0.7071067811865476,1
18,5,0,0,1,1,3.05,82.18,67.03,0.4166,22,8.76,11.47,0,0,0,-1.0,-1.8369701987210297e-16,0
2,2,1,1,1,1,0.9,4.14,73.9,0.2462,5,19.2,226.62,0,1,0,0.49999999999999994,0.8660254037844387,1
18,6,1,1,1,3,0.81,10.02,107.65,0.204,3,32.17,469.7,1,0,0,-1.0,-1.8369701987210297e-16,1
17,0,0,0,0,0,4.47,79.4,40.51,0.6224,3,9.28,45.6,1,0,0,-0.9659258262890683,-0.25881904510252063,0
15,4,0,0,0,1,1.7,75.37,30.26,0.5738,9,3.84,45.21,0,0,1,-0.7071067811865471,-0.7071067811865479,0
15,0,0,0,0,0,4.14,114.97,36.51,0.6551,4,3.72,45.58,0,0,2,-0.7071067811865471,-0.7071067811865479,0
15,4,0,0,0,1,2.43,80.28,34.35,0.5612,18,5.52,46.18,0,0,1,-0.7071067811865471,-0.7071067811865479,0
11,6,0,0,0,0,4.99,40.05,57.66,0.4567,17,4.14,0.59,0,0,1,0.258819045102521,-0.9659258262890682,0
14,1,0,0,0,0,4.07,87.23,52.74,0.3457,17,4.34,38.76,0,0,1,-0.4999999999999997,-0.8660254037844388,0
17,3,0,0,0,1,3.5,74.86,78.69,0.6374,11,5.77,26.66,0,0,2,-0.9659258262890683,-0.25881904510252063,0
10,6,0,0,0,0,4.98,42.47,67.19,0.5748,4,8.43,6.84,0,0,1,0.49999999999999994,-0.8660254037844387,0
2,2,0,0,0,0,2.01,32.74,74.44,0.4764,4,7.19,8.44,1,0,1,0.49999999999999994,0.8660254037844387,0
4,4,0,1,0,4,0.04,10.29,65.58,0.2421,4,23.32,270.37,0,1,2,0.8660254037844386,0.5000000000000001,1
9,6,0,0,0,0,2.75,76.12,76.18,0.6878,4,9.1,32.63,0,0,0,0.7071067811865476,-0.7071067811865475,0
9,0,0,0,0,0,1.56,102.09,36.42,0.4958,22,5.88,41.91,1,0,1,0.7071067811865476,-0.7071067811865475,0
17,2,0,0,0,0,1.46,119.67,79.75,0.4952,14,8.95,16.87,0,0,0,-0.9659258262890683,-0.25881904510252063,0
11,1,0,0,0,0,1.95,82.56,30.01,0.3568,26,8.18,6.71,0,0,0,0.258819045102521,-0.9659258262890682,0
0,4,1,1,1,2,0.03,6.96,121.49,0.2106,2,17.52,204.78,1,1,1,0.0,1.0,1
10,4,0,0,0,1,3.1,110.46,63.32,0.4562,19,6.54,45.13,0,0,1,0.49999999999999994,-0.8660254037844387,0
9,2,1,1,1,2,0.21,4.88,99.06,0.0652,2,23.08,648.2,0,1,2,0.7071067811865476,-0.7071067811865475,1
9,6,0,0,0,0,4.26,106.77,48.9,0.3529,24,7.77,22.26,0,0,2,0.7071067811865476,-0.7071067811865475,0
9,3,0,0,0,0,1.5,30.11,32.42,0.3277,6,2.88,41.56,0,0,1,0.7071067811865476,-0.7071067811865475,0
17,1,0,0,0,0,3.09,31.56,73.58,0.5135,6,6.57,37.68,0,0,0,-0.9659258262890683,-0.25881904510252063,0
14,2,0,0,0,0,1.82,17.16,58.63,0.402,17,4.34,35.61,0,0,1,-0.4999999999999997,-0.8660254037844388,0
8,3,0,0,0,0,1.42,53.65,72.17,0.6183,27,9.4,22.79,0,0,1,0.8660254037844387,-0.4999999999999998,0
13,4,0,1,0,0,3.21,107.28,56.05,0.4848,19,8.61,41.99,0,0,1,-0.2588190451025208,-0.9659258262890683,0
10,2,0,1,0,0,1.76,62.54,60.06,0.4926,20,1.15,23.81,0,0,0,0.49999999999999994,-0.8660254037844387,0
20,4,1,0,0,0,3.22,14.76,36.17,0.5813,25,2.92,12.44,0,0,2,-0.8660254037844386,0.5000000000000001,0
15,1,1,0,0,0,2.43,63.68,31.58,0.3947,24,1.9,44.36,0,0,0,-0.7071067811865471,-0.7071067811865479,0
10,6,1,0,0,0,2.85,83.55,40.59,0.6908,12,7.2,6.02,1,0,2,0.49999999999999994,-0.8660254037844387,0
1,2,1,1,0,1,0.58,12.4,143.49,0.1726,5,47.33,717.92,1,1,1,0.25881904510252074,0.9659258262890683,1
16,6,0,1,1,2,0.96,2.76,100.13,0.239,1,44.42,131.77,1,0,1,-0.8660254037844385,-0.5000000000000004,1
9,5,0,0,0,1,0.7,48.02,78.41,0.6116,3,9.94,28.46,0,0,0,0.7071067811865476,-0.7071067811865475,0
17,1,0,0,0,0,4.42,6.58,65.91,0.4293,12,5.38,10.38,0,0,2,-0.9659258262890683,-0.25881904510252063,0
12,1,0,0,0,0,0.98,67.13,42.7,0.5008,21,2.27,45.06,0,0,0,1.2246467991473532e-16,-1.0,0
10,3,0,0,0,0,2.43,71.14,38.95,0.3521,15,8.07,19.39,0,0,1,0.49999999999999994,-0.8660254037844387,0
1,1,1,1,1,0,0.29,4.2,80.43,0.1234,1,22.72,296.83,1,1,1,0.25881904510252074,0.9659258262890683,1
10,2,0,0,0,0,1.66,114.52,62.07,0.3199,16,4.38,9.14,0,0,2,0.49999999999999994,-0.8660254037844387,0
19,1,0,0,0,0,2.82,46.42,47.24,0.6272,27,6.11,20.21,0,0,2,-0.9659258262890684,0.2588190451025203,0
2,6,0,0,1,0,0.99,9.36,60.63,0.6868,29,5.84,25.8,0,0,1,0.49999999999999994,0.8660254037844387,0
9,1,1,0,0,0,1.03,66.78,59.69,0.4148,11,3.87,1.82,0,0,0,0.7071067811865476,-0.7071067811865475,0
16,2,0,0,1,0,4.72,41.09,42.01,0.3264,18,9.68,5.01,0,0,1,-0.8660254037844385,-0.5000000000000004,0
17,4,1,0,0,1,0.6,28.85,44.22,0.4474,19,7.98,24.63,0,0,1,-0.9659258262890683,-0.25881904510252063,0
23,3,1,1,0,2,0.18,9.2,123.55,0.1624,2,18.77,636.59,1,1,0,-0.25881904510252157,0.9659258262890681,1
13,6,0,0,0,0,4.4,48.75,43.29,0.4573,4,3.14,28.15,0,0,0,-0.2588190451025208,-0.9659258262890683,0
12,3,1,0,0,0,3.75,57.52,32.26,0.3903,8,1.47,37.46,0,0,0,1.2246467991473532e-16,-1.0,0
11,5,0,0,0,0,3.17,115.48,48.81,0.431,14,6.51,3.02,0,0,0,0.258819045102521,-0.9659258262890682,0
22,1,0,0,0,0,4.4,34.24,69.41,0.5541,30,3.62,6.1,0,0,1,-0.5000000000000004,0.8660254037844384,0
12,5,0,0,1,1,0.36,9.96,114.54,0.1029,3,28.25,298.36,1,0,1,1.2246467991473532e-16,-1.0,1
4,1,0,1,1,2,0.59,12.98,42.35,0.0295,4,30.98,411.56,0,1,1,0.8660254037844386,0.5000000000000001,1
8,4,0,0,1,0,1.23,21.04,72.36,0.6593,5,3.72,38.68,1,0,1,0.8660254037844387,-0.4999999999999998,0
13,3,0,0,0,0,0.9,9.62,60.96,0.4245,19,5.26,9.64,0,0,0,-0.2588190451025208,-0.9659258262890683,0
8,6,0,0,1,2,0.66,89.69,77.81,0.3187,12,4.29,13.7,0,0,1,0.8660254037844387,-0.4999999999999998,0
12,0,0,0,0,0,1.41,109.03,39.26,0.356,27,6.42,45.39,0,0,1,1.2246467991473532e-16,-1.0,0
10,4,0,0,0,0,4.91,92.0,59.04,0.6353,25,3.47,6.13,0,0,1,0.49999999999999994,-0.8660254037844387,0
10,0,0,0,0,0,2.11,67.75,63.32,0.6366,25,4.75,11.91,1,0,0,0.49999999999999994,-0.8660254037844387,0
23,1,0,0,1,0,2.46,95.38,52.25,0.5048,30,9.16,27.11,0,0,0,-0.25881904510252157,0.9659258262890681,0
6,2,1,1,1,5,0.96,11.68,98.94,0.0147,4,33.91,275.74,1,1,1,1.0,6.123233995736766e-17,1
16,0,0,0,0,0,2.68,25.59,66.33,0.5015,17,5.95,8.06,0,0,2,-0.8660254037844385,-0.5000000000000004,0
9,2,0,0,0,0,1.34,91.82,73.29,0.4997,8,4.43,22.1,0,0,1,0.7071067811865476,-0.7071067811865475,0
12,5,0,0,0,0,3.67,62.43,49.52,0.5819,30,9.3,3.1,0,0,0,1.2246467991473532e-16,-1.0,0
20,3,0,0,0,0,4.89,43.01,76.22,0.3714,26,4.0,10.34,0,0,1,-0.8660254037844386,0.5000000000000001,0
17,3,0,0,0,0,2.27,13.84,54.49,0.3123,10,7.6,12.03,0,0,1,-0.9659258262890683,-0.25881904510252063,0
1,3,1,1,1,1,0.61,9.72,137.04,0.2221,2,36.6,597.43,1,1,2,0.25881904510252074,0.9659258262890683,1
19,5,0,1,0,1,0.73,41.42,36.49,0.518,22,9.06,30.73,0,0,2,-0.9659258262890684,0.2588190451025203,0
2,5,1,1,1,3,0.56,11.26,139.31,0.087,2,43.39,575.79,1,1,1,0.49999999999999994,0.8660254037844387,1
12,3,0,0,0,0,0.62,117.39,42.07,0.3746,24,1.39,37.06,0,0,1,1.2246467991473532e-16,-1.0,0
5,3,1,0,0,0,3.0,109.09,53.42,0.5027,19,9.8,2.19,0,0,1,0.9659258262890683,0.25881904510252074,0
15,1,0,0,0,0,1.58,35.73,75.83,0.3096,3,7.89,6.59,0,0,0,-0.7071067811865471,-0.7071067811865479,0
7,4,0,0,0,0,2.55,8.26,69.64,0.3564,6,1.31,45.8,0,0,0,0.9659258262890683,-0.25881904510252063,0
8,6,0,0,0,0,4.4,59.56,37.16,0.5711,16,9.02,34.16,0,0,0,0.8660254037844387,-0.4999999999999998,0
2,2,0,0,0,1,1.37,56.25,74.49,0.4322,9,2.31,2.71,0,0,0,0.49999999999999994,0.8660254037844387,0
16,2,0,0,0,0,1.19,93.41,61.92,0.6248,14,2.0,12.37,0,0,0,-0.8660254037844385,-0.5000000000000004,0
14,5,0,0,0,0,3.26,85.63,75.56,0.5426,19,4.3,38.48,0,0,1,-0.4999999999999997,-0.8660254037844388,0
21,4,0,1,0,0,1.22,84.36,65.01,0.6553,5,2.28,7.96,0,0,0,-0.7071067811865477,0.7071067811865474,0
14,6,0,0,0,0,2.3,11.27,52.33,0.6275,24,5.11,33.63,0,0,0,-0.4999999999999997,-0.8660254037844388,0
22,2,0,0,0,0,2.0,29.94,75.81,0.3295,14,5.64,9.14,0,0,1,-0.5000000000000004,0.8660254037844384,0
2,4,1,1,1,2,0.3,2.12,42.57,0.2074,5,38.82,695.95,1,1,0,0.49999999999999994,0.8660254037844387,1
17,0,0,0,0,0,4.55,34.45,48.63,0.5984,20,3.22,26.0,1,0,0,-0.9659258262890683,-0.25881904510252063,0
17,5,0,0,0,0,3.48,13.46,42.12,0.4512,28,7.25,3.51,0,0,1,-0.9659258262890683,-0.25881904510252063,0
9,1,0,0,0,0,3.74,110.86,74.65,0.5406,27,9.19,6.57,0,0,0,0.7071067811865476,-0.7071067811865475,0
16,0,0,0,0,0,3.99,76.16,44.98,0.6566,17,7.87,15.58,0,0,1,-0.8660254037844385,-0.5000000000000004,0
22,0,1,0,1,0,0.14,4.35,43.84,0.0369,2,40.87,610.95,0,1,1,-0.5000000000000004,0.8660254037844384,1
14,0,0,0,0,0,4.33,31.78,63.74,0.457,28,4.9,32.27,0,0,1,-0.4999999999999997,-0.8660254037844388,0
17,1,1,0,1,1,0.7,1.76,110.73,0.0779,2,14.59,633.09,0,1,0,-0.9659258262890683,-0.25881904510252063,1
21,0,0,0,0,0,1.18,91.35,63.94,0.5954,9,9.73,3.76,0,0,1,-0.7071067811865477,0.7071067811865474,0
20,1,0,0,0,0,1.24,94.6,54.3,0.4439,8,5.9,27.51,0,0,0,-0.8660254037844386,0.5000000000000001,0
1,2,0,0,0,0,4.16,104.61,30.46,0.6443,18,2.58,4.59,0,0,1,0.25881904510252074,0.9659258262890683,0
15,0,0,1,0,1,2.07,104.31,73.33,0.5629,10,6.42,24.66,0,0,2,-0.7071067811865471,-0.7071067811865479,0
7,4,0,1,1,0,0.8,3.07,128.5,0.0231,4,42.03,165.65,1,1,2,0.9659258262890683,-0.25881904510252063,1
10,3,0,0,0,0,2.84,69.02,70.4,0.6398,19,2.14,36.45,0,0,0,0.49999999999999994,-0.8660254037844387,0
22,2,1,1,0,3,0.05,1.27,71.9,0.0332,5,46.32,141.27,1,1,1,-0.5000000000000004,0.8660254037844384,1
16,1,0,0,0,0,2.16,94.52,34.58,0.493,21,2.3,6.79,0,0,0,-0.8660254037844385,-0.5000000000000004,0
17,3,0,0,0,0,2.73,12.98,38.08,0.3556,13,5.87,40.4,0,0,1,-0.9659258262890683,-0.25881904510252063,0
12,5,1,1,0,4,0.91,2.48,72.13,0.0269,1,43.5,567.6,1,0,1,1.2246467991473532e-16,-1.0,1
1,1,1,1,1,4,0.92,9.21,135.17,0.269,5,13.7,463.78,0,1,2,0.25881904510252074,0.9659258262890683,1
11,5,1,1,0,3,0.78,6.69,132.11,0.2349,2,29.93,518.27,0,1,0,0.258819045102521,-0.9659258262890682,1
20,0,0,0,0,0,2.12,18.03,33.68,0.3665,22,9.53,25.15,0,0,1,-0.8660254037844386,0.5000000000000001,0
9,5,0,0,0,0,1.53,111.89,51.83,0.6365,26,4.75,34.65,0,0,0,0.7071067811865476,-0.7071067811865475,0
9,6,0,1,0,0,3.94,77.76,62.57,0.3351,10,1.77,46.99,0,0,0,0.7071067811865476,-0.7071067811865475,0
4,4,0,1,0,4,0.19,3.4,94.7,0.2413,1,35.09,660.0,1,0,2,0.8660254037844386,0.5000000000000001,1
19,4,0,0,0,0,1.78,91.78,34.72,0.518,20,4.83,18.65,0,0,1,-0.9659258262890684,0.2588190451025203,0
21,4,0,0,0,0,3.18,119.03,37.78,0.3406,8,9.66,47.23,0,0,0,-0.7071067811865477,0.7071067811865474,0
9,1,0,0,0,0,3.2,89.36,42.96,0.5426,24,7.74,19.34,0,0,0,0.7071067811865476,-0.7071067811865475,0
12,0,0,0,1,0,4.21,34.58,68.3,0.5737,6,6.8,23.34,0,0,0,1.2246467991473532e-16,-1.0,0
17,2,0,0,0,0,3.24,76.51,79.24,0.6094,26,5.76,12.89,0,0,0,-0.9659258262890683,-0.25881904510252063,0
16,3,0,0,0,0,0.54,5.18,34.19,0.4337,29,2.94,29.13,0,0,1,-0.8660254037844385,-0.5000000000000004,0
8,6,0,0,0,0,4.2,5.66,53.76,0.562,26,3.86,33.67,0,0,1,0.8660254037844387,-0.4999999999999998,0
11,1,0,0,0,0,2.44,87.22,53.99,0.3503,23,9.9,38.31,0,0,0,0.258819045102521,-0.9659258262890682,0
7,5,0,0,0,2,2.08,46.65,33.95,0.3225,27,9.28,43.57,0,0,2,0.9659258262890683,-0.25881904510252063,0
7,2,1,1,0,0,0.36,5.34,41.22,0.0966,2,25.01,587.97,1,1,1,0.9659258262890683,-0.25881904510252063,1
16,3,0,0,0,0,0.87,11.68,42.81,0.6164,16,5.33,6.57,0,0,0,-0.8660254037844385,-0.5000000000000004,0
19,3,0,0,0,0,1.88,16.73,79.03,0.3839,7,2.62,11.98,0,0,2,-0.9659258262890684,0.2588190451025203,0
8,2,0,0,0,0,1.69,87.52,78.39,0.5275,21,5.59,12.7,0,0,1,0.8660254037844387,-0.4999999999999998,0
18,3,0,0,0,0,2.41,86.27,50.17,0.6649,9,7.33,40.65,0,0,0,-1.0,-1.8369701987210297e-16,0
19,1,0,0,0,0,1.72,54.62,49.37,0.6766,3,2.76,16.44,1,0,2,-0.9659258262890684,0.2588190451025203,0
17,3,0,0,0,1,2.64,81.68,49.01,0.4017,8,5.85,11.87,0,0,1,-0.9659258262890683,-0.25881904510252063,0
6,2,1,0,0,5,0.34,14.68,24.57,0.1953,2,21.49,102.84,0,1,1,1.0,6.123233995736766e-17,1
1,2,1,1,0,4,0.24,0.56,117.92,0.2528,3,44.31,176.92,1,1,0,0.25881904510252074,0.9659258262890683,1
4,4,0,1,1,1,0.13,12.65,62.77,0.2347,2,45.0,121.3,1,1,0,0.8660254037844386,0.5000000000000001,1
20,6,0,0,0,0,1.32,68.8,36.6,0.4385,13,1.23,25.88,0,0,1,-0.8660254037844386,0.5000000000000001,0
15,2,0,0,0,0,2.01,7.76,62.2,0.3212,2,7.26,6.5,0,0,0,-0.7071067811865471,-0.7071067811865479,0
2,3,0,1,1,1,0.77,12.05,143.76,0.2345,3,32.13,192.4,0,0,2,0.49999999999999994,0.8660254037844387,1
13,1,0,0,1,0,4.83,103.74,73.7,0.5251,24,3.94,11.96,1,0,1,-0.2588190451025208,-0.9659258262890683,0
12,5,0,0,0,1,2.78,48.0,60.02,0.4056,12,3.7,28.66,0,0,1,1.2246467991473532e-16,-1.0,0
16,3,0,0,0,0,4.62,115.27,32.72,0.3949,17,3.06,26.3,1,0,0,-0.8660254037844385,-0.5000000000000004,0
11,6,0,0,0,1,0.93,74.11,51.52,0.4627,8,8.81,14.86,0,0,1,0.258819045102521,-0.9659258262890682,0
23,1,0,0,0,0,2.89,17.56,34.54,0.363,20,7.52,46.64,0,0,1,-0.25881904510252157,0.9659258262890681,0
15,1,0,0,0,0,3.75,12.47,53.06,0.3532,2,3.92,8.15,0,0,1,-0.7071067811865471,-0.7071067811865479,0
18,0,0,0,0,0,2.66,88.26,78.01,0.4411,22,5.91,36.46,0,0,0,-1.0,-1.8369701987210297e-16,0
8,3,0,0,1,0,3.44,66.64,58.21,0.6858,23,2.63,29.89,0,0,1,0.8660254037844387,-0.4999999999999998,0
11,4,0,0,0,0,2.82,60.34,43.24,0.3738,21,6.01,0.91,0,0,0,0.258819045102521,-0.9659258262890682,0
13,3,1,1,1,1,0.61,10.01,149.04,0.1184,2,37.01,117.26,1,0,1,-0.2588190451025208,-0.9659258262890683,1
17,1,0,0,0,0,3.87,116.16,46.9,0.5703,14,8.26,7.15,0,0,1,-0.9659258262890683,-0.25881904510252063,0
8,5,0,0,0,0,3.51,27.71,51.92,0.6358,4,6.91,31.85,0,0,1,0.8660254037844387,-0.4999999999999998,0
13,0,0,0,0,0,4.52,102.18,63.18,0.5357,16,8.29,33.54,0,0,1,-0.2588190451025208,-0.9659258262890683,0
8,0,0,0,0,0,3.1,109.62,75.47,0.4041,20,8.0,29.05,0,0,2,0.8660254037844387,-0.4999999999999998,0
13,0,0,0,0,1,1.83,43.42,71.28,0.451,19,9.72,47.41,0,0,0,-0.2588190451025208,-0.9659258262890683,0
11,1,0,0,0,0,2.94,112.72,66.7,0.3939,29,8.81,26.69,0,0,0,0.258819045102521,-0.9659258262890682,0
19,5,0,0,0,0,4.07,81.68,44.84,0.6144,24,2.75,14.97,0,0,0,-0.9659258262890684,0.2588190451025203,0
1,3,1,1,1,5,0.18,8.1,105.26,0.2305,5,49.24,685.17,1,1,1,0.25881904510252074,0.9659258262890683,1
23,5,0,0,1,0,0.75,70.26,49.56,0.501,19,8.52,1.63,0,0,0,-0.25881904510252157,0.9659258262890681,0
9,6,0,0,1,0,1.2,99.26,44.34,0.3604,12,5.91,20.47,0,0,1,0.7071067811865476,-0.7071067811865475,0
12,2,0,0,0,0,4.77,104.56,45.76,0.6099,29,3.63,39.82,0,0,0,1.2246467991473532e-16,-1.0,0
14,1,0,0,0,0,4.08,46.07,78.84,0.5382,26,8.44,25.98,0,0,0,-0.4999999999999997,-0.8660254037844388,0
16,0,0,0,0,0,4.91,35.97,69.87,0.5728,5,8.36,8.91,0,0,0,-0.8660254037844385,-0.5000000000000004,0
16,4,0,0,0,2,4.69,93.37,74.02,0.3171,9,6.2,13.02,0,0,1,-0.8660254037844385,-0.5000000000000004,0
14,3,0,0,0,0,4.66,63.2,75.19,0.481,9,3.72,9.25,0,0,1,-0.4999999999999997,-0.8660254037844388,0
17,4,0,0,0,0,4.91,38.4,37.89,0.4728,13,6.89,3.48,0,0,1,-0.9659258262890683,-0.25881904510252063,0
3,4,1,1,1,3,0.96,8.76,70.8,0.2031,1,14.99,556.46,0,1,0,0.7071067811865476,0.7071067811865476,1
10,5,0,0,0,0,3.67,112.38,45.02,0.5523,9,9.23,3.61,0,0,0,0.49999999999999994,-0.8660254037844387,0
7,4,0,0,0,0,1.43,115.26,50.55,0.5297,28,5.32,17.57,0,0,1,0.9659258262890683,-0.25881904510252063,0
0,4,1,0,1,1,0.56,6.02,76.33,0.0907,3,35.6,183.93,1,1,1,0.0,1.0,1
1,1,0,0,1,0,1.76,58.93,77.71,0.4697,3,9.65,16.21,0,0,2,0.25881904510252074,0.9659258262890683,0
23,2,0,0,0,0,1.05,16.26,44.3,0.4149,23,5.6,18.83,0,0,1,-0.25881904510252157,0.9659258262890681,0
21,6,0,0,1,1,0.9,113.1,32.94,0.695,26,6.28,33.18,1,0,2,-0.7071067811865477,0.7071067811865474,0
14,6,0,0,0,0,3.55,89.45,52.47,0.6965,30,8.05,31.15,0,0,1,-0.4999999999999997,-0.8660254037844388,0
17,2,0,0,0,0,3.63,63.03,61.44,0.54,7,9.22,47.25,0,0,0,-0.9659258262890683,-0.25881904510252063,0
4,2,1,1,1,4,0.99,2.88,93.25,0.2089,4,35.55,637.87,1,1,2,0.8660254037844386,0.5000000000000001,1
13,1,0,0,1,0,0.96,53.88,32.35,0.3977,14,4.8,32.37,0,0,1,-0.2588190451025208,-0.9659258262890683,0
7,2,0,0,0,0,4.6,119.64,55.19,0.6185,12,5.98,26.01,0,0,1,0.9659258262890683,-0.25881904510252063,0
17,3,0,0,0,0,1.23,42.19,42.81,0.3334,29,2.89,37.62,0,0,0,-0.9659258262890683,-0.25881904510252063,0
6,3,0,0,0,0,1.95,34.97,71.94,0.583,11,8.62,8.17,0,0,2,1.0,6.123233995736766e-17,0
21,1,1,1,1,3,0.52,3.26,133.89,0.2382,3,19.84,472.4,1,1,1,-0.7071067811865477,0.7071067811865474,1
16,6,0,0,0,0,4.63,72.02,47.87,0.3162,29,7.26,47.46,0,0,0,-0.8660254037844385,-0.5000000000000004,0
19,3,0,0,0,0,4.25,21.9,41.09,0.3794,24,9.52,19.36,0,0,1,-0.9659258262890684,0.2588190451025203,0
10,6,0,0,0,0,3.5,99.93,32.98,0.5603,21,2.73,13.54,0,0,1,0.49999999999999994,-0.8660254037844387,0
17,3,0,0,0,0,4.7,110.35,69.3,0.309,20,4.23,40.61,0,0,0,-0.9659258262890683,-0.25881904510252063,0
8,4,0,1,0,0,4.31,74.12,64.78,0.361,21,9.97,39.64,1,0,0,0.8660254037844387,-0.4999999999999998,0
11,2,0,0,0,0,3.59,50.67,32.61,0.339,26,2.7,34.93,0,0,1,0.258819045102521,-0.9659258262890682,0
1,5,1,0,1,3,0.19,10.76,130.41,0.1467,2,37.79,663.17,1,0,1,0.25881904510252074,0.9659258262890683,1
23,4,0,0,0,0,3.85,94.01,55.99,0.5556,26,7.97,25.47,0,0,0,-0.25881904510252157,0.9659258262890681,0
9,5,0,0,0,0,0.99,54.61,68.02,0.355,2,3.59,19.08,0,0,1,0.7071067811865476,-0.7071067811865475,0
12,3,0,0,0,0,4.66,8.81,45.31,0.4407,7,9.87,14.95,0,0,1,1.2246467991473532e-16,-1.0,0
14,1,0,0,0,0,4.13,81.55,51.13,0.5157,22,8.23,32.61,0,0,1,-0.4999999999999997,-0.8660254037844388,0
2,2,0,0,0,0,4.44,89.22,37.0,0.4113,21,1.7,15.84,0,0,0,0.49999999999999994,0.8660254037844387,0
1,1,1,1,0,5,0.97,8.99,73.59,0.0722,3,39.81,703.57,0,1,1,0.25881904510252074,0.9659258262890683,1
18,1,0,1,1,2,0.95,6.87,81.64,0.0787,4,36.07,172.27,1,1,2,-1.0,-1.8369701987210297e-16,1
19,4,0,0,0,0,4.0,34.66,48.1,0.694,22,7.65,31.48,1,0,1,-0.9659258262890684,0.2588190451025203,0
3,6,1,0,0,0,4.19,93.79,48.25,0.4953,19,4.6,23.79,0,0,1,0.7071067811865476,0.7071067811865476,0
10,4,0,0,0,0,3.73,72.92,77.24,0.5436,9,2.44,2.88,0,0,2,0.49999999999999994,-0.8660254037844387,0
20,1,0,0,0,0,3.58,73.29,31.76,0.6646,9,8.84,30.13,0,0,1,-0.8660254037844386,0.5000000000000001,0
1,4,0,0,1,0,2.08,115.93,63.12,0.4374,17,7.19,19.47,0,0,1,0.25881904510252074,0.9659258262890683,0
9,0,0,0,0,1,2.85,94.06,30.33,0.3367,14,5.11,4.16,0,0,0,0.7071067811865476,-0.7071067811865475,0
11,5,0,0,0,1,0.82,7.72,75.99,0.5718,29,4.71,29.69,0,0,0,0.258819045102521,-0.9659258262890682,0
6,1,0,0,0,0,4.56,72.13,39.42,0.6213,6,8.82,15.19,0,0,0,1.0,6.123233995736766e-17,0
7,4,0,0,0,1,4.88,67.76,49.63,0.594,17,1.03,38.73,0,0,0,0.9659258262890683,-0.25881904510252063,0
16,3,0,0,1,0,3.97,50.76,65.9,0.4322,29,1.78,9.94,0,0,0,-0.8660254037844385,-0.5000000000000004,0
6,2,1,1,1,3,0.84,1.46,45.95,0.0789,1,35.35,503.71,1,1,0,1.0,6.123233995736766e-17,1
16,0,1,1,1,4,0.84,1.54,86.92,0.0622,2,43.71,632.0,1,1,1,-0.8660254037844385,-0.5000000000000004,1
15,1,0,1,0,1,1.89,23.09,49.94,0.42,7,2.79,17.77,0,0,1,-0.7071067811865471,-0.7071067811865479,0
2,2,1,1,1,3,0.04,14.44,37.13,0.207,5,12.33,198.87,0,1,1,0.49999999999999994,0.8660254037844387,1
11,1,0,0,0,0,4.58,26.43,72.91,0.5841,20,8.98,8.06,0,0,0,0.258819045102521,-0.9659258262890682,0
0,5,0,0,0,0,0.84,13.56,47.01,0.4346,3,6.76,11.09,0,0,1,0.0,1.0,0
16,1,0,0,0,2,4.9,67.88,39.11,0.6037,14,8.86,34.77,0,0,0,-0.8660254037844385,-0.5000000000000004,0
8,2,1,1,0,1,3.26,14.61,72.04,0.6193,18,1.93,39.03,0,0,0,0.8660254037844387,-0.4999999999999998,0
18,4,0,0,0,0,3.62,111.21,37.69,0.5862,30,7.88,9.74,1,0,0,-1.0,-1.8369701987210297e-16,0
20,4,0,0,0,0,3.42,89.98,61.67,0.6041,2,5.55,10.23,0,0,0,-0.8660254037844386,0.5000000000000001,0
17,5,0,0,0,0,4.92,79.66,50.64,0.5149,19,8.46,9.95,0,0,0,-0.9659258262890683,-0.25881904510252063,0
9,1,0,0,0,0,4.01,81.64,69.52,0.4462,27,9.18,4.19,0,0,0,0.7071067811865476,-0.7071067811865475,0
12,6,1,0,1,1,0.25,14.42,11.67,0.2004,3,31.94,435.94,1,1,2,1.2246467991473532e-16,-1.0,1
7,3,0,0,0,1,4.68,10.49,45.04,0.6717,22,1.73,36.91,0,0,1,0.9659258262890683,-0.25881904510252063,0
9,2,0,0,0,0,2.04,38.36,70.98,0.5184,13,3.64,38.36,0,0,1,0.7071067811865476,-0.7071067811865475,0
22,0,0,0,0,0,2.98,75.41,70.04,0.5755,25,2.37,0.95,0,0,1,-0.5000000000000004,0.8660254037844384,0
19,6,0,0,0,0,1.29,109.31,67.78,0.3572,10,9.84,1.04,0,0,0,-0.9659258262890684,0.2588190451025203,0
20,4,1,0,0,1,1.26,87.27,66.29,0.366,15,4.44,41.35,0,0,0,-0.8660254037844386,0.5000000000000001,0
9,4,0,0,0,0,2.15,11.1,37.31,0.4969,16,8.95,33.06,0,0,1,0.7071067811865476,-0.7071067811865475,0
19,2,0,0,0,1,1.6,80.89,76.35,0.6336,28,4.41,38.26,0,0,2,-0.9659258262890684,0.2588190451025203,0
12,2,1,1,0,3,0.49,3.27,94.43,0.0824,2,49.39,167.16,1,1,1,1.2246467991473532e-16,-1.0,1
5,2,0,1,1,2,0.25,4.25,70.51,0.1764,2,15.36,652.67,1,1,1,0.9659258262890683,0.25881904510252074,1
11,2,0,0,0,0,4.27,56.11,34.22,0.4603,9,3.67,31.68,0,0,0,0.258819045102521,-0.9659258262890682,0
22,1,1,1,1,0,4.93,6.17,48.63,0.4699,24,7.42,42.8,0,0,1,-0.5000000000000004,0.8660254037844384,0
19,6,0,0,0,0,2.4,37.21,63.26,0.5581,3,4.14,38.13,0,0,0,-0.9659258262890684,0.2588190451025203,0
2,4,1,1,1,1,0.06,9.42,120.4,0.1094,4,26.64,540.91,1,1,0,0.49999999999999994,0.8660254037844387,1
16,1,0,0,0,0,3.34,113.39,62.53,0.5663,14,6.4,10.58,0,0,0,-0.8660254037844385,-0.5000000000000004,0
17,5,0,0,0,0,1.38,6.78,69.67,0.4493,16,7.52,42.03,0,0,1,-0.9659258262890683,-0.25881904510252063,0
9,5,1,1,1,3,0.81,13.5,33.84,0.2357,2,28.31,697.6,0,1,1,0.7071067811865476,-0.7071067811865475,1
9,3,0,0,0,2,2.19,86.34,44.59,0.5021,21,8.32,10.85,0,0,1,0.7071067811865476,-0.7071067811865475,0
21,5,0,0,0,0,2.07,91.29,58.7,0.5624,23,3.96,32.38,0,0,0,-0.7071067811865477,0.7071067811865474,0
7,2,0,0,0,0,3.3,45.72,40.58,0.6783,19,9.22,2.89,0,0,1,0.9659258262890683,-0.25881904510252063,0
18,1,0,0,0,0,2.23,80.41,51.06,0.4252,26,2.05,44.31,0,0,0,-1.0,-1.8369701987210297e-16,0
20,5,0,0,0,0,2.41,82.35,51.16,0.6735,5,1.84,29.43,0,0,0,-0.8660254037844386,0.5000000000000001,0
10,4,0,0,0,0,1.04,31.16,39.57,0.4688,29,9.74,42.74,0,0,2,0.49999999999999994,-0.8660254037844387,0
14,1,0,0,0,0,2.37,13.18,53.99,0.3306,27,4.15,22.3,0,0,0,-0.4999999999999997,-0.8660254037844388,0
14,1,1,1,0,1,0.99,0.65,10.14,0.0236,1,18.37,461.23,1,1,1,-0.4999999999999997,-0.8660254037844388,1
21,2,0,0,1,0,1.2,53.95,44.07,0.5518,10,8.08,22.1,1,0,1,-0.7071067811865477,0.7071067811865474,0
22,5,1,0,0,0,2.91,70.74,48.7,0.576,13,7.6,23.96,1,0,0,-0.5000000000000004,0.8660254037844384,0
5,1,0,0,1,1,4.29,89.97,43.96,0.5134,17,5.7,29.35,0,0,0,0.9659258262890683,0.25881904510252074,0
19,2,0,0,1,0,0.97,74.96,43.92,0.4053,16,7.54,17.91,0,0,0,-0.9659258262890684,0.2588190451025203,0
9,3,0,0,0,0,2.22,29.59,44.3,0.5133,24,4.2,39.4,0,0,0,0.7071067811865476,-0.7071067811865475,0
18,0,0,1,0,0,4.77,74.0,31.65,0.5964,28,7.45,12.99,0,0,0,-1.0,-1.8369701987210297e-16,0
4,2,1,1,1,4,0.94,14.22,23.4,0.1083,4,14.22,447.19,1,1,1,0.8660254037844386,0.5000000000000001,1
15,3,0,0,0,0,3.62,39.52,62.89,0.5228,20,4.41,22.39,1,0,0,-0.7071067811865471,-0.7071067811865479,0
6,5,0,0,0,1,4.84,114.34,36.21,0.3592,27,6.42,36.57,0,0,1,1.0,6.123233995736766e-17,0
16,6,0,0,0,0,2.18,97.96,69.3,0.5199,23,4.75,21.34,0,0,0,-0.8660254037844385,-0.5000000000000004,0
17,5,0,0,0,0,3.13,54.34,70.12,0.6865,4,2.98,9.11,0,0,0,-0.9659258262890683,-0.25881904510252063,0
6,6,1,1,1,3,0.43,11.99,116.72,0.1208,1,26.73,132.87,1,0,1,1.0,6.123233995736766e-17,1
16,3,0,0,0,0,4.4,99.12,61.24,0.4327,7,1.24,41.95,0,0,0,-0.8660254037844385,-0.5000000000000004,0
17,6,0,1,0,1,1.46,79.07,43.01,0.6393,18,7.19,36.58,0,0,0,-0.9659258262890683,-0.25881904510252063,0
17,4,0,0,0,0,1.74,97.53,67.94,0.698,19,6.56,17.57,0,0,1,-0.9659258262890683,-0.25881904510252063,0
1,6,0,1,0,0,4.05,20.02,32.88,0.322,18,2.02,10.93,0,0,0,0.25881904510252074,0.9659258262890683,0
16,6,1,0,0,0,3.06,31.88,38.28,0.3088,19,5.81,18.69,0,0,0,-0.8660254037844385,-0.5000000000000004,0
1,2,1,1,0,1,0.42,8.54,145.63,0.2065,1,43.38,133.48,1,0,1,0.25881904510252074,0.9659258262890683,1
7,3,0,0,0,2,3.34,92.48,65.1,0.5892,12,3.36,27.61,0,0,0,0.9659258262890683,-0.25881904510252063,0
12,4,0,0,0,0,4.75,7.44,68.65,0.4809,21,8.12,11.61,0,0,0,1.2246467991473532e-16,-1.0,0
20,5,0,0,0,0,2.52,53.01,71.14,0.6984,14,7.39,34.23,0,0,0,-0.8660254037844386,0.5000000000000001,0
19,3,0,0,0,0,1.85,118.19,54.34,0.6981,18,2.39,38.89,0,0,0,-0.9659258262890684,0.2588190451025203,0
13,3,0,0,0,0,3.94,54.02,52.59,0.4208,2,1.61,13.35,0,0,1,-0.2588190451025208,-0.9659258262890683,0
15,1,0,1,0,0,1.12,102.49,63.67,0.5292,24,7.69,8.28,0,0,1,-0.7071067811865471,-0.7071067811865479,0
18,6,1,1,0,4,0.15,7.24,111.08,0.0582,1,32.64,239.24,1,1,0,-1.0,-1.8369701987210297e-16,1
19,1,0,0,0,1,1.4,87.13,53.09,0.3498,7,8.42,31.61,0,0,0,-0.9659258262890684,0.2588190451025203,0
13,3,0,0,0,0,4.29,87.59,40.34,0.3447,8,9.45,6.65,0,0,0,-0.2588190451025208,-0.9659258262890683,0
14,5,0,0,0,0,4.29,45.34,77.24,0.6362,17,2.41,0.59,0,0,1,-0.4999999999999997,-0.8660254037844388,0
11,5,0,0,0,0,4.44,34.5,55.39,0.3937,20,5.88,28.71,0,0,0,0.258819045102521,-0.9659258262890682,0
20,2,1,1,1,1,0.86,1.9,57.66,0.0182,1,21.44,135.0,1,1,1,-0.8660254037844386,0.5000000000000001,1
21,3,0,0,0,0,1.07,91.65,46.99,0.4745,14,1.18,25.5,0,0,2,-0.7071067811865477,0.7071067811865474,0
15,1,0,0,0,0,3.17,21.86,58.46,0.6028,27,3.15,18.81,0,0,1,-0.7071067811865471,-0.7071067811865479,0
15,5,0,0,0,0,4.36,13.11,78.93,0.4356,3,2.82,28.78,0,0,1,-0.7071067811865471,-0.7071067811865479,0
6,0,0,1,0,1,2.78,119.33,34.29,0.6083,11,1.45,47.61,1,0,1,1.0,6.123233995736766e-17,0
11,6,1,1,1,2,0.69,4.35,103.45,0.103,4,39.0,254.4,1,1,2,0.258819045102521,-0.9659258262890682,1
3,3,1,1,0,2,0.96,6.73,17.74,0.0998,1,35.89,597.68,1,1,0,0.7071067811865476,0.7071067811865476,1
18,5,0,0,0,1,4.06,57.43,56.09,0.5154,19,8.19,1.27,0,0,0,-1.0,-1.8369701987210297e-16,0
9,1,0,1,0,0,2.21,64.42,71.82,0.5238,13,3.1,38.1,0,0,0,0.7071067811865476,-0.7071067811865475,0
9,6,0,0,0,0,2.39,48.79,60.23,0.6673,13,5.73,30.02,0,0,0,0.7071067811865476,-0.7071067811865475,0
17,5,0,0,0,0,4.39,44.1,47.83,0.4853,10,3.18,13.55,1,0,1,-0.9659258262890683,-0.25881904510252063,0
8,5,0,0,0,0,3.75,12.36,52.8,0.3824,12,3.12,25.43,0,0,0,0.8660254037844387,-0.4999999999999998,0
20,3,0,0,0,0,3.44,85.79,61.57,0.3091,12,6.81,38.54,0,0,0,-0.8660254037844386,0.5000000000000001,0
2,3,0,0,0,0,4.55,73.13,76.96,0.5471,17,8.32,47.33,0,0,0,0.49999999999999994,0.8660254037844387,0
8,3,0,0,0,0,2.89,83.53,54.87,0.3159,27,3.4,26.4,0,0,0,0.8660254037844387,-0.4999999999999998,0
12,4,0,0,1,0,3.06,94.26,39.48,0.3503,15,9.24,44.69,0,0,0,1.2246467991473532e-16,-1.0,0
7,6,0,1,1,0,2.04,18.54,61.32,0.3518,30,6.14,36.8,0,0,1,0.9659258262890683,-0.25881904510252063,0
9,4,0,0,0,0,0.89,24.76,75.15,0.594,4,7.22,18.78,0,0,0,0.7071067811865476,-0.7071067811865475,0
13,3,0,1,0,0,2.73,100.23,34.51,0.4345,22,1.24,11.51,0,0,0,-0.2588190451025208,-0.9659258262890683,0
16,2,0,0,0,0,1.36,17.09,53.22,0.5802,3,4.55,34.26,0,0,2,-0.8660254037844385,-0.5000000000000004,0
1,6,1,1,1,3,0.57,12.59,124.99,0.111,4,22.46,164.09,1,0,2,0.25881904510252074,0.9659258262890683,1
6,1,0,0,0,0,0.52,14.28,57.01,0.5961,2,3.67,6.23,0,0,1,1.0,6.123233995736766e-17,0
10,2,0,1,0,0,3.52,104.05,58.07,0.528,2,6.25,46.06,0,0,1,0.49999999999999994,-0.8660254037844387,0
17,1,1,0,0,0,1.44,74.33,77.75,0.47,22,2.43,5.15,0,0,0,-0.9659258262890683,-0.25881904510252063,0
15,0,0,0,0,0,4.2,26.67,42.64,0.624,26,6.13,32.09,0,0,1,-0.7071067811865471,-0.7071067811865479,0
9,1,0,0,0,0,2.5,110.44,51.34,0.3649,5,3.46,12.33,0,0,1,0.7071067811865476,-0.7071067811865475,0
10,3,0,0,0,0,4.25,44.34,36.16,0.4061,3,3.9,19.5,0,0,0,0.49999999999999994,-0.8660254037844387,0
2,0,1,1,1,0,0.23,13.56,18.64,0.0788,3,46.09,602.12,1,1,0,0.49999999999999994,0.8660254037844387,1
9,6,0,0,0,0,4.85,99.02,44.17,0.4089,20,2.36,7.31,0,0,2,0.7071067811865476,-0.7071067811865475,0
0,5,0,0,0,0,4.25,105.86,63.25,0.505,9,1.26,31.48,0,0,1,0.0,1.0,0
18,4,0,0,0,0,1.48,31.77,55.34,0.5609,18,7.72,4.97,0,0,1,-1.0,-1.8369701987210297e-16,0
18,4,0,0,0,0,4.73,5.14,60.86,0.4646,3,2.08,5.74,0,0,0,-1.0,-1.8369701987210297e-16,0
16,3,0,0,1,0,4.24,50.68,66.45,0.6351,12,3.66,46.62,0,0,1,-0.8660254037844385,-0.5000000000000004,0
11,0,0,0,0,0,4.67,65.51,48.22,0.6477,2,5.92,35.38,0,0,1,0.258819045102521,-0.9659258262890682,0
17,2,0,0,0,0,0.73,103.99,36.95,0.4116,27,4.68,5.85,0,0,1,-0.9659258262890683,-0.25881904510252063,0
11,0,0,0,0,0,1.73,80.89,63.2,0.644,9,3.49,3.22,1,0,2,0.258819045102521,-0.9659258262890682,0
12,2,0,0,0,0,1.43,14.86,50.56,0.3162,7,5.44,44.2,0,0,0,1.2246467991473532e-16,-1.0,0
20,6,0,0,0,0,1.03,87.39,71.51,0.4924,8,5.7,23.86,0,0,2,-0.8660254037844386,0.5000000000000001,0
16,1,0,0,0,0,2.99,30.3,62.84,0.3725,23,6.36,10.51,0,0,0,-0.8660254037844385,-0.5000000000000004,0
12,4,0,0,0,0,4.75,110.47,67.97,0.5558,13,1.08,16.66,0,0,2,1.2246467991473532e-16,-1.0,0
11,6,0,0,0,0,2.03,23.59,73.41,0.5317,22,8.2,18.76,1,0,0,0.258819045102521,-0.9659258262890682,0
10,5,1,1,1,0,0.64,4.87,91.17,0.2853,5,18.3,329.3,1,0,2,0.49999999999999994,-0.8660254037844387,1
9,4,0,0,0,0,4.9,9.63,33.89,0.4582,24,8.16,1.63,0,0,2,0.7071067811865476,-0.7071067811865475,0
14,5,0,0,1,0,0.98,65.04,67.03,0.3362,18,6.2,30.06,0,0,1,-0.4999999999999997,-0.8660254037844388,0
10,6,0,0,0,0,4.46,111.96,62.85,0.5869,25,6.39,17.1,0,0,0,0.49999999999999994,-0.8660254037844387,0
8,1,0,0,0,0,2.06,54.17,38.21,0.3137,3,8.65,20.68,0,0,1,0.8660254037844387,-0.4999999999999998,0
3,3,1,0,0,0,0.23,0.94,40.39,0.0696,5,25.03,217.14,0,1,1,0.7071067811865476,0.7071067811865476,1
20,5,0,0,0,0,1.47,79.43,71.7,0.6627,5,1.59,47.34,0,0,0,-0.8660254037844386,0.5000000000000001,0
16,2,0,0,0,0,4.35,53.06,50.0,0.5975,25,4.57,4.32,0,0,1,-0.8660254037844385,-0.5000000000000004,0
9,5,0,0,0,0,4.88,75.99,54.02,0.4973,26,6.3,37.36,0,0,1,0.7071067811865476,-0.7071067811865475,0
11,1,0,0,0,0,4.74,64.67,51.46,0.6414,3,6.33,27.48,0,0,0,0.258819045102521,-0.9659258262890682,0
12,6,0,0,0,0,3.5,106.96,67.11,0.3215,27,1.24,16.96,0,0,0,1.2246467991473532e-16,-1.0,0
21,6,0,0,0,0,2.55,114.16,53.43,0.5487,16,4.31,1.62,0,0,2,-0.7071067811865477,0.7071067811865474,0
8,4,0,0,1,0,3.97,116.94,72.99,0.4032,11,9.07,18.92,0,0,0,0.8660254037844387,-0.4999999999999998,0
9,2,0,0,0,2,4.1,43.38,64.14,0.4614,9,8.38,20.78,0,0,1,0.7071067811865476,-0.7071067811865475,0
9,4,0,0,0,0,4.22,116.4,30.67,0.3627,16,7.74,32.19,1,0,0,0.7071067811865476,-0.7071067811865475,0
20,4,0,0,0,2,4.54,19.86,33.65,0.6398,14,7.6,38.43,0,0,0,-0.8660254037844386,0.5000000000000001,0
22,5,1,0,0,0,2.66,92.23,70.47,0.5516,20,5.42,45.53,0,0,2,-0.5000000000000004,0.8660254037844384,0
14,3,0,0,0,0,1.85,86.04,39.19,0.6086,5,1.83,33.18,0,0,1,-0.4999999999999997,-0.8660254037844388,0
9,5,0,0,0,0,3.86,34.21,57.15,0.5256,6,5.2,18.09,0,0,0,0.7071067811865476,-0.7071067811865475,0
3,4,1,1,0,5,0.02,8.41,94.55,0.1953,5,20.52,609.64,1,0,1,0.7071067811865476,0.7071067811865476,1
22,4,0,1,0,0,2.84,15.32,51.65,0.4207,29,9.64,6.35,0,0,0,-0.5000000000000004,0.8660254037844384,0
8,1,0,0,1,0,3.55,81.43,39.77,0.484,12,7.38,10.89,0,0,0,0.8660254037844387,-0.4999999999999998,0
16,1,0,0,0,0,1.6,53.02,76.52,0.5292,27,7.0,44.93,0,0,0,-0.8660254037844385,-0.5000000000000004,0
20,0,0,0,0,1,2.93,75.36,74.68,0.5794,28,2.96,7.36,0,0,1,-0.8660254037844386,0.5000000000000001,0
20,3,0,0,0,0,4.65,32.49,76.24,0.618,26,1.06,21.83,0,0,0,-0.8660254037844386,0.5000000000000001,0
7,4,0,0,0,1,1.93,95.26,30.98,0.3952,26,3.25,45.05,0,0,0,0.9659258262890683,-0.25881904510252063,0
19,0,1,0,0,0,1.79,88.67,72.99,0.6144,13,3.85,32.26,0,0,1,-0.9659258262890684,0.2588190451025203,0
5,0,0,0,0,0,3.33,12.76,31.68,0.6336,16,4.9,22.89,0,0,0,0.9659258262890683,0.25881904510252074,0
5,4,1,0,1,2,0.33,8.86,62.73,0.1314,4,42.84,346.67,0,0,0,0.9659258262890683,0.25881904510252074,1
19,5,0,0,1,1,2.25,39.62,47.52,0.6395,6,1.31,3.72,0,0,0,-0.9659258262890684,0.2588190451025203,0
20,2,0,0,0,0,4.04,108.58,30.37,0.6662,29,6.05,36.37,0,0,1,-0.8660254037844386,0.5000000000000001,0
20,4,1,1,0,4,0.34,12.9,89.47,0.0472,3,29.43,488.28,1,1,0,-0.8660254037844386,0.5000000000000001,1
2,5,1,1,1,1,0.15,9.88,100.8,0.2958,5,38.92,435.89,1,1,1,0.49999999999999994,0.8660254037844387,1
11,2,1,0,0,0,1.53,10.79,41.86,0.492,9,1.01,34.15,0,0,1,0.258819045102521,-0.9659258262890682,0
3,2,1,0,1,3,0.05,5.0,89.86,0.1781,2,38.96,388.39,1,1,2,0.7071067811865476,0.7071067811865476,1
15,3,0,0,0,0,4.54,113.98,34.73,0.3799,7,1.87,45.29,0,0,1,-0.7071067811865471,-0.7071067811865479,0
1,2,1,1,1,1,0.02,8.67,108.09,0.2778,3,36.64,668.57,1,0,2,0.25881904510252074,0.9659258262890683,1
23,3,1,1,0,3,0.27,9.81,110.06,0.0811,2,10.07,584.46,1,0,2,-0.25881904510252157,0.9659258262890681,1
9,4,0,0,1,0,4.39,31.43,63.43,0.3281,3,4.97,43.75,0,0,1,0.7071067811865476,-0.7071067811865475,0
11,5,0,0,0,0,3.64,34.54,58.02,0.6799,5,5.46,47.84,1,0,1,0.258819045102521,-0.9659258262890682,0
2,0,0,0,0,1,3.58,74.84,61.37,0.3181,29,4.39,35.15,0,0,1,0.49999999999999994,0.8660254037844387,0
20,3,0,0,0,0,3.21,49.75,41.56,0.3729,30,8.14,12.74,0,0,0,-0.8660254037844386,0.5000000000000001,0
18,3,0,0,0,0,3.94,114.1,72.51,0.6807,14,6.32,38.62,0,0,1,-1.0,-1.8369701987210297e-16,0
13,4,1,1,0,4,0.53,12.59,74.78,0.1168,4,28.86,663.31,0,0,0,-0.2588190451025208,-0.9659258262890683,1
9,1,0,0,0,0,0.97,43.17,57.32,0.5995,24,8.13,10.48,0,0,0,0.7071067811865476,-0.7071067811865475,0
23,3,1,1,1,3,0.37,12.09,121.68,0.046,3,47.93,147.0,1,1,2,-0.25881904510252157,0.9659258262890681,1
1,0,0,1,0,4,0.32,5.99,85.9,0.0795,1,33.98,651.32,0,1,1,0.25881904510252074,0.9659258262890683,1
4,5,1,1,1,3,0.85,13.01,59.47,0.1951,4,42.6,386.72,0,1,1,0.8660254037844386,0.5000000000000001,1
18,3,0,0,0,0,2.17,79.02,78.42,0.6693,8,2.42,44.77,0,0,1,-1.0,-1.8369701987210297e-16,0
23,5,1,1,1,5,0.67,14.64,122.78,0.001,3,39.45,669.43,0,0,2,-0.25881904510252157,0.9659258262890681,1
14,5,0,1,1,0,4.36,76.37,52.26,0.6234,2,6.04,27.2,0,0,1,-0.4999999999999997,-0.8660254037844388,0
8,3,0,0,1,0,3.3,49.78,36.97,0.3136,10,9.37,20.27,0,0,1,0.8660254037844387,-0.4999999999999998,0
18,3,0,0,0,0,3.01,83.64,77.74,0.4664,26,4.11,44.21,0,0,0,-1.0,-1.8369701987210297e-16,0
23,5,0,0,0,0,3.74,119.82,44.5,0.3412,22,7.4,2.71,0,0,2,-0.25881904510252157,0.9659258262890681,0
11,2,0,0,1,0,0.57,14.63,42.28,0.5558,22,5.47,25.57,0,0,0,0.258819045102521,-0.9659258262890682,0
3,1,0,0,1,2,0.58,10.5,95.08,0.1651,1,26.2,524.75,1,1,1,0.7071067811865476,0.7071067811865476,1
15,3,0,0,0,0,4.14,72.54,33.84,0.5225,22,5.55,22.73,0,0,2,-0.7071067811865471,-0.7071067811865479,0
0,3,0,0,0,0,3.11,79.8,40.0,0.6424,18,5.54,33.78,0,0,0,0.0,1.0,0
9,1,0,1,0,0,1.54,119.45,63.96,0.6981,16,6.68,40.69,0,0,0,0.7071067811865476,-0.7071067811865475,0
13,0,0,1,0,2,0.28,12.32,33.85,0.239,5,28.09,406.19,1,1,1,-0.2588190451025208,-0.9659258262890683,1
17,6,0,0,0,0,1.51,116.36,78.44,0.5242,16,9.24,3.6,0,0,0,-0.9659258262890683,-0.25881904510252063,0
5,0,1,0,0,5,0.89,8.49,105.0,0.2356,3,14.27,148.52,1,1,0,0.9659258262890683,0.25881904510252074,1
12,1,0,1,0,0,4.6,92.73,37.13,0.3833,18,8.28,13.27,0,0,0,1.2246467991473532e-16,-1.0,0
8,5,0,0,0,0,4.07,62.3,31.48,0.4702,12,5.6,12.57,0,0,1,0.8660254037844387,-0.4999999999999998,0
12,1,1,1,0,3,0.9,2.28,53.41,0.1188,5,41.37,407.7,0,1,1,1.2246467991473532e-16,-1.0,1
15,3,0,0,0,0,4.1,93.21,31.01,0.3395,14,1.39,8.95,0,0,2,-0.7071067811865471,-0.7071067811865479,0
2,5,0,0,0,1,1.59,26.15,75.69,0.3575,12,6.98,9.46,0,0,0,0.49999999999999994,0.8660254037844387,0
0,3,0,1,1,0,0.42,13.1,139.03,0.231,2,32.55,276.54,1,1,1,0.0,1.0,1
14,0,0,0,0,0,1.73,56.79,47.19,0.3743,29,9.5,24.03,0,0,1,-0.4999999999999997,-0.8660254037844388,0
16,6,0,1,0,0,4.63,75.25,64.41,0.4851,18,2.38,29.8,0,0,0,-0.8660254037844385,-0.5000000000000004,0
18,2,0,0,0,0,1.33,31.84,54.23,0.3631,25,8.31,32.16,0,0,1,-1.0,-1.8369701987210297e-16,0
14,4,1,1,0,0,2.15,105.6,42.42,0.4901,14,3.5,18.1,0,0,1,-0.4999999999999997,-0.8660254037844388,0
10,0,0,0,0,0,4.34,29.21,62.89,0.601,16,5.3,2.34,0,0,2,0.49999999999999994,-0.8660254037844387,0
9,3,0,0,0,0,1.47,113.71,63.02,0.4655,30,2.07,44.99,0,0,0,0.7071067811865476,-0.7071067811865475,0
11,1,0,0,0,0,2.23,97.62,59.97,0.5047,12,1.86,20.32,0,0,1,0.258819045102521,-0.9659258262890682,0
22,5,0,0,0,0,3.82,76.58,38.34,0.4454,4,6.62,37.86,0,0,1,-0.5000000000000004,0.8660254037844384,0
4,0,1,1,0,1,0.56,9.45,132.22,0.2222,4,25.16,302.23,0,1,1,0.8660254037844386,0.5000000000000001,1
18,2,0,0,0,1,2.28,15.67,66.1,0.3135,11,7.44,27.75,0,0,1,-1.0,-1.8369701987210297e-16,0
6,1,1,1,0,3,0.35,4.46,108.65,0.113,1,24.18,637.7,0,1,1,1.0,6.123233995736766e-17,1
12,1,0,0,0,0,4.43,75.73,41.89,0.4028,23,8.42,28.53,0,0,1,1.2246467991473532e-16,-1.0,0
15,5,0,0,0,0,3.32,115.91,73.28,0.3293,3,3.57,27.8,0,0,0,-0.7071067811865471,-0.7071067811865479,0
15,1,1,0,0,0,3.19,86.28,49.1,0.5448,21,2.77,4.75,0,0,0,-0.7071067811865471,-0.7071067811865479,0
4,1,1,0,0,1,0.92,4.01,96.75,0.2694,5,10.63,325.75,0,1,0,0.8660254037844386,0.5000000000000001,1
11,3,0,0,0,2,5.0,33.82,40.4,0.5382,21,1.27,14.12,0,0,0,0.258819045102521,-0.9659258262890682,0
5,5,0,0,0,0,1.3,53.71,46.56,0.4702,23,9.12,24.81,0,0,2,0.9659258262890683,0.25881904510252074,0
12,2,1,0,0,0,2.0,106.92,50.71,0.4364,11,7.99,26.19,0,0,2,1.2246467991473532e-16,-1.0,0
23,1,1,0,1,0,0.75,3.47,111.96,0.152,3,19.18,612.92,1,0,1,-0.25881904510252157,0.9659258262890681,1
4,5,1,0,1,5,0.05,13.06,45.91,0.0444,1,48.99,408.32,1,0,1,0.8660254037844386,0.5000000000000001,1
6,1,0,1,1,2,0.46,14.93,98.41,0.2399,2,17.65,563.61,0,1,1,1.0,6.123233995736766e-17,1
21,2,1,0,1,0,0.21,4.12,108.67,0.2667,2,22.66,320.38,1,1,0,-0.7071067811865477,0.7071067811865474,1
13,5,0,0,0,0,2.34,99.45,37.77,0.6191,22,6.44,12.09,0,0,1,-0.2588190451025208,-0.9659258262890683,0
22,4,0,0,0,0,1.06,76.71,78.28,0.3892,14,5.52,34.38,0,0,2,-0.5000000000000004,0.8660254037844384,0
11,3,0,0,0,0,3.02,10.5,51.05,0.3129,29,5.76,11.4,0,0,0,0.258819045102521,-0.9659258262890682,0
3,2,0,0,0,1,0.52,88.11,47.79,0.3788,4,6.28,26.69,0,0,0,0.7071067811865476,0.7071067811865476,0
3,1,1,0,0,2,0.94,6.62,140.46,0.0743,3,21.05,259.08,1,0,1,0.7071067811865476,0.7071067811865476,1
11,2,0,0,0,0,0.9,65.43,42.21,0.368,11,1.57,39.65,0,0,0,0.258819045102521,-0.9659258262890682,0
22,3,1,1,1,3,0.66,3.19,85.1,0.0314,5,45.84,220.78,0,1,2,-0.5000000000000004,0.8660254037844384,1
15,3,0,0,0,0,3.7,102.37,49.47,0.3435,6,1.84,28.5,0,0,0,-0.7071067811865471,-0.7071067811865479,0
15,4,0,0,0,0,4.27,117.04,73.56,0.4163,11,2.83,30.96,0,0,1,-0.7071067811865471,-0.7071067811865479,0
17,1,0,0,0,0,4.93,108.76,32.55,0.5629,30,7.53,12.2,0,0,2,-0.9659258262890683,-0.25881904510252063,0
15,1,0,0,0,0,2.47,40.28,75.26,0.4687,16,6.12,36.35,0,0,0,-0.7071067811865471,-0.7071067811865479,0
17,6,0,0,0,2,1.75,45.49,51.28,0.4696,19,2.42,31.99,0,0,0,-0.9659258262890683,-0.25881904510252063,0
22,6,0,0,0,2,4.08,29.22,56.56,0.5952,30,1.46,18.36,0,0,1,-0.5000000000000004,0.8660254037844384,0
5,2,0,0,0,0,0.66,66.56,71.49,0.6078,29,4.36,34.55,0,0,1,0.9659258262890683,0.25881904510252074,0
20,4,0,0,0,0,4.35,107.5,42.76,0.6912,27,7.09,44.7,0,0,1,-0.8660254037844386,0.5000000000000001,0
9,2,0,0,0,1,3.52,112.08,51.71,0.4649,4,2.15,35.77,0,0,2,0.7071067811865476,-0.7071067811865475,0
15,4,0,0,0,0,4.41,72.47,73.37,0.3489,7,9.18,39.89,0,0,1,-0.7071067811865471,-0.7071067811865479,0
6,1,0,1,0,0,3.25,111.45,36.35,0.5472,24,7.61,28.17,0,0,0,1.0,6.123233995736766e-17,0
14,1,0,0,1,0,4.2,93.96,37.61,0.3841,22,1.25,35.79,0,0,1,-0.4999999999999997,-0.8660254037844388,0
6,1,0,0,0,0,2.29,61.48,43.68,0.6555,7,5.09,43.26,0,0,1,1.0,6.123233995736766e-17,0
22,5,1,1,0,4,0.29,11.06,120.25,0.2677,4,13.17,675.24,1,0,0,-0.5000000000000004,0.8660254037844384,1
22,5,0,1,0,1,1.29,74.28,31.49,0.5074,12,3.29,30.36,0,0,0,-0.5000000000000004,0.8660254037844384,0
19,3,0,1,0,2,0.68,108.64,58.69,0.4186,19,3.06,8.57,0,0,0,-0.9659258262890684,0.2588190451025203,0
4,0,0,0,0,0,2.89,12.81,45.79,0.4599,10,7.84,8.21,0,0,0,0.8660254037844386,0.5000000000000001,0
22,5,0,0,1,0,4.26,109.66,58.04,0.5032,17,2.74,40.48,0,0,0,-0.5000000000000004,0.8660254037844384,0
10,3,0,0,0,0,0.86,83.55,38.9,0.3643,23,2.76,41.16,0,0,1,0.49999999999999994,-0.8660254037844387,0
10,6,0,0,0,0,4.51,21.71,38.95,0.4921,19,3.54,29.76,0,0,1,0.49999999999999994,-0.8660254037844387,0
6,0,1,1,1,3,0.92,9.2,74.05,0.0433,5,20.45,410.68,1,1,1,1.0,6.123233995736766e-17,1
1,6,1,1,1,4,0.49,8.27,43.46,0.0707,1,23.41,146.98,0,1,2,0.25881904510252074,0.9659258262890683,1
17,4,0,0,1,0,2.09,118.94,52.86,0.4353,14,4.51,33.03,0,0,0,-0.9659258262890683,-0.25881904510252063,0
13,0,0,0,0,1,2.31,24.27,57.96,0.521,27,7.8,31.57,0,0,0,-0.2588190451025208,-0.9659258262890683,0
15,4,0,0,0,0,2.72,96.25,73.06,0.6013,16,7.25,18.66,1,0,1,-0.7071067811865471,-0.7071067811865479,0
11,5,0,0,0,0,3.69,23.92,36.31,0.6623,14,9.89,1.64,0,0,1,0.258819045102521,-0.9659258262890682,0
18,5,1,1,1,3,0.92,1.93,47.34,0.2724,5,32.77,203.4,0,0,1,-1.0,-1.8369701987210297e-16,1
8,2,0,0,0,0,1.87,49.18,38.3,0.3623,10,3.88,23.61,0,0,0,0.8660254037844387,-0.4999999999999998,0
15,2,0,0,0,0,1.05,98.02,49.67,0.6859,12,2.08,38.9,0,0,0,-0.7071067811865471,-0.7071067811865479,0
14,6,1,1,0,4,0.55,1.47,63.58,0.271,4,46.3,473.22,0,1,1,-0.4999999999999997,-0.8660254037844388,1
16,4,1,0,0,0,0.54,43.53,73.44,0.5456,29,4.59,33.44,0,0,0,-0.8660254037844385,-0.5000000000000004,0
15,4,0,1,1,0,0.11,4.64,91.86,0.2227,3,13.31,651.55,1,1,1,-0.7071067811865471,-0.7071067811865479,1
8,2,0,0,0,1,1.47,50.24,52.92,0.622,25,3.31,32.64,0,0,1,0.8660254037844387,-0.4999999999999998,0
23,0,1,1,1,3,0.69,12.41,145.58,0.1975,1,38.43,509.63,1,0,1,-0.25881904510252157,0.9659258262890681,1
12,0,0,0,0,1,3.81,69.41,68.84,0.3298,9,1.74,9.35,0,0,0,1.2246467991473532e-16,-1.0,0
8,4,0,0,0,0,3.18,94.88,41.19,0.6398,12,2.18,47.61,1,0,0,0.8660254037844387,-0.4999999999999998,0
6,0,0,0,0,1,0.79,27.86,64.82,0.5724,22,7.24,39.16,0,0,2,1.0,6.123233995736766e-17,0
11,2,0,0,0,0,3.11,85.67,72.82,0.4506,21,8.71,34.03,0,0,1,0.258819045102521,-0.9659258262890682,0
14,1,0,0,0,0,0.72,51.72,56.25,0.3488,3,8.24,2.91,0,0,2,-0.4999999999999997,-0.8660254037844388,0
7,5,0,0,0,2,2.12,90.25,68.89,0.4669,8,2.62,36.26,0,0,1,0.9659258262890683,-0.25881904510252063,0
9,5,0,0,0,0,2.36,21.97,42.73,0.4225,22,1.35,16.03,0,0,1,0.7071067811865476,-0.7071067811865475,0
17,1,0,0,0,0,1.95,56.61,36.3,0.3303,4,2.32,23.78,0,0,0,-0.9659258262890683,-0.25881904510252063,0
3,1,1,0,1,5,0.58,8.78,14.35,0.285,5,17.46,345.96,1,1,2,0.7071067811865476,0.7071067811865476,1
6,5,0,0,0,0,1.16,112.52,63.66,0.4382,7,3.68,2.21,0,0,1,1.0,6.123233995736766e-17,0
1,1,1,1,1,1,0.02,13.19,49.07,0.054,5,30.32,271.8,1,1,2,0.25881904510252074,0.9659258262890683,1
15,5,0,0,0,2,1.17,43.06,37.61,0.3803,27,7.33,35.14,0,0,1,-0.7071067811865471,-0.7071067811865479,0
21,2,0,0,0,0,2.17,56.96,72.83,0.3891,10,8.8,40.5,0,0,1,-0.7071067811865477,0.7071067811865474,0
8,3,0,0,0,0,4.61,59.34,77.54,0.5454,14,4.12,44.15,0,0,1,0.8660254037844387,-0.4999999999999998,0
15,6,0,1,0,1,3.07,41.6,75.26,0.6754,9,1.54,4.05,0,0,1,-0.7071067811865471,-0.7071067811865479,0
17,2,0,0,0,0,4.36,77.58,67.01,0.5844,8,9.61,36.44,1,0,0,-0.9659258262890683,-0.25881904510252063,0
22,3,1,1,0,3,0.71,3.53,85.55,0.1107,2,17.21,332.55,0,1,1,-0.5000000000000004,0.8660254037844384,1
3,0,0,1,1,0,0.46,2.5,115.84,0.1644,5,31.42,207.78,1,1,2,0.7071067811865476,0.7071067811865476,1
8,2,0,0,0,0,1.1,57.8,70.24,0.5799,18,2.98,8.22,1,0,1,0.8660254037844387,-0.4999999999999998,0
18,2,0,0,0,0,3.9,34.52,74.21,0.4197,20,1.3,34.72,0,0,0,-1.0,-1.8369701987210297e-16,0
11,6,1,1,1,2,0.02,13.11,149.07,0.004,2,41.84,114.18,0,1,2,0.258819045102521,-0.9659258262890682,1
16,5,0,0,0,0,4.65,53.57,46.38,0.6061,3,4.55,6.5,0,0,1,-0.8660254037844385,-0.5000000000000004,0
5,3,0,1,0,0,3.48,88.85,46.73,0.6679,30,2.77,4.99,0,0,2,0.9659258262890683,0.25881904510252074,0
11,6,0,0,0,0,1.62,76.63,37.64,0.5838,5,4.52,39.92,0,0,2,0.258819045102521,-0.9659258262890682,0
9,1,0,0,0,0,3.14,108.84,30.3,0.645,9,2.72,34.66,0,0,0,0.7071067811865476,-0.7071067811865475,0
17,3,1,1,1,3,0.42,3.61,115.88,0.0544,4,48.76,675.61,1,1,0,-0.9659258262890683,-0.25881904510252063,1
2,5,0,0,0,0,4.09,94.68,63.87,0.4566,18,8.59,9.57,1,0,1,0.49999999999999994,0.8660254037844387,0
17,5,1,0,1,4,0.65,2.44,28.26,0.2135,5,35.03,168.37,1,0,0,-0.9659258262890683,-0.25881904510252063,1
5,3,1,1,0,0,0.5,3.31,35.19,0.1056,1,17.2,499.6,1,0,1,0.9659258262890683,0.25881904510252074,1
15,4,0,0,1,2,2.05,79.62,31.1,0.3203,21,5.06,2.88,0,0,1,-0.7071067811865471,-0.7071067811865479,0
14,2,1,0,0,0,1.93,72.67,38.86,0.6526,11,1.07,14.71,0,0,0,-0.4999999999999997,-0.8660254037844388,0
20,3,0,0,1,0,1.94,23.8,36.93,0.6372,15,4.15,16.89,0,0,0,-0.8660254037844386,0.5000000000000001,0
15,0,0,0,1,4,0.07,9.57,127.88,0.178,3,34.08,405.59,0,1,1,-0.7071067811865471,-0.7071067811865479,1
17,0,0,1,0,1,0.09,14.53,87.08,0.2621,5,23.21,320.21,1,1,1,-0.9659258262890683,-0.25881904510252063,1
17,1,0,1,0,1,2.17,32.53,74.38,0.6421,7,5.59,43.5,0,0,1,-0.9659258262890683,-0.25881904510252063,0
14,4,0,0,0,0,2.2,62.93,36.7,0.6561,24,6.74,29.61,0,0,0,-0.4999999999999997,-0.8660254037844388,0
5,0,0,0,0,0,2.81,100.21,43.49,0.4827,14,8.37,36.43,0,0,0,0.9659258262890683,0.25881904510252074,0
8,5,1,1,0,5,0.56,6.65,30.91,0.0551,3,47.56,714.09,0,0,0,0.8660254037844387,-0.4999999999999998,1
5,2,0,0,0,0,3.42,85.83,31.83,0.6446,7,4.14,21.05,0,0,1,0.9659258262890683,0.25881904510252074,0
0,2,0,1,0,0,2.42,63.73,67.17,0.6523,23,9.48,24.6,0,0,0,0.0,1.0,0
9,4,0,0,0,0,1.96,98.47,77.93,0.5951,29,5.29,10.27,1,0,0,0.7071067811865476,-0.7071067811865475,0
21,1,1,1,1,2,0.58,7.51,51.85,0.1002,2,45.1,251.22,1,1,1,-0.7071067811865477,0.7071067811865474,1
8,4,0,0,0,0,2.82,115.18,66.88,0.6514,13,1.52,24.44,0,0,0,0.8660254037844387,-0.4999999999999998,0
17,0,0,0,0,0,1.17,104.7,33.7,0.3435,4,4.18,27.61,0,0,1,-0.9659258262890683,-0.25881904510252063,0
15,1,1,0,1,0,0.95,12.07,39.27,0.0334,3,41.47,296.65,1,0,1,-0.7071067811865471,-0.7071067811865479,1
7,6,0,0,0,0,2.53,93.4,53.87,0.3888,24,6.17,2.77,0,0,1,0.9659258262890683,-0.25881904510252063,0
22,0,0,0,0,0,4.64,81.69,57.25,0.6548,24,1.78,4.5,0,0,0,-0.5000000000000004,0.8660254037844384,0
8,3,0,0,0,0,2.91,67.17,72.26,0.3397,3,1.44,6.37,0,0,1,0.8660254037844387,-0.4999999999999998,0
0,5,0,0,0,0,2.14,111.8,69.26,0.4098,14,8.44,23.5,0,0,1,0.0,1.0,0
4,4,1,0,1,3,1.0,10.63,51.91,0.2235,5,17.91,176.99,1,1,0,0.8660254037844386,0.5000000000000001,1
12,2,0,0,1,0,1.2,70.21,47.51,0.3746,28,5.81,47.99,0,0,0,1.2246467991473532e-16,-1.0,0
16,5,0,0,0,0,1.37,72.03,41.18,0.3979,26,7.59,22.49,0,0,0,-0.8660254037844385,-0.5000000000000004,0
10,1,0,0,0,0,2.84,91.37,61.43,0.4102,19,9.59,29.46,1,0,0,0.49999999999999994,-0.8660254037844387,0
8,1,0,1,0,0,4.51,83.92,55.0,0.4564,10,4.83,15.08,0,0,1,0.8660254037844387,-0.4999999999999998,0
1,1,1,1,0,3,0.06,10.06,100.43,0.0095,2,17.59,376.77,0,0,2,0.25881904510252074,0.9659258262890683,1
11,4,0,1,0,0,4.4,25.17,40.05,0.5453,4,2.53,43.76,1,0,1,0.258819045102521,-0.9659258262890682,0
16,2,0,0,0,0,1.82,11.31,55.01,0.3094,2,1.9,16.19,0,0,2,-0.8660254037844385,-0.5000000000000004,0
8,2,0,0,0,0,1.57,106.29,64.84,0.6927,29,4.77,14.78,0,0,1,0.8660254037844387,-0.4999999999999998,0
14,1,0,0,0,0,3.71,40.24,35.92,0.4497,8,3.27,22.81,0,0,0,-0.4999999999999997,-0.8660254037844388,0
2,0,0,0,0,0,2.85,5.58,54.57,0.3919,4,6.94,31.24,0,0,0,0.49999999999999994,0.8660254037844387,0
8,4,0,0,0,0,2.13,98.9,66.52,0.3442,12,8.43,44.16,0,0,1,0.8660254037844387,-0.4999999999999998,0
11,0,0,0,0,0,2.02,88.75,51.91,0.674,26,1.15,7.02,0,0,1,0.258819045102521,-0.9659258262890682,0
23,1,1,1,1,3,0.76,7.11,40.04,0.0867,5,34.3,241.05,1,1,2,-0.25881904510252157,0.9659258262890681,1
18,1,0,0,0,0,2.74,31.32,44.9,0.319,26,5.04,28.77,0,0,0,-1.0,-1.8369701987210297e-16,0
20,6,0,0,1,0,4.05,92.33,43.63,0.3612,18,6.34,33.92,0,0,0,-0.8660254037844386,0.5000000000000001,0
11,2,0,0,0,0,2.91,49.27,50.21,0.4057,24,5.1,17.12,0,0,0,0.258819045102521,-0.9659258262890682,0
18,4,0,0,0,0,3.8,71.36,62.75,0.5953,10,5.86,27.35,0,0,2,-1.0,-1.8369701987210297e-16,0
9,2,0,0,0,0,1.84,66.85,46.72,0.6222,8,3.12,46.9,0,0,1,0.7071067811865476,-0.7071067811865475,0
13,4,0,0,0,0,3.42,28.12,66.15,0.4947,30,2.11,7.18,0,0,2,-0.2588190451025208,-0.9659258262890683,0
17,3,0,0,0,0,2.19,70.6,44.22,0.3429,28,3.44,21.09,0,0,1,-0.9659258262890683,-0.25881904510252063,0
3,2,1,1,0,2,0.08,10.12,11.26,0.0193,1,30.36,305.79,1,1,0,0.7071067811865476,0.7071067811865476,1
19,2,0,0,0,0,1.53,71.95,45.0,0.3526,17,2.23,28.61,0,0,0,-0.9659258262890684,0.2588190451025203,0
17,0,0,0,0,0,1.36,6.66,46.58,0.6638,12,9.57,21.62,0,0,0,-0.9659258262890683,-0.25881904510252063,0
10,1,0,0,1,0,4.6,9.73,61.85,0.6628,4,7.6,35.04,1,0,0,0.49999999999999994,-0.8660254037844387,0
17,3,0,1,0,0,0.69,8.62,36.13,0.6117,8,5.5,26.99,1,0,0,-0.9659258262890683,-0.25881904510252063,0
13,6,0,0,0,0,4.73,19.61,32.44,0.3243,11,7.87,2.73,0,0,1,-0.2588190451025208,-0.9659258262890683,0
11,5,0,0,0,0,4.35,42.75,54.5,0.4897,18,6.02,34.16,0,0,1,0.258819045102521,-0.9659258262890682,0
15,1,0,0,0,0,1.96,41.45,54.62,0.6549,29,6.58,47.16,0,0,0,-0.7071067811865471,-0.7071067811865479,0
2,3,0,0,1,0,0.87,54.5,60.08,0.6928,22,5.11,35.89,0,0,1,0.49999999999999994,0.8660254037844387,0
16,4,1,0,0,0,3.97,115.78,73.26,0.3577,27,9.39,38.13,0,0,0,-0.8660254037844385,-0.5000000000000004,0
21,2,0,0,0,0,0.88,32.32,71.13,0.4056,27,2.88,37.14,1,0,0,-0.7071067811865477,0.7071067811865474,0
7,1,0,0,0,0,4.76,105.36,65.63,0.4917,18,6.42,7.31,0,0,0,0.9659258262890683,-0.25881904510252063,0
1,0,1,1,1,3,0.21,13.42,110.02,0.1177,1,31.06,306.28,0,0,2,0.25881904510252074,0.9659258262890683,1
17,1,0,0,0,0,2.04,55.73,51.72,0.6856,6,1.07,30.52,0,0,1,-0.9659258262890683,-0.25881904510252063,0
11,1,0,0,0,0,3.19,57.26,58.07,0.6821,6,6.14,40.21,0,0,1,0.258819045102521,-0.9659258262890682,0
23,6,0,0,0,0,1.29,9.51,56.62,0.4856,21,6.5,33.1,0,0,1,-0.25881904510252157,0.9659258262890681,0
22,2,0,0,0,0,2.29,8.83,65.71,0.4625,20,4.61,2.26,0,0,0,-0.5000000000000004,0.8660254037844384,0
19,2,0,0,0,0,1.98,82.76,53.8,0.311,7,7.62,39.58,0,0,1,-0.9659258262890684,0.2588190451025203,0
10,5,0,0,0,0,3.37,98.15,30.92,0.4319,17,5.51,12.61,0,0,0,0.49999999999999994,-0.8660254037844387,0
3,2,1,0,1,4,0.9,11.82,42.08,0.2231,5,36.31,236.37,0,1,1,0.7071067811865476,0.7071067811865476,1
10,1,0,0,0,0,2.02,113.51,56.73,0.5633,8,9.56,35.99,0,0,0,0.49999999999999994,-0.8660254037844387,0
7,2,0,0,0,0,1.09,91.02,32.77,0.5833,2,2.81,24.22,1,0,0,0.9659258262890683,-0.25881904510252063,0
4,0,0,1,0,0,0.8,11.42,55.43,0.2302,2,49.93,545.29,1,1,1,0.8660254037844386,0.5000000000000001,1
17,2,0,0,0,0,1.1,38.62,46.4,0.3238,8,5.17,13.51,0,0,1,-0.9659258262890683,-0.25881904510252063,0
5,2,0,0,0,0,4.08,66.26,76.99,0.491,10,9.47,24.37,0,0,1,0.9659258262890683,0.25881904510252074,0
3,4,1,1,0,2,0.85,14.49,101.43,0.115,2,14.53,268.94,0,0,0,0.7071067811865476,0.7071067811865476,1
14,1,0,1,1,4,1.0,4.07,26.31,0.1828,4,42.3,177.47,1,0,2,-0.4999999999999997,-0.8660254037844388,1
11,0,0,0,0,1,4.96,99.35,50.23,0.6989,16,8.81,28.61,0,0,1,0.258819045102521,-0.9659258262890682,0
19,2,0,0,0,0,3.98,84.94,46.23,0.5131,30,5.54,33.16,0,0,1,-0.9659258262890684,0.2588190451025203,0
8,0,0,0,0,0,2.5,74.08,51.59,0.3863,25,5.29,1.16,1,0,2,0.8660254037844387,-0.4999999999999998,0
8,4,0,0,0,0,2.47,101.23,71.0,0.4185,18,7.92,18.08,0,0,0,0.8660254037844387,-0.4999999999999998,0
8,2,0,0,0,0,0.63,64.17,39.84,0.5714,28,7.59,1.61,0,0,0,0.8660254037844387,-0.4999999999999998,0
1,1,0,0,0,1,1.94,80.03,58.04,0.4419,17,1.48,27.21,0,0,1,0.25881904510252074,0.9659258262890683,0
3,3,1,0,1,0,0.95,5.04,42.29,0.189,1,38.38,263.53,1,1,2,0.7071067811865476,0.7071067811865476,1
14,6,1,0,0,0,2.46,31.42,71.96,0.6573,3,7.2,21.99,0,0,0,-0.4999999999999997,-0.8660254037844388,0
11,1,0,0,0,0,1.13,29.91,60.72,0.6971,15,1.02,31.61,0,0,1,0.258819045102521,-0.9659258262890682,0
8,2,0,0,0,0,2.85,92.56,69.07,0.4399,28,2.66,9.48,0,0,1,0.8660254037844387,-0.4999999999999998,0
22,6,1,1,0,3,0.85,14.45,76.7,0.0158,3,37.87,407.67,0,1,1,-0.5000000000000004,0.8660254037844384,1
10,5,1,1,0,0,0.29,12.01,126.3,0.2153,2,43.74,152.66,1,1,2,0.49999999999999994,-0.8660254037844387,1
8,5,0,0,0,0,3.53,76.01,59.64,0.5104,21,7.41,4.76,0,0,0,0.8660254037844387,-0.4999999999999998,0
21,5,0,0,0,0,4.12,95.87,74.55,0.3908,7,8.34,42.57,0,0,0,-0.7071067811865477,0.7071067811865474,0
15,6,0,0,0,0,4.04,109.43,62.13,0.443,30,8.95,5.61,0,0,0,-0.7071067811865471,-0.7071067811865479,0
12,2,0,0,0,0,3.9,118.89,34.86,0.4434,22,4.51,24.33,0,0,0,1.2246467991473532e-16,-1.0,0
15,4,0,0,0,0,2.26,112.01,54.6,0.3962,30,8.0,9.95,0,0,2,-0.7071067811865471,-0.7071067811865479,0
7,6,0,0,0,0,4.36,115.8,40.39,0.5677,20,1.56,12.02,0,0,1,0.9659258262890683,-0.25881904510252063,0
15,2,0,1,0,0,4.11,115.47,61.96,0.605,8,6.99,10.36,0,0,1,-0.7071067811865471,-0.7071067811865479,0
11,6,0,0,0,0,4.19,98.21,52.15,0.6781,13,2.66,17.18,0,0,0,0.258819045102521,-0.9659258262890682,0
21,3,0,0,0,0,2.05,26.24,35.85,0.3364,15,5.45,9.76,0,0,0,-0.7071067811865477,0.7071067811865474,0
16,2,0,0,0,1,0.73,9.92,70.72,0.5141,22,5.31,45.51,0,0,0,-0.8660254037844385,-0.5000000000000004,0
5,6,0,1,1,4,0.7,0.67,27.02,0.1793,2,32.58,164.11,1,1,1,0.9659258262890683,0.25881904510252074,1
16,2,0,0,0,0,3.35,52.77,47.36,0.6803,24,6.2,10.18,0,0,0,-0.8660254037844385,-0.5000000000000004,0
23,1,0,0,0,0,2.07,57.8,44.44,0.3458,15,6.79,47.76,1,0,0,-0.25881904510252157,0.9659258262890681,0
15,3,0,0,0,0,2.56,105.97,63.57,0.4016,22,1.86,13.22,0,0,1,-0.7071067811865471,-0.7071067811865479,0
21,2,1,0,0,0,1.4,50.24,49.42,0.6595,28,6.71,45.58,0,0,0,-0.7071067811865477,0.7071067811865474,0
20,1,0,0,0,0,3.65,119.63,43.2,0.3807,19,7.21,18.69,0,0,1,-0.8660254037844386,0.5000000000000001,0
3,2,1,0,1,3,0.07,10.66,31.11,0.2073,4,30.99,391.81,1,1,1,0.7071067811865476,0.7071067811865476,1
9,6,0,0,0,0,1.29,31.3,50.43,0.3073,27,1.28,27.37,0,0,0,0.7071067811865476,-0.7071067811865475,0
12,4,0,0,0,0,4.3,23.8,35.41,0.3933,16,2.16,42.25,0,0,0,1.2246467991473532e-16,-1.0,0
9,3,0,0,0,1,2.12,43.67,62.68,0.6296,12,4.32,44.3,0,0,0,0.7071067811865476,-0.7071067811865475,0
17,0,0,0,0,0,3.67,36.17,68.38,0.3043,21,4.05,46.72,0,0,0,-0.9659258262890683,-0.25881904510252063,0
2,0,1,0,0,0,0.87,44.72,73.1,0.5823,21,3.2,46.78,0,0,1,0.49999999999999994,0.8660254037844387,0
5,2,1,0,1,0,0.63,10.03,88.25,0.2751,4,16.56,205.17,0,1,0,0.9659258262890683,0.25881904510252074,1
2,6,1,0,1,2,0.91,4.4,28.83,0.2196,3,26.23,317.68,0,1,0,0.49999999999999994,0.8660254037844387,1
8,3,0,0,0,0,2.57,31.81,62.56,0.69,17,3.95,14.66,0,0,1,0.8660254037844387,-0.4999999999999998,0
7,0,0,0,0,1,1.87,108.98,70.72,0.4653,29,6.56,12.12,0,0,0,0.9659258262890683,-0.25881904510252063,0
18,1,0,0,0,1,4.88,60.62,37.85,0.3838,27,2.31,38.85,1,0,1,-1.0,-1.8369701987210297e-16,0
9,1,0,0,0,0,3.97,16.01,59.73,0.3078,6,3.23,20.4,0,0,0,0.7071067811865476,-0.7071067811865475,0
14,0,0,0,0,1,4.69,65.29,49.82,0.5009,16,1.14,44.68,0,0,0,-0.4999999999999997,-0.8660254037844388,0
20,5,0,0,0,0,2.33,20.75,55.1,0.4827,23,9.73,6.03,0,0,1,-0.8660254037844386,0.5000000000000001,0
9,4,0,0,0,1,3.0,92.33,56.21,0.5313,12,9.81,0.83,0,0,0,0.7071067811865476,-0.7071067811865475,0
16,6,0,0,1,0,1.49,63.07,39.46,0.5251,8,7.94,8.0,0,0,0,-0.8660254037844385,-0.5000000000000004,0
7,2,0,0,0,0,2.32,12.18,54.16,0.4411,25,6.7,29.0,0,0,0,0.9659258262890683,-0.25881904510252063,0
13,1,0,0,0,1,2.36,113.67,35.9,0.5948,12,9.52,34.71,1,0,0,-0.2588190451025208,-0.9659258262890683,0
17,5,0,0,0,0,1.87,34.05,78.94,0.6305,26,7.99,27.19,0,0,0,-0.9659258262890683,-0.25881904510252063,0
16,6,0,0,0,0,0.77,106.27,62.73,0.478,24,4.07,21.29,1,0,1,-0.8660254037844385,-0.5000000000000004,0
9,3,0,0,0,0,3.33,92.33,34.35,0.467,12,5.9,9.69,0,0,1,0.7071067811865476,-0.7071067811865475,0
3,3,1,1,1,2,0.91,8.38,97.36,0.1983,3,33.93,367.95,1,1,1,0.7071067811865476,0.7071067811865476,1
8,5,0,0,0,0,4.17,35.62,65.5,0.5062,6,9.39,32.9,0,0,0,0.8660254037844387,-0.4999999999999998,0
13,1,0,0,0,1,1.19,41.14,30.01,0.5472,6,5.29,11.7,0,0,0,-0.2588190451025208,-0.9659258262890683,0
22,1,0,0,0,0,3.36,35.25,58.42,0.3445,17,8.95,47.91,0,0,2,-0.5000000000000004,0.8660254037844384,0
13,1,0,0,0,2,4.62,61.71,79.21,0.4195,29,6.64,13.41,0,0,2,-0.2588190451025208,-0.9659258262890683,0
12,1,0,0,0,0,1.51,70.25,78.9,0.4176,22,4.52,13.49,0,0,0,1.2246467991473532e-16,-1.0,0
10,3,0,0,1,0,2.01,90.25,39.99,0.5772,21,7.86,44.37,0,0,0,0.49999999999999994,-0.8660254037844387,0
19,6,0,0,0,0,0.87,81.14,52.7,0.6916,10,6.2,6.68,0,0,1,-0.9659258262890684,0.2588190451025203,0
8,2,0,0,0,0,1.83,76.75,57.98,0.6106,14,3.85,44.87,0,0,1,0.8660254037844387,-0.4999999999999998,0
12,6,0,0,0,2,1.55,30.29,74.62,0.3146,27,2.65,7.72,0,0,0,1.2246467991473532e-16,-1.0,0
23,0,0,0,0,2,0.98,16.84,71.15,0.4942,2,8.96,32.79,0,0,1,-0.25881904510252157,0.9659258262890681,0
6,0,0,0,0,0,3.57,16.76,78.73,0.63,13,3.44,29.94,0,0,1,1.0,6.123233995736766e-17,0
10,5,0,0,0,0,4.06,48.98,76.25,0.6558,6,9.8,24.6,0,0,2,0.49999999999999994,-0.8660254037844387,0
4,1,0,0,1,3,0.5,9.69,144.56,0.017,1,40.4,268.26,0,0,2,0.8660254037844386,0.5000000000000001,1
7,0,0,0,0,0,2.47,85.16,63.62,0.3287,7,1.93,13.17,0,0,1,0.9659258262890683,-0.25881904510252063,0
12,1,0,0,0,0,0.67,68.7,62.04,0.3608,24,7.07,38.33,0,0,1,1.2246467991473532e-16,-1.0,0
18,5,0,0,0,0,2.85,36.14,66.59,0.553,9,3.55,16.24,0,0,0,-1.0,-1.8369701987210297e-16,0
17,4,0,1,0,2,3.16,93.64,73.55,0.3074,24,3.21,43.51,0,0,1,-0.9659258262890683,-0.25881904510252063,0
7,5,0,0,0,0,4.89,44.51,74.05,0.5571,8,8.16,24.26,1,0,0,0.9659258262890683,-0.25881904510252063,0
11,0,1,0,0,0,2.23,43.59,45.69,0.4617,11,5.6,47.48,0,0,0,0.258819045102521,-0.9659258262890682,0
7,0,0,0,0,0,4.57,75.31,31.86,0.5748,16,6.66,34.23,0,0,0,0.9659258262890683,-0.25881904510252063,0
16,6,0,0,0,2,1.43,28.92,60.97,0.6763,2,2.75,7.84,0,0,1,-0.8660254037844385,-0.5000000000000004,0
18,0,0,0,0,0,0.75,57.83,35.94,0.643,29,9.44,0.91,0,0,0,-1.0,-1.8369701987210297e-16,0
10,1,1,1,0,1,0.76,5.31,90.36,0.0045,5,13.05,620.78,1,1,1,0.49999999999999994,-0.8660254037844387,1
20,4,0,0,0,0,2.52,37.38,49.83,0.3408,3,3.08,10.62,0,0,0,-0.8660254037844386,0.5000000000000001,0
9,0,0,1,0,0,1.82,52.51,44.34,0.6413,4,5.62,17.67,0,0,1,0.7071067811865476,-0.7071067811865475,0
2,4,1,1,1,2,0.02,12.21,45.72,0.2348,4,22.57,137.5,1,1,1,0.49999999999999994,0.8660254037844387,1
8,0,0,0,0,0,0.86,6.1,74.6,0.3014,25,6.9,12.28,1,0,2,0.8660254037844387,-0.4999999999999998,0
6,3,1,0,0,0,2.6,38.29,43.42,0.4767,29,6.21,43.04,0,0,0,1.0,6.123233995736766e-17,0
11,2,0,0,1,0,1.36,22.58,44.05,0.3694,8,4.64,18.69,0,0,2,0.258819045102521,-0.9659258262890682,0
18,3,0,0,0,0,3.56,98.42,46.13,0.3272,11,9.36,45.07,0,0,1,-1.0,-1.8369701987210297e-16,0
8,3,0,0,0,0,4.65,104.39,41.04,0.6512,21,9.48,46.24,0,0,1,0.8660254037844387,-0.4999999999999998,0
10,1,0,0,0,1,3.79,67.13,68.16,0.6272,26,8.58,9.51,0,0,0,0.49999999999999994,-0.8660254037844387,0
3,5,0,0,0,0,4.43,64.68,67.26,0.438,2,8.81,41.92,0,0,1,0.7071067811865476,0.7071067811865476,0
10,4,0,0,0,0,0.75,47.38,37.4,0.5864,18,8.31,5.62,0,0,1,0.49999999999999994,-0.8660254037844387,0
19,4,0,0,0,0,3.31,5.63,61.45,0.686,16,1.05,32.52,0,0,0,-0.9659258262890684,0.2588190451025203,0
10,6,0,0,0,0,1.35,82.76,61.85,0.3051,21,3.39,34.54,0,0,0,0.49999999999999994,-0.8660254037844387,0
7,0,0,0,0,0,4.71,46.5,40.09,0.4842,27,9.17,3.34,0,0,0,0.9659258262890683,-0.25881904510252063,0
7,0,0,0,1,0,3.74,87.06,36.88,0.4811,22,6.13,13.91,0,0,0,0.9659258262890683,-0.25881904510252063,0
17,2,1,0,0,0,4.35,15.37,55.44,0.3595,20,2.33,38.01,0,0,0,-0.9659258262890683,-0.25881904510252063,0
10,6,0,0,0,0,4.32,69.16,56.84,0.5806,12,1.58,37.7,1,0,0,0.49999999999999994,-0.8660254037844387,0
6,2,0,0,0,0,4.24,32.04,75.86,0.3132,6,3.4,24.27,0,0,0,1.0,6.123233995736766e-17,0
10,5,0,0,0,0,1.22,111.39,71.51,0.3997,2,6.24,16.74,0,0,1,0.49999999999999994,-0.8660254037844387,0
12,4,1,1,1,4,0.06,2.93,105.03,0.233,4,26.47,386.24,1,1,1,1.2246467991473532e-16,-1.0,1
16,5,0,0,0,0,2.47,52.94,54.47,0.5684,14,1.78,45.67,0,0,0,-0.8660254037844385,-0.5000000000000004,0
9,3,0,0,0,0,4.91,9.67,38.78,0.6336,21,2.14,16.61,0,0,1,0.7071067811865476,-0.7071067811865475,0
6,3,1,1,0,4,0.4,9.96,109.19,0.0732,5,13.63,131.51,1,1,0,1.0,6.123233995736766e-17,1
9,5,0,0,0,1,0.99,98.27,39.21,0.6726,2,8.66,40.81,1,0,2,0.7071067811865476,-0.7071067811865475,0
14,5,0,0,0,0,3.75,15.44,70.5,0.5184,13,7.9,5.86,0,0,0,-0.4999999999999997,-0.8660254037844388,0
22,4,0,0,0,0,3.5,71.09,33.58,0.4446,17,6.03,9.92,0,0,1,-0.5000000000000004,0.8660254037844384,0
10,3,0,0,0,0,3.39,112.5,47.95,0.5093,26,9.33,37.61,0,0,1,0.49999999999999994,-0.8660254037844387,0
15,3,0,0,0,0,0.76,95.74,39.88,0.4529,15,3.66,35.08,1,0,2,-0.7071067811865471,-0.7071067811865479,0
17,2,0,0,0,0,0.93,81.91,76.21,0.4749,6,2.29,30.07,0,0,1,-0.9659258262890683,-0.25881904510252063,0
5,3,1,1,1,2,0.1,4.98,118.88,0.0748,4,43.19,119.68,1,1,0,0.9659258262890683,0.25881904510252074,1
14,6,0,0,0,0,4.88,8.76,70.3,0.4078,20,5.19,30.75,0,0,1,-0.4999999999999997,-0.8660254037844388,0
9,4,0,0,0,0,1.61,80.51,63.01,0.4908,2,5.5,39.98,0,0,2,0.7071067811865476,-0.7071067811865475,0
12,2,1,1,1,2,0.08,0.51,94.41,0.281,3,23.64,662.38,0,1,1,1.2246467991473532e-16,-1.0,1
4,0,0,1,0,3,0.3,14.95,19.49,0.0795,2,12.6,614.55,1,1,2,0.8660254037844386,0.5000000000000001,1
10,3,0,0,0,0,2.72,24.61,76.18,0.6149,25,2.69,33.29,0,0,1,0.49999999999999994,-0.8660254037844387,0
6,6,0,0,1,0,1.95,90.48,31.14,0.3733,9,5.38,17.43,0,0,0,1.0,6.123233995736766e-17,0
8,0,0,1,0,0,2.13,95.03,68.21,0.4327,25,7.42,16.12,0,0,1,0.8660254037844387,-0.4999999999999998,0
12,1,0,1,0,0,2.71,119.87,39.15,0.3573,21,5.98,43.59,0,0,1,1.2246467991473532e-16,-1.0,0
19,3,0,0,0,0,1.92,93.62,61.77,0.4246,23,2.55,30.41,0,0,0,-0.9659258262890684,0.2588190451025203,0
20,4,0,0,0,0,1.55,96.15,70.62,0.3097,29,9.13,32.24,0,0,1,-0.8660254037844386,0.5000000000000001,0
8,5,0,1,0,0,1.51,13.3,79.07,0.4069,4,6.6,4.27,0,0,1,0.8660254037844387,-0.4999999999999998,0
6,1,1,0,1,0,4.38,31.62,59.19,0.4812,30,7.43,10.34,0,0,1,1.0,6.123233995736766e-17,0
15,5,0,0,0,0,2.17,34.15,78.22,0.4572,23,8.55,10.38,0,0,1,-0.7071067811865471,-0.7071067811865479,0
12,1,0,0,0,0,2.07,101.64,47.09,0.5483,19,2.64,7.93,0,0,1,1.2246467991473532e-16,-1.0,0
22,4,1,1,0,3,0.14,13.52,11.59,0.1017,5,24.39,641.35,0,0,0,-0.5000000000000004,0.8660254037844384,1
23,3,0,0,0,0,4.34,39.74,51.25,0.5543,4,1.6,44.59,0,0,0,-0.25881904510252157,0.9659258262890681,0
21,3,0,0,0,1,0.69,84.78,52.18,0.5038,21,9.75,45.09,0,0,1,-0.7071067811865477,0.7071067811865474,0
20,2,0,0,0,0,2.14,36.43,51.34,0.6785,18,3.13,35.91,0,0,1,-0.8660254037844386,0.5000000000000001,0
10,0,0,0,0,0,4.96,62.9,48.64,0.4807,21,3.96,7.85,1,0,0,0.49999999999999994,-0.8660254037844387,0
8,3,0,1,0,0,3.13,106.36,43.51,0.3747,6,2.89,38.24,0,0,0,0.8660254037844387,-0.4999999999999998,0
7,3,1,1,0,3,0.48,3.36,45.22,0.0061,5,34.12,629.17,1,1,0,0.9659258262890683,-0.25881904510252063,1
14,5,1,0,0,0,4.12,40.09,52.03,0.6412,3,6.3,19.22,0,0,1,-0.4999999999999997,-0.8660254037844388,0
17,3,0,0,0,0,1.94,35.58,61.9,0.3958,28,8.84,1.19,0,0,0,-0.9659258262890683,-0.25881904510252063,0
15,4,0,0,0,0,3.87,73.0,33.66,0.6782,7,1.41,43.46,0,0,0,-0.7071067811865471,-0.7071067811865479,0
23,6,0,0,0,0,2.37,117.17,57.72,0.6864,20,7.72,32.31,0,0,0,-0.25881904510252157,0.9659258262890681,0
9,3,0,0,0,0,0.52,84.9,59.16,0.3745,25,7.72,36.14,0,0,0,0.7071067811865476,-0.7071067811865475,0
17,4,0,0,0,0,0.68,26.96,34.78,0.4114,24,3.01,24.96,0,0,0,-0.9659258262890683,-0.25881904510252063,0
16,0,0,0,0,0,4.3,92.49,33.17,0.4839,27,1.56,39.62,0,0,0,-0.8660254037844385,-0.5000000000000004,0
12,1,0,0,0,0,2.74,75.19,61.43,0.325,14,9.43,4.07,0,0,0,1.2246467991473532e-16,-1.0,0
15,3,0,0,0,0,2.19,59.95,75.86,0.4793,19,3.58,22.88,1,0,0,-0.7071067811865471,-0.7071067811865479,0
13,6,0,1,0,0,2.47,69.57,47.59,0.5148,24,4.84,33.41,1,0,1,-0.2588190451025208,-0.9659258262890683,0
17,0,0,0,1,1,3.21,86.35,37.63,0.5473,4,9.87,15.53,0,0,0,-0.9659258262890683,-0.25881904510252063,0
9,2,0,0,0,0,4.55,49.54,64.09,0.494,15,4.06,46.38,0,0,1,0.7071067811865476,-0.7071067811865475,0
12,4,0,0,0,0,2.96,77.58,70.93,0.4576,14,9.27,3.19,0,0,0,1.2246467991473532e-16,-1.0,0
6,2,0,0,0,0,3.05,70.71,33.6,0.6446,18,5.49,11.42,0,0,1,1.0,6.123233995736766e-17,0
18,1,0,0,0,0,2.28,112.14,77.72,0.5311,29,3.79,23.98,0,0,0,-1.0,-1.8369701987210297e-16,0
8,1,0,0,0,0,3.24,53.77,36.13,0.4966,6,1.73,41.02,0,0,0,0.8660254037844387,-0.4999999999999998,0
9,0,0,0,1,0,4.54,104.33,49.73,0.3861,14,4.25,22.01,0,0,0,0.7071067811865476,-0.7071067811865475,0
14,5,0,0,0,1,0.59,82.09,67.38,0.4971,6,5.34,0.63,1,0,1,-0.4999999999999997,-0.8660254037844388,0
13,6,0,0,0,0,2.48,57.94,52.55,0.6469,5,2.01,9.79,0,0,0,-0.2588190451025208,-0.9659258262890683,0
5,5,0,0,0,0,2.77,8.74,48.55,0.5081,9,2.84,42.05,0,0,2,0.9659258262890683,0.25881904510252074,0
17,6,0,0,0,0,4.57,99.3,73.31,0.3612,10,4.88,19.49,0,0,1,-0.9659258262890683,-0.25881904510252063,0
7,3,1,1,0,3,0.79,6.1,103.89,0.0562,1,37.31,114.84,1,1,1,0.9659258262890683,-0.25881904510252063,1
16,3,0,0,0,0,0.89,111.97,77.73,0.6852,4,2.65,41.52,0,0,0,-0.8660254037844385,-0.5000000000000004,0
9,1,0,0,0,0,4.16,45.84,70.8,0.5665,5,1.52,16.63,0,0,0,0.7071067811865476,-0.7071067811865475,0
13,2,0,0,0,0,3.96,6.03,30.61,0.6349,4,9.46,31.02,0,0,0,-0.2588190451025208,-0.9659258262890683,0
15,4,0,0,0,0,2.81,60.77,79.52,0.5464,15,8.51,10.35,0,0,1,-0.7071067811865471,-0.7071067811865479,0
10,5,0,0,0,0,4.73,114.38,75.33,0.6544,29,1.15,29.3,0,0,1,0.49999999999999994,-0.8660254037844387,0
15,5,0,0,0,1,3.89,12.45,64.79,0.3938,19,5.82,46.22,0,0,0,-0.7071067811865471,-0.7071067811865479,0
14,0,0,0,0,0,1.71,118.21,66.7,0.51,3,2.96,44.86,0,0,1,-0.4999999999999997,-0.8660254037844388,0
15,5,0,0,0,0,2.01,57.73,51.02,0.3012,29,8.32,32.68,0,0,1,-0.7071067811865471,-0.7071067811865479,0
20,0,0,0,0,1,1.99,5.2,74.49,0.4156,11,6.98,36.58,0,0,0,-0.8660254037844386,0.5000000000000001,0
15,6,0,0,0,0,3.85,65.86,70.45,0.3507,7,3.58,20.87,0,0,0,-0.7071067811865471,-0.7071067811865479,0
15,5,0,0,0,0,3.19,44.9,65.34,0.3445,20,2.66,47.67,0,0,1,-0.7071067811865471,-0.7071067811865479,0
18,0,0,0,0,0,0.58,20.88,69.81,0.4563,24,6.13,9.63,0,0,0,-1.0,-1.8369701987210297e-16,0
12,6,0,0,1,0,0.51,17.41,48.19,0.3845,19,5.28,12.08,1,0,1,1.2246467991473532e-16,-1.0,0
0,3,0,1,1,1,0.74,2.29,62.47,0.0577,4,15.45,305.42,0,1,1,0.0,1.0,1
6,1,0,0,1,0,4.75,27.46,32.59,0.3518,9,6.06,30.92,0,0,1,1.0,6.123233995736766e-17,0
11,5,0,0,0,0,3.88,35.99,76.88,0.4018,22,8.79,43.93,0,0,1,0.258819045102521,-0.9659258262890682,0
17,6,0,1,0,0,3.29,92.3,46.79,0.496,3,7.57,22.12,0,0,1,-0.9659258262890683,-0.25881904510252063,0
19,6,0,0,0,0,3.33,94.33,40.23,0.4675,29,4.79,28.79,1,0,2,-0.9659258262890684,0.2588190451025203,0
18,2,0,0,0,0,2.74,40.73,40.78,0.4779,17,4.04,42.39,0,0,1,-1.0,-1.8369701987210297e-16,0
23,1,0,0,0,0,2.4,106.78,37.85,0.5942,5,4.7,6.57,0,0,0,-0.25881904510252157,0.9659258262890681,0
20,0,0,0,0,0,0.62,89.98,70.16,0.51,30,9.69,12.96,0,0,1,-0.8660254037844386,0.5000000000000001,0
13,5,0,0,0,2,1.62,100.62,59.4,0.4199,22,7.64,18.49,0,0,1,-0.2588190451025208,-0.9659258262890683,0
17,6,0,1,0,0,3.1,79.08,73.11,0.5797,21,4.16,24.57,0,0,0,-0.9659258262890683,-0.25881904510252063,0
12,1,0,1,0,1,0.67,7.09,52.89,0.0734,1,34.43,204.24,0,1,0,1.2246467991473532e-16,-1.0,1
15,3,0,0,0,0,2.72,65.21,65.38,0.6688,22,3.43,16.01,0,0,1,-0.7071067811865471,-0.7071067811865479,0
9,2,0,0,0,0,2.69,58.65,65.44,0.4141,5,7.25,29.02,0,0,0,0.7071067811865476,-0.7071067811865475,0
9,2,0,0,0,0,2.64,111.81,70.79,0.4497,11,3.25,32.29,0,0,1,0.7071067811865476,-0.7071067811865475,0
15,4,0,0,0,0,3.83,45.15,40.7,0.305,15,5.81,29.62,0,0,1,-0.7071067811865471,-0.7071067811865479,0
19,6,1,1,1,4,0.87,2.83,96.12,0.2307,4,49.25,624.29,1,1,1,-0.9659258262890684,0.2588190451025203,1
12,3,1,1,1,5,0.3,8.15,84.63,0.2457,3,36.28,388.63,1,0,2,1.2246467991473532e-16,-1.0,1
2,1,1,1,1,4,0.76,4.55,132.26,0.2416,4,21.81,367.33,0,1,1,0.49999999999999994,0.8660254037844387,1
11,5,0,0,0,0,4.94,84.9,73.18,0.3643,19,3.98,15.09,0,0,0,0.258819045102521,-0.9659258262890682,0
18,4,0,0,0,0,1.77,112.99,62.69,0.4306,13,3.52,10.11,1,0,0,-1.0,-1.8369701987210297e-16,0
13,0,0,0,1,0,1.73,34.63,47.4,0.3735,30,4.81,31.8,0,0,0,-0.2588190451025208,-0.9659258262890683,0
13,0,1,0,0,0,3.43,93.36,34.11,0.5693,19,7.86,44.28,0,0,0,-0.2588190451025208,-0.9659258262890683,0
15,5,0,0,0,0,2.72,41.22,30.73,0.6269,27,4.4,30.0,0,0,2,-0.7071067811865471,-0.7071067811865479,0
15,5,0,0,0,0,2.44,86.8,58.8,0.5287,19,9.65,14.52,1,0,1,-0.7071067811865471,-0.7071067811865479,0
23,5,1,1,1,3,0.16,12.31,31.36,0.0129,1,34.12,333.0,1,1,1,-0.25881904510252157,0.9659258262890681,1
9,4,0,0,0,0,1.01,27.44,74.59,0.4083,16,3.47,31.34,0,0,0,0.7071067811865476,-0.7071067811865475,0
16,1,0,0,0,0,2.68,9.48,37.24,0.6616,6,5.01,9.0,0,0,2,-0.8660254037844385,-0.5000000000000004,0
12,2,1,1,1,1,0.75,1.37,59.13,0.2152,1,40.52,455.35,1,1,1,1.2246467991473532e-16,-1.0,1
12,5,0,0,1,0,1.4,109.3,43.59,0.4511,30,6.34,34.73,1,0,0,1.2246467991473532e-16,-1.0,0
2,6,0,1,1,4,0.07,5.88,113.45,0.1517,2,14.09,158.13,1,0,2,0.49999999999999994,0.8660254037844387,1
17,6,0,0,0,0,2.74,49.6,43.07,0.3388,26,8.12,36.92,0,0,0,-0.9659258262890683,-0.25881904510252063,0
11,5,0,1,0,0,1.04,114.69,67.63,0.576,25,4.55,40.33,0,0,0,0.258819045102521,-0.9659258262890682,0
18,4,0,0,0,0,4.26,59.52,36.62,0.6207,5,1.92,29.97,0,0,1,-1.0,-1.8369701987210297e-16,0
20,6,0,1,1,0,4.21,18.63,38.9,0.6832,12,3.35,44.65,0,0,1,-0.8660254037844386,0.5000000000000001,0
16,0,0,0,0,0,2.53,119.17,55.16,0.3503,25,3.69,7.62,0,0,1,-0.8660254037844385,-0.5000000000000004,0
5,6,1,1,0,3,0.84,13.87,49.9,0.0235,2,27.9,166.53,1,1,0,0.9659258262890683,0.25881904510252074,1
23,6,0,0,0,1,3.2,72.85,53.34,0.4504,19,9.09,22.55,0,0,1,-0.25881904510252157,0.9659258262890681,0
17,1,0,0,0,0,4.94,87.86,68.15,0.5733,6,5.11,30.7,0,0,0,-0.9659258262890683,-0.25881904510252063,0
21,3,0,0,0,0,2.07,18.6,42.34,0.5126,29,8.99,4.82,0,0,0,-0.7071067811865477,0.7071067811865474,0
18,5,0,1,0,0,4.38,73.21,43.31,0.3363,24,2.42,37.4,0,0,1,-1.0,-1.8369701987210297e-16,0
7,2,0,0,0,0,3.8,47.56,31.55,0.315,14,5.23,30.95,0,0,0,0.9659258262890683,-0.25881904510252063,0
19,2,0,0,1,0,1.25,75.77,36.16,0.3482,6,9.79,42.31,0,0,1,-0.9659258262890684,0.2588190451025203,0
0,1,0,1,1,5,0.07,10.42,27.86,0.2213,3,46.02,285.11,0,1,1,0.0,1.0,1
1,0,0,0,0,0,4.02,79.82,73.79,0.3078,5,7.77,26.39,0,0,0,0.25881904510252074,0.9659258262890683,0
21,2,0,0,0,0,2.19,80.1,39.37,0.4211,12,4.52,44.35,0,0,0,-0.7071067811865477,0.7071067811865474,0
11,3,1,0,0,0,4.46,57.48,68.03,0.6393,3,6.82,33.89,0,0,0,0.258819045102521,-0.9659258262890682,0
10,6,0,0,0,0,3.73,74.34,44.15,0.667,16,7.17,12.44,0,0,1,0.49999999999999994,-0.8660254037844387,0
14,2,0,0,0,0,4.77,91.96,45.97,0.5959,26,3.95,33.39,0,0,0,-0.4999999999999997,-0.8660254037844388,0
21,0,0,0,0,0,4.83,26.8,35.37,0.3637,6,5.94,28.6,0,0,0,-0.7071067811865477,0.7071067811865474,0
11,0,0,0,0,0,2.63,63.25,54.11,0.615,30,6.3,7.6,0,0,1,0.258819045102521,-0.9659258262890682,0
5,3,0,0,0,0,2.22,108.04,55.22,0.6156,3,5.87,33.28,0,0,0,0.9659258262890683,0.25881904510252074,0
14,2,0,0,0,0,2.17,114.64,33.82,0.3139,20,6.95,31.1,0,0,0,-0.4999999999999997,-0.8660254037844388,0
10,5,0,0,0,0,2.44,5.51,38.82,0.5206,12,9.8,25.53,0,0,0,0.49999999999999994,-0.8660254037844387,0
16,5,0,0,0,0,1.54,6.06,77.78,0.5486,23,1.35,6.39,0,0,0,-0.8660254037844385,-0.5000000000000004,0
18,5,0,0,0,0,4.45,35.7,67.03,0.411,29,8.72,7.97,0,0,0,-1.0,-1.8369701987210297e-16,0
9,1,0,0,0,0,3.02,94.33,57.26,0.4206,15,5.79,11.78,0,0,0,0.7071067811865476,-0.7071067811865475,0
5,2,1,1,1,5,0.78,1.45,94.52,0.2229,5,12.24,473.79,1,1,1,0.9659258262890683,0.25881904510252074,1
9,4,0,0,0,1,2.16,99.37,55.55,0.6073,15,9.38,23.23,0,0,1,0.7071067811865476,-0.7071067811865475,0
9,4,0,0,0,0,1.79,8.22,52.57,0.4325,10,3.32,20.39,0,0,2,0.7071067811865476,-0.7071067811865475,0
8,5,0,1,0,0,2.61,96.51,67.4,0.5337,30,3.71,9.65,1,0,2,0.8660254037844387,-0.4999999999999998,0
21,5,0,0,0,0,1.88,50.21,57.2,0.6039,24,8.12,16.45,0,0,1,-0.7071067811865477,0.7071067811865474,0
19,1,0,0,0,1,2.81,61.78,46.12,0.6443,23,8.78,2.12,0,0,0,-0.9659258262890684,0.2588190451025203,0
20,3,0,0,0,0,2.49,48.82,44.5,0.4138,20,9.97,44.1,0,0,1,-0.8660254037844386,0.5000000000000001,0
17,2,0,0,0,0,3.26,18.87,78.84,0.6961,19,9.79,17.51,0,0,0,-0.9659258262890683,-0.25881904510252063,0
10,2,0,0,0,0,2.84,104.72,60.22,0.6903,4,6.99,22.13,0,0,0,0.49999999999999994,-0.8660254037844387,0
17,2,0,0,0,0,1.03,91.07,36.09,0.6671,12,7.12,23.09,0,0,0,-0.9659258262890683,-0.25881904510252063,0
1,6,0,0,0,0,0.59,41.36,59.83,0.3723,29,9.72,31.01,0,0,0,0.25881904510252074,0.9659258262890683,0
8,1,0,0,0,0,4.74,89.45,35.59,0.5383,13,5.09,25.59,0,0,0,0.8660254037844387,-0.4999999999999998,0
6,4,0,0,0,0,4.07,78.97,59.61,0.5522,24,6.95,6.9,0,0,1,1.0,6.123233995736766e-17,0
7,6,0,0,0,1,1.96,70.78,52.17,0.4383,28,3.25,16.65,0,0,1,0.9659258262890683,-0.25881904510252063,0
15,6,0,0,0,0,2.58,11.91,50.98,0.6924,6,1.13,19.28,0,0,1,-0.7071067811865471,-0.7071067811865479,0
22,4,0,0,0,0,4.97,114.52,52.7,0.4088,16,1.23,45.91,0,0,0,-0.5000000000000004,0.8660254037844384,0
6,3,0,0,0,0,4.15,46.69,33.69,0.5175,3,8.99,39.22,0,0,0,1.0,6.123233995736766e-17,0
16,5,0,0,0,0,0.53,59.2,63.38,0.3356,18,3.66,40.95,0,0,0,-0.8660254037844385,-0.5000000000000004,0
18,5,0,0,0,0,0.88,55.39,33.21,0.5027,20,3.85,0.65,0,0,1,-1.0,-1.8369701987210297e-16,0
17,4,0,0,0,0,4.23,91.85,45.32,0.3729,26,1.86,17.34,0,0,0,-0.9659258262890683,-0.25881904510252063,0
17,1,0,1,0,0,0.72,82.94,42.42,0.5085,11,7.28,44.79,0,0,1,-0.9659258262890683,-0.25881904510252063,0
1,3,0,1,0,5,0.54,11.83,28.93,0.2338,2,44.3,299.88,0,1,1,0.25881904510252074,0.9659258262890683,1
10,4,0,0,0,0,3.95,114.51,79.33,0.5111,15,5.15,42.1,1,0,1,0.49999999999999994,-0.8660254037844387,0
1,5,1,1,0,1,0.65,12.2,115.87,0.2615,1,32.55,686.87,1,1,1,0.25881904510252074,0.9659258262890683,1
7,4,0,1,0,0,0.87,116.36,61.58,0.4436,27,1.32,30.26,0,0,0,0.9659258262890683,-0.25881904510252063,0
8,5,0,0,0,0,4.46,101.97,39.07,0.4097,5,4.94,39.52,0,0,1,0.8660254037844387,-0.4999999999999998,0
14,1,0,0,1,0,4.08,42.31,64.75,0.3859,4,9.52,33.99,0,0,0,-0.4999999999999997,-0.8660254037844388,0
15,2,0,0,1,0,2.63,93.81,69.78,0.5616,20,4.3,21.44,0,0,0,-0.7071067811865471,-0.7071067811865479,0
17,5,0,0,0,0,4.21,33.61,55.05,0.4486,19,8.7,46.26,0,0,0,-0.9659258262890683,-0.25881904510252063,0
8,4,0,0,0,0,3.83,92.39,41.81,0.6356,6,2.47,20.79,0,0,1,0.8660254037844387,-0.4999999999999998,0
17,2,0,0,0,1,4.48,76.83,49.55,0.6047,23,9.42,44.46,0,0,0,-0.9659258262890683,-0.25881904510252063,0
1,1,1,1,0,3,0.01,6.65,40.13,0.0193,4,39.79,256.69,0,0,1,0.25881904510252074,0.9659258262890683,1
16,4,0,0,0,1,2.52,44.47,76.26,0.3203,30,6.35,7.97,0,0,0,-0.8660254037844385,-0.5000000000000004,0
13,1,0,0,1,0,2.09,41.69,57.58,0.3461,13,5.73,24.86,0,0,0,-0.2588190451025208,-0.9659258262890683,0
20,5,0,1,0,2,1.07,14.82,66.0,0.4458,11,5.42,26.78,0,0,1,-0.8660254037844386,0.5000000000000001,0
23,2,0,1,1,4,0.23,13.17,141.45,0.2131,1,24.4,405.84,1,0,0,-0.25881904510252157,0.9659258262890681,1
17,5,0,0,0,1,4.3,8.96,66.84,0.3272,23,9.15,17.73,0,0,0,-0.9659258262890683,-0.25881904510252063,0
7,2,0,0,1,1,1.94,34.48,73.77,0.5362,4,5.58,35.05,1,0,1,0.9659258262890683,-0.25881904510252063,0
10,3,0,0,0,0,2.09,96.07,37.69,0.4521,13,8.17,34.58,0,0,1,0.49999999999999994,-0.8660254037844387,0
19,5,0,0,1,0,3.06,39.81,48.84,0.4332,3,7.15,21.63,0,0,0,-0.9659258262890684,0.2588190451025203,0
21,2,0,0,0,0,2.73,49.18,72.81,0.5612,6,6.94,25.46,0,0,0,-0.7071067811865477,0.7071067811865474,0
9,0,0,0,0,0,3.55,89.88,41.76,0.6772,6,8.49,44.9,0,0,0,0.7071067811865476,-0.7071067811865475,0
10,3,0,0,0,0,3.32,44.21,75.43,0.4479,26,9.09,42.17,0,0,0,0.49999999999999994,-0.8660254037844387,0
8,5,0,0,0,0,1.77,106.98,65.3,0.6948,18,3.36,14.51,0,0,2,0.8660254037844387,-0.4999999999999998,0
0,4,0,0,0,1,1.17,29.41,36.73,0.5519,13,7.76,11.35,1,0,0,0.0,1.0,0
11,6,0,0,1,0,2.85,93.96,71.75,0.4373,12,6.25,47.22,0,0,0,0.258819045102521,-0.9659258262890682,0
19,6,0,0,0,0,3.46,113.44,46.55,0.4299,25,5.8,25.55,0,0,0,-0.9659258262890684,0.2588190451025203,0
16,2,1,1,0,1,0.4,9.93,92.31,0.2081,1,34.38,168.07,0,0,1,-0.8660254037844385,-0.5000000000000004,1
22,5,0,1,0,0,2.66,77.64,75.18,0.4923,2,6.7,4.97,0,0,1,-0.5000000000000004,0.8660254037844384,0
13,4,0,0,0,1,0.95,101.48,46.51,0.4772,5,2.31,31.34,0,0,1,-0.2588190451025208,-0.9659258262890683,0
10,4,0,1,0,1,1.18,28.29,30.89,0.5712,9,1.23,45.9,0,0,2,0.49999999999999994,-0.8660254037844387,0
21,6,1,1,1,2,0.67,7.68,17.44,0.1294,2,44.21,104.93,0,1,1,-0.7071067811865477,0.7071067811865474,1
14,1,0,0,0,0,3.29,119.42,35.4,0.5564,15,5.88,16.53,0,0,0,-0.4999999999999997,-0.8660254037844388,0
0,2,0,0,0,1,2.02,41.43,36.24,0.3518,7,9.01,13.14,0,0,1,0.0,1.0,0
14,4,0,0,0,0,1.55,19.67,41.07,0.5619,23,4.48,15.54,0,0,1,-0.4999999999999997,-0.8660254037844388,0
17,4,1,0,0,0,4.69,55.9,67.58,0.4846,9,4.14,17.24,0,0,0,-0.9659258262890683,-0.25881904510252063,0
21,1,1,1,1,3,0.19,5.06,27.93,0.1543,3,28.88,571.27,1,1,0,-0.7071067811865477,0.7071067811865474,1
6,2,0,0,0,1,2.7,108.63,60.46,0.4418,12,7.43,13.53,0,0,1,1.0,6.123233995736766e-17,0
18,3,0,0,0,0,4.94,104.82,42.45,0.3227,7,2.73,46.79,0,0,0,-1.0,-1.8369701987210297e-16,0
11,2,0,0,0,0,3.47,19.96,75.99,0.5433,4,1.37,14.86,1,0,1,0.258819045102521,-0.9659258262890682,0
10,6,0,0,0,0,3.27,39.19,48.08,0.4269,2,7.16,41.96,0,0,0,0.49999999999999994,-0.8660254037844387,0
17,3,0,0,0,0,0.57,44.58,65.89,0.6617,23,8.59,6.73,0,0,1,-0.9659258262890683,-0.25881904510252063,0
11,2,0,0,0,0,4.96,88.98,55.44,0.4107,25,7.33,43.71,0,0,1,0.258819045102521,-0.9659258262890682,0
20,0,0,0,0,0,3.19,48.4,30.68,0.4838,7,2.21,17.99,0,0,2,-0.8660254037844386,0.5000000000000001,0
23,5,0,0,0,0,2.92,34.1,72.14,0.5257,17,1.22,12.6,0,0,0,-0.25881904510252157,0.9659258262890681,0
19,5,0,0,0,1,4.38,5.19,51.35,0.3991,3,7.4,31.31,0,0,0,-0.9659258262890684,0.2588190451025203,0
2,6,1,1,1,4,0.92,6.98,76.98,0.0021,1,24.38,650.88,1,0,1,0.49999999999999994,0.8660254037844387,1
8,6,0,0,0,0,2.04,50.59,36.46,0.3997,13,2.63,20.34,0,0,0,0.8660254037844387,-0.4999999999999998,0
11,3,0,0,0,1,4.93,37.82,35.32,0.5824,9,4.18,11.13,0,0,0,0.258819045102521,-0.9659258262890682,0
22,3,1,1,1,3,0.54,13.95,149.2,0.0855,3,20.5,320.41,1,1,0,-0.5000000000000004,0.8660254037844384,1
0,5,0,1,0,2,1.33,65.69,52.34,0.3301,30,2.36,14.45,0,0,1,0.0,1.0,0
8,5,1,0,0,0,2.21,31.55,34.0,0.55,20,2.44,5.78,0,0,0,0.8660254037844387,-0.4999999999999998,0
10,6,0,0,1,0,1.53,118.9,35.09,0.5746,15,9.23,34.81,0,0,1,0.49999999999999994,-0.8660254037844387,0
13,3,0,0,0,0,1.34,70.65,46.49,0.3036,5,4.44,38.04,0,0,0,-0.2588190451025208,-0.9659258262890683,0
21,5,0,1,0,2,4.89,94.61,56.85,0.3685,8,9.69,30.98,0,0,1,-0.7071067811865477,0.7071067811865474,0
3,5,1,1,0,1,0.06,2.3,106.1,0.1381,2,45.35,422.36,0,1,0,0.7071067811865476,0.7071067811865476,1
14,3,1,0,1,0,4.02,76.92,74.4,0.6803,5,5.17,32.05,0,0,1,-0.4999999999999997,-0.8660254037844388,0
22,5,1,1,1,2,0.72,8.51,42.06,0.1251,1,23.09,254.95,0,1,1,-0.5000000000000004,0.8660254037844384,1
7,4,0,0,0,0,2.11,36.84,50.44,0.6369,4,3.82,38.82,0,0,1,0.9659258262890683,-0.25881904510252063,0
20,1,0,0,0,1,1.84,67.8,69.42,0.4429,23,4.82,6.94,0,0,1,-0.8660254037844386,0.5000000000000001,0
7,3,0,0,0,0,3.14,14.47,71.15,0.4101,7,2.42,39.8,0,0,0,0.9659258262890683,-0.25881904510252063,0
15,1,0,0,0,0,1.06,100.99,41.66,0.401,20,5.97,21.32,0,0,2,-0.7071067811865471,-0.7071067811865479,0
7,5,0,0,0,0,0.91,56.18,51.4,0.3249,11,7.18,24.85,0,0,1,0.9659258262890683,-0.25881904510252063,0
13,5,0,0,0,0,1.08,50.88,65.3,0.5967,21,6.38,47.32,0,0,0,-0.2588190451025208,-0.9659258262890683,0
21,4,0,0,0,0,2.94,64.41,62.81,0.5469,20,5.11,1.65,0,0,0,-0.7071067811865477,0.7071067811865474,0
23,1,0,0,0,0,4.37,19.28,60.34,0.4536,9,8.33,39.05,0,0,0,-0.25881904510252157,0.9659258262890681,0
15,1,0,0,0,0,3.56,17.2,67.8,0.5699,10,2.82,10.88,0,0,0,-0.7071067811865471,-0.7071067811865479,0
11,3,1,0,0,0,2.62,75.02,74.14,0.3176,6,4.71,39.28,0,0,0,0.258819045102521,-0.9659258262890682,0
7,5,0,0,0,2,1.18,14.88,79.38,0.3421,7,5.77,9.66,1,0,1,0.9659258262890683,-0.25881904510252063,0
21,4,1,1,1,3,0.09,2.69,60.1,0.0688,1,12.42,579.06,0,0,0,-0.7071067811865477,0.7071067811865474,1
20,2,0,0,0,0,0.8,9.8,76.3,0.3931,27,4.19,47.93,0,0,1,-0.8660254037844386,0.5000000000000001,0
17,5,0,0,0,0,3.58,114.87,36.13,0.6045,23,3.22,7.55,0,0,1,-0.9659258262890683,-0.25881904510252063,0
9,1,0,0,0,0,1.35,95.09,79.89,0.4843,13,2.21,25.3,0,0,0,0.7071067811865476,-0.7071067811865475,0
6,3,1,0,1,3,0.33,6.13,57.64,0.2872,5,16.33,717.94,0,1,0,1.0,6.123233995736766e-17,1
12,1,1,0,0,0,2.42,21.71,60.76,0.3057,16,6.45,43.5,0,0,0,1.2246467991473532e-16,-1.0,0
8,6,0,0,0,0,4.69,6.31,74.2,0.5173,20,1.02,17.51,0,0,1,0.8660254037844387,-0.4999999999999998,0
11,1,1,1,0,3,0.83,8.7,15.22,0.2379,4,11.85,382.64,0,1,0,0.258819045102521,-0.9659258262890682,1
19,5,0,0,0,0,0.83,30.85,39.46,0.5559,5,6.21,36.73,0,0,0,-0.9659258262890684,0.2588190451025203,0
22,5,1,0,1,3,0.49,3.7,133.01,0.0339,2,14.85,264.35,1,1,0,-0.5000000000000004,0.8660254037844384,1
18,3,0,0,0,0,1.37,88.77,73.9,0.5757,25,7.11,2.07,1,0,0,-1.0,-1.8369701987210297e-16,0
16,3,0,0,0,0,1.53,107.9,42.71,0.5069,15,8.55,24.92,1,0,1,-0.8660254037844385,-0.5000000000000004,0
1,6,1,1,1,1,0.08,2.34,44.34,0.2945,3,48.49,566.13,1,1,0,0.25881904510252074,0.9659258262890683,1
9,4,0,0,0,0,2.75,9.21,47.99,0.6017,25,6.19,3.61,0,0,1,0.7071067811865476,-0.7071067811865475,0
7,1,1,1,0,3,0.81,1.91,126.87,0.1425,1,18.39,501.72,1,1,1,0.9659258262890683,-0.25881904510252063,1
19,3,0,0,0,0,2.15,107.59,77.19,0.58,24,3.81,25.31,0,0,1,-0.9659258262890684,0.2588190451025203,0
7,4,1,1,0,1,0.77,12.49,135.24,0.1118,1,43.12,424.43,0,1,2,0.9659258262890683,-0.25881904510252063,1
22,1,0,0,0,0,1.89,41.17,36.15,0.5654,14,5.54,26.17,1,0,2,-0.5000000000000004,0.8660254037844384,0
18,0,0,0,0,0,4.18,77.68,62.84,0.5148,13,2.19,21.39,0,0,1,-1.0,-1.8369701987210297e-16,0
16,4,0,0,0,0,4.19,104.45,32.66,0.4617,26,4.6,45.29,0,0,0,-0.8660254037844385,-0.5000000000000004,0
20,4,0,1,1,3,0.36,9.05,73.52,0.0859,5,19.97,189.24,0,1,1,-0.8660254037844386,0.5000000000000001,1
20,1,0,0,0,0,1.24,47.56,57.44,0.4563,19,1.49,21.68,0,0,0,-0.8660254037844386,0.5000000000000001,0
20,4,0,0,0,0,3.29,30.24,77.76,0.538,30,7.95,2.79,0,0,1,-0.8660254037844386,0.5000000000000001,0
20,3,0,0,0,0,3.18,64.87,78.89,0.5117,3,8.65,46.24,0,0,1,-0.8660254037844386,0.5000000000000001,0
9,1,0,0,0,0,2.08,116.07,49.83,0.3063,5,7.48,6.0,0,0,1,0.7071067811865476,-0.7071067811865475,0
5,6,0,1,0,0,2.83,33.58,78.73,0.4079,16,8.38,13.11,0,0,0,0.9659258262890683,0.25881904510252074,0
14,0,0,0,0,0,1.03,63.09,76.37,0.4901,27,2.83,13.86,0,0,1,-0.4999999999999997,-0.8660254037844388,0
21,0,0,0,0,0,3.86,112.73,57.92,0.682,23,7.81,34.85,0,0,1,-0.7071067811865477,0.7071067811865474,0
17,5,0,0,0,0,2.02,111.29,42.86,0.4325,30,1.57,10.8,0,0,1,-0.9659258262890683,-0.25881904510252063,0
21,5,0,0,0,0,4.68,100.95,72.51,0.419,20,3.33,21.47,0,0,1,-0.7071067811865477,0.7071067811865474,0
15,6,0,0,0,0,3.2,36.7,68.22,0.496,29,3.08,16.94,0,0,0,-0.7071067811865471,-0.7071067811865479,0
16,0,0,0,1,0,3.92,81.91,73.22,0.6576,20,6.14,38.98,0,0,1,-0.8660254037844385,-0.5000000000000004,0
14,1,0,0,0,0,1.66,11.3,44.8,0.5868,15,8.32,22.83,0,0,1,-0.4999999999999997,-0.8660254037844388,0
17,4,0,0,0,0,4.41,17.07,76.65,0.3355,12,2.08,43.23,0,0,0,-0.9659258262890683,-0.25881904510252063,0
20,1,0,0,0,0,1.53,15.56,46.74,0.5599,5,7.08,34.96,0,0,0,-0.8660254037844386,0.5000000000000001,0
4,0,1,0,0,5,0.51,10.21,89.5,0.2921,1,10.34,226.84,0,0,0,0.8660254037844386,0.5000000000000001,1
15,1,0,0,0,1,4.71,119.39,34.46,0.3497,29,2.1,9.27,1,0,0,-0.7071067811865471,-0.7071067811865479,0
3,6,0,0,0,0,3.67,65.5,65.0,0.6087,17,9.54,3.55,0,0,0,0.7071067811865476,0.7071067811865476,0
10,0,0,1,0,0,1.64,93.66,46.29,0.6902,4,4.56,24.25,0,0,0,0.49999999999999994,-0.8660254037844387,0
3,5,0,0,0,0,1.61,6.14,62.21,0.4831,23,1.12,39.02,0,0,1,0.7071067811865476,0.7071067811865476,0
7,6,0,0,0,0,0.72,18.03,71.77,0.6996,12,3.03,1.67,0,0,0,0.9659258262890683,-0.25881904510252063,0
18,1,0,0,1,0,4.57,110.37,40.4,0.6547,12,3.55,18.57,0,0,1,-1.0,-1.8369701987210297e-16,0
13,1,1,0,1,3,0.86,14.5,110.24,0.1224,3,48.12,170.64,0,0,1,-0.2588190451025208,-0.9659258262890683,1
22,2,0,0,0,0,3.18,53.64,56.78,0.4733,30,9.02,5.82,0,0,2,-0.5000000000000004,0.8660254037844384,0
21,2,0,0,0,0,4.64,75.51,69.15,0.5204,21,9.24,20.76,0,0,1,-0.7071067811865477,0.7071067811865474,0
2,3,1,1,0,4,0.27,9.58,42.33,0.2778,1,11.3,511.07,0,1,1,0.49999999999999994,0.8660254037844387,1
7,2,0,0,0,0,1.81,104.74,72.42,0.4693,24,6.5,6.19,0,0,0,0.9659258262890683,-0.25881904510252063,0
16,3,0,0,0,0,4.62,78.75,33.58,0.607,3,8.98,15.17,0,0,0,-0.8660254037844385,-0.5000000000000004,0
18,4,0,0,0,0,1.61,100.22,74.6,0.5057,3,1.34,18.83,0,0,1,-1.0,-1.8369701987210297e-16,0
18,6,0,0,0,0,2.18,6.96,68.0,0.527,12,3.54,25.49,1,0,1,-1.0,-1.8369701987210297e-16,0
15,1,0,0,0,0,0.84,42.89,51.38,0.5788,10,7.94,24.21,1,0,1,-0.7071067811865471,-0.7071067811865479,0
21,3,0,0,0,0,3.29,65.46,47.64,0.5498,23,5.45,46.13,0,0,2,-0.7071067811865477,0.7071067811865474,0
20,1,0,0,0,0,1.02,34.52,65.97,0.5668,19,2.66,23.1,0,0,0,-0.8660254037844386,0.5000000000000001,0
22,4,0,0,0,0,2.8,104.46,44.19,0.5536,13,4.13,41.48,1,0,1,-0.5000000000000004,0.8660254037844384,0
21,3,0,0,0,0,4.79,19.92,40.23,0.4284,4,5.14,24.18,0,0,0,-0.7071067811865477,0.7071067811865474,0
15,1,0,0,0,1,3.39,50.33,70.38,0.3872,14,3.43,25.19,0,0,1,-0.7071067811865471,-0.7071067811865479,0
16,6,0,0,0,0,2.12,64.41,62.79,0.6247,14,2.22,29.93,0,0,1,-0.8660254037844385,-0.5000000000000004,0
1,3,0,0,0,0,1.66,14.1,79.54,0.541,2,6.77,16.01,0,0,1,0.25881904510252074,0.9659258262890683,0
15,6,0,0,0,0,1.06,24.7,40.08,0.4895,29,8.13,21.13,0,0,0,-0.7071067811865471,-0.7071067811865479,0
21,1,0,0,0,2,1.42,81.16,63.63,0.3603,21,9.55,1.04,0,0,0,-0.7071067811865477,0.7071067811865474,0
22,4,1,0,0,0,4.7,91.33,34.49,0.4947,30,9.51,42.01,0,0,0,-0.5000000000000004,0.8660254037844384,0
18,6,0,0,0,0,3.25,86.1,36.96,0.4455,14,1.65,38.39,0,0,0,-1.0,-1.8369701987210297e-16,0
9,0,0,0,1,0,2.51,19.95,56.35,0.5764,8,4.4,39.0,0,0,0,0.7071067811865476,-0.7071067811865475,0
8,4,0,0,0,0,0.88,53.49,70.32,0.469,23,9.09,7.99,0,0,0,0.8660254037844387,-0.4999999999999998,0
10,1,0,0,0,1,4.15,41.86,36.53,0.6946,6,1.06,41.2,0,0,0,0.49999999999999994,-0.8660254037844387,0
15,4,0,0,0,1,1.76,55.35,46.06,0.4469,10,3.75,31.35,0,0,1,-0.7071067811865471,-0.7071067811865479,0
3,5,1,1,1,3,0.3,7.96,146.72,0.0414,3,38.85,282.46,1,1,1,0.7071067811865476,0.7071067811865476,1
17,0,0,0,0,0,0.74,28.6,71.07,0.5546,24,9.34,38.18,0,0,1,-0.9659258262890683,-0.25881904510252063,0
4,6,0,1,1,4,0.68,5.41,38.26,0.2154,4,30.37,314.09,1,0,0,0.8660254037844386,0.5000000000000001,1
14,4,0,0,0,2,3.16,112.87,60.3,0.5757,2,7.01,7.68,0,0,0,-0.4999999999999997,-0.8660254037844388,0
9,0,0,0,0,0,1.64,116.47,74.37,0.3415,6,4.05,22.92,0,0,2,0.7071067811865476,-0.7071067811865475,0
17,1,0,1,0,0,0.97,19.29,75.37,0.4115,6,2.04,22.63,0,0,0,-0.9659258262890683,-0.25881904510252063,0
15,1,0,0,0,0,3.22,106.77,48.62,0.3955,28,6.28,19.41,0,0,2,-0.7071067811865471,-0.7071067811865479,0
8,3,0,0,1,0,3.58,74.47,46.61,0.5985,27,3.94,22.53,0,0,0,0.8660254037844387,-0.4999999999999998,0
8,3,0,0,0,0,1.28,108.03,46.53,0.3388,15,2.21,0.89,0,0,1,0.8660254037844387,-0.4999999999999998,0
12,4,0,0,0,0,2.41,69.75,79.13,0.5455,14,5.36,16.24,0,0,0,1.2246467991473532e-16,-1.0,0
16,0,0,0,0,0,4.46,60.96,43.7,0.3335,26,9.19,5.96,0,0,0,-0.8660254037844385,-0.5000000000000004,0
21,0,1,0,1,4,0.2,8.24,87.75,0.1028,3,26.13,337.33,1,1,2,-0.7071067811865477,0.7071067811865474,1
1,3,1,1,0,3,0.85,4.58,118.83,0.0717,4,11.66,542.63,0,1,2,0.25881904510252074,0.9659258262890683,1
8,1,0,0,0,0,4.47,107.67,65.43,0.4292,5,8.1,25.69,0,0,1,0.8660254037844387,-0.4999999999999998,0
12,4,0,0,0,0,0.83,38.53,59.35,0.4285,19,5.04,36.89,0,0,2,1.2246467991473532e-16,-1.0,0
17,0,0,0,0,0,3.44,64.18,46.5,0.6091,12,8.66,45.8,0,0,1,-0.9659258262890683,-0.25881904510252063,0
5,2,1,0,1,3,0.44,6.97,106.67,0.1965,1,34.24,477.66,0,1,1,0.9659258262890683,0.25881904510252074,1
2,3,1,1,1,2,0.68,3.52,67.15,0.027,1,10.63,717.03,1,1,2,0.49999999999999994,0.8660254037844387,1
12,0,0,1,0,0,1.43,26.71,63.29,0.559,13,8.49,39.12,0,0,0,1.2246467991473532e-16,-1.0,0
18,2,0,0,0,0,3.88,67.31,59.02,0.6193,9,8.5,47.65,0,0,0,-1.0,-1.8369701987210297e-16,0
15,2,0,0,0,0,1.04,111.27,69.08,0.3632,9,6.86,10.1,0,0,1,-0.7071067811865471,-0.7071067811865479,0
21,0,1,1,1,3,0.15,5.13,83.39,0.2075,1,24.53,461.06,0,1,1,-0.7071067811865477,0.7071067811865474,1
15,1,0,0,0,0,2.62,79.47,32.96,0.6415,5,9.45,43.02,0,0,1,-0.7071067811865471,-0.7071067811865479,0
1,4,1,1,0,2,0.37,4.09,33.51,0.2993,2,27.88,142.3,0,1,0,0.25881904510252074,0.9659258262890683,1
20,4,0,0,1,2,3.26,51.59,64.62,0.4568,7,1.83,18.84,0,0,1,-0.8660254037844386,0.5000000000000001,0
16,5,0,0,1,0,2.05,104.23,62.33,0.5937,26,5.55,19.03,0,0,1,-0.8660254037844385,-0.5000000000000004,0
15,6,0,0,0,0,0.78,84.77,47.51,0.3017,26,4.65,25.4,0,0,0,-0.7071067811865471,-0.7071067811865479,0
20,3,0,1,0,0,2.96,41.56,43.96,0.3181,12,7.33,23.59,0,0,0,-0.8660254037844386,0.5000000000000001,0
10,2,0,0,0,0,4.51,37.87,33.95,0.5672,8,1.88,2.6,1,0,2,0.49999999999999994,-0.8660254037844387,0
7,3,0,0,0,0,3.05,53.37,31.67,0.4934,29,4.83,34.75,0,0,0,0.9659258262890683,-0.25881904510252063,0
19,6,0,0,1,0,4.75,47.77,67.03,0.3238,11,2.48,34.25,0,0,0,-0.9659258262890684,0.2588190451025203,0
17,5,0,0,0,0,2.03,109.1,54.58,0.6091,20,4.35,7.42,0,0,0,-0.9659258262890683,-0.25881904510252063,0
21,1,0,1,0,0,2.22,39.66,44.97,0.4001,22,4.37,13.04,0,0,0,-0.7071067811865477,0.7071067811865474,0
21,4,1,0,1,5,0.12,2.86,123.05,0.2646,4,10.79,391.82,1,1,1,-0.7071067811865477,0.7071067811865474,1
8,1,0,0,1,0,2.37,97.07,61.98,0.5083,25,5.12,32.04,0,0,0,0.8660254037844387,-0.4999999999999998,0
17,2,0,0,0,1,1.95,73.64,60.27,0.4757,22,5.42,36.51,0,0,1,-0.9659258262890683,-0.25881904510252063,0
8,2,0,0,0,0,4.99,30.48,46.46,0.456,30,4.34,13.57,0,0,0,0.8660254037844387,-0.4999999999999998,0
16,4,0,0,0,0,3.87,35.02,42.22,0.361,29,1.69,19.59,0,0,0,-0.8660254037844385,-0.5000000000000004,0
5,1,1,0,0,0,0.5,53.47,46.26,0.6721,19,7.71,17.31,0,0,1,0.9659258262890683,0.25881904510252074,0
14,2,0,0,0,0,3.07,6.43,61.81,0.6778,7,6.02,45.12,0,0,0,-0.4999999999999997,-0.8660254037844388,0
15,5,0,0,0,0,3.15,76.8,59.9,0.3792,16,1.15,38.41,0,0,0,-0.7071067811865471,-0.7071067811865479,0
14,3,0,0,0,0,3.29,46.15,37.13,0.4001,24,3.36,15.26,0,0,1,-0.4999999999999997,-0.8660254037844388,0
7,1,0,0,0,0,3.75,50.84,65.29,0.6894,20,2.09,47.81,0,0,1,0.9659258262890683,-0.25881904510252063,0
18,1,0,0,0,1,0.66,22.87,52.09,0.5883,15,1.8,29.4,0,0,0,-1.0,-1.8369701987210297e-16,0
22,3,0,0,0,1,2.45,17.12,70.59,0.6943,21,7.59,0.86,0,0,0,-0.5000000000000004,0.8660254037844384,0
11,0,0,0,0,0,1.13,53.48,32.48,0.6795,13,1.76,42.94,0,0,1,0.258819045102521,-0.9659258262890682,0
13,3,0,0,0,2,3.02,42.27,44.36,0.4486,9,1.36,26.42,1,0,0,-0.2588190451025208,-0.9659258262890683,0
13,0,0,0,0,0,0.61,106.57,66.5,0.3139,26,6.86,2.33,0,0,0,-0.2588190451025208,-0.9659258262890683,0
21,3,0,0,0,0,2.2,24.43,78.5,0.522,8,5.58,38.22,0,0,0,-0.7071067811865477,0.7071067811865474,0
22,3,1,1,1,1,0.57,13.8,65.87,0.0952,3,31.51,401.22,0,1,0,-0.5000000000000004,0.8660254037844384,1
11,6,0,0,0,0,1.06,74.74,50.62,0.3707,17,5.61,47.36,0,0,2,0.258819045102521,-0.9659258262890682,0
4,0,1,1,1,4,0.18,13.57,142.46,0.0938,5,44.84,250.39,1,1,1,0.8660254037844386,0.5000000000000001,1
11,3,0,1,0,0,4.25,119.75,62.67,0.3579,4,8.27,10.46,0,0,1,0.258819045102521,-0.9659258262890682,0
17,1,0,0,0,0,1.97,107.98,60.93,0.313,28,8.87,12.43,0,0,2,-0.9659258262890683,-0.25881904510252063,0
8,4,0,0,0,1,2.57,65.47,76.01,0.3645,21,5.1,44.49,0,0,1,0.8660254037844387,-0.4999999999999998,0
17,0,0,0,0,1,1.13,115.44,49.26,0.4573,11,9.37,15.62,0,0,2,-0.9659258262890683,-0.25881904510252063,0
15,0,0,0,0,0,2.21,69.01,46.07,0.3445,30,3.64,16.21,0,0,0,-0.7071067811865471,-0.7071067811865479,0
21,5,0,0,0,0,2.8,62.14,68.6,0.6563,25,4.42,7.12,0,0,0,-0.7071067811865477,0.7071067811865474,0
21,3,0,0,0,2,2.59,63.57,79.85,0.5244,3,5.01,32.94,0,0,1,-0.7071067811865477,0.7071067811865474,0
6,6,0,0,0,0,3.63,75.84,43.07,0.6338,19,3.87,33.87,0,0,1,1.0,6.123233995736766e-17,0
13,4,0,0,0,1,3.36,96.15,69.5,0.3971,20,6.57,16.84,1,0,1,-0.2588190451025208,-0.9659258262890683,0
16,2,0,0,1,2,1.4,78.78,67.56,0.6723,27,6.48,23.88,0,0,1,-0.8660254037844385,-0.5000000000000004,0
11,6,0,1,0,0,4.4,24.55,53.49,0.4009,10,2.68,46.38,0,0,0,0.258819045102521,-0.9659258262890682,0
13,0,0,1,0,0,2.51,98.82,43.63,0.6997,16,6.3,20.86,0,0,0,-0.2588190451025208,-0.9659258262890683,0
8,4,0,0,0,0,2.9,11.75,50.77,0.4467,4,5.44,1.81,1,0,0,0.8660254037844387,-0.4999999999999998,0
19,1,0,1,1,0,1.97,28.15,30.31,0.4329,24,5.15,23.57,0,0,2,-0.9659258262890684,0.2588190451025203,0
23,5,1,1,1,3,0.4,8.96,26.59,0.2942,1,33.21,689.85,0,1,2,-0.25881904510252157,0.9659258262890681,1
5,4,0,0,0,2,2.02,104.18,67.91,0.4982,7,6.66,31.52,0,0,0,0.9659258262890683,0.25881904510252074,0
1,4,0,0,0,0,4.06,78.99,34.65,0.6062,2,2.8,16.42,0,0,0,0.25881904510252074,0.9659258262890683,0
18,5,0,0,0,0,3.34,36.33,48.6,0.4428,19,5.11,27.32,0,0,1,-1.0,-1.8369701987210297e-16,0
18,6,0,0,0,0,0.68,34.74,39.37,0.4844,17,9.11,30.99,0,0,1,-1.0,-1.8369701987210297e-16,0
13,3,0,1,0,0,0.54,19.0,37.31,0.6999,24,7.18,8.94,0,0,1,-0.2588190451025208,-0.9659258262890683,0
23,1,1,0,1,4,0.45,2.13,81.19,0.2513,1,37.32,554.8,0,1,1,-0.25881904510252157,0.9659258262890681,1
4,3,1,1,1,5,0.17,12.28,41.39,0.042,5,23.8,173.19,0,1,1,0.8660254037844386,0.5000000000000001,1
18,3,0,0,0,0,0.64,47.25,45.58,0.6565,6,6.24,9.8,0,0,0,-1.0,-1.8369701987210297e-16,0
10,2,0,0,0,0,1.05,73.51,35.56,0.3806,14,8.19,46.32,0,0,0,0.49999999999999994,-0.8660254037844387,0
11,1,0,0,0,0,3.95,91.25,65.39,0.5041,23,9.21,34.94,0,0,0,0.258819045102521,-0.9659258262890682,0
18,1,0,0,0,0,1.72,110.28,77.54,0.3804,19,9.86,36.31,0,0,1,-1.0,-1.8369701987210297e-16,0
22,2,0,0,0,0,1.27,84.6,32.38,0.6733,13,4.77,34.72,1,0,0,-0.5000000000000004,0.8660254037844384,0
8,5,1,1,0,2,0.13,5.95,92.38,0.245,2,30.4,441.12,1,1,0,0.8660254037844387,-0.4999999999999998,1
23,2,0,0,0,0,4.73,20.42,38.14,0.3037,7,7.93,36.54,1,0,1,-0.25881904510252157,0.9659258262890681,0
7,0,0,0,0,0,3.87,119.53,68.01,0.367,22,6.88,22.98,0,0,0,0.9659258262890683,-0.25881904510252063,0
20,3,0,1,0,0,3.27,97.1,44.5,0.4332,25,1.86,23.45,0,0,0,-0.8660254037844386,0.5000000000000001,0
16,6,0,0,0,0,1.75,8.06,70.06,0.3232,19,9.38,1.36,0,0,0,-0.8660254037844385,-0.5000000000000004,0
13,4,0,0,0,1,2.16,64.89,57.94,0.5272,3,2.07,27.38,0,0,1,-0.2588190451025208,-0.9659258262890683,0
18,6,0,0,0,0,4.18,95.1,53.73,0.3625,8,9.92,36.33,0,0,1,-1.0,-1.8369701987210297e-16,0
15,5,0,0,0,0,1.89,17.25,43.06,0.4869,5,9.37,32.11,0,0,0,-0.7071067811865471,-0.7071067811865479,0
12,3,0,0,0,0,2.28,25.22,64.18,0.6556,8,2.19,35.33,0,0,1,1.2246467991473532e-16,-1.0,0
9,2,0,0,0,0,0.52,75.09,33.82,0.6869,5,5.79,0.75,0,0,0,0.7071067811865476,-0.7071067811865475,0
15,2,0,0,0,0,1.92,95.83,64.86,0.421,11,5.55,36.19,0,0,2,-0.7071067811865471,-0.7071067811865479,0
15,6,0,0,0,0,1.0,54.1,69.35,0.3106,7,7.25,1.75,0,0,1,-0.7071067811865471,-0.7071067811865479,0
8,6,0,0,0,0,4.19,43.74,77.03,0.5119,20,4.27,22.91,0,0,0,0.8660254037844387,-0.4999999999999998,0
14,3,0,1,1,0,0.8,6.47,28.68,0.1706,4,15.15,546.15,0,1,1,-0.4999999999999997,-0.8660254037844388,1
7,6,0,0,0,0,1.46,61.1,67.06,0.3848,16,8.91,24.61,0,0,1,0.9659258262890683,-0.25881904510252063,0
11,4,0,0,0,0,3.85,29.06,49.88,0.5134,14,9.9,4.27,0,0,0,0.258819045102521,-0.9659258262890682,0
16,1,0,0,0,0,2.35,93.15,43.36,0.4475,3,9.67,1.31,0,0,1,-0.8660254037844385,-0.5000000000000004,0
21,6,0,0,0,0,1.26,109.48,48.73,0.3015,24,7.79,31.29,0,0,1,-0.7071067811865477,0.7071067811865474,0
16,4,0,1,0,0,1.36,60.38,75.28,0.4149,12,5.57,11.49,0,0,0,-0.8660254037844385,-0.5000000000000004,0
16,3,0,0,1,0,3.14,95.23,47.38,0.4896,24,7.42,17.91,0,0,1,-0.8660254037844385,-0.5000000000000004,0
16,6,0,0,0,0,2.18,14.13,54.72,0.3119,18,5.27,15.5,1,0,1,-0.8660254037844385,-0.5000000000000004,0
11,6,0,0,0,0,2.05,56.21,30.5,0.4074,5,6.36,16.61,0,0,0,0.258819045102521,-0.9659258262890682,0
14,1,0,0,0,0,4.68,53.63,71.76,0.6427,27,5.36,5.81,1,0,0,-0.4999999999999997,-0.8660254037844388,0
8,6,0,0,0,1,1.5,119.44,65.18,0.4441,5,5.29,40.45,0,0,1,0.8660254037844387,-0.4999999999999998,0
10,1,0,0,0,0,2.22,51.79,49.56,0.6987,20,9.46,37.74,0,0,0,0.49999999999999994,-0.8660254037844387,0
1,2,0,1,0,0,3.7,51.26,79.32,0.4002,10,4.39,22.58,0,0,1,0.25881904510252074,0.9659258262890683,0
18,5,0,0,0,0,1.51,84.85,52.72,0.4857,16,3.32,28.45,0,0,0,-1.0,-1.8369701987210297e-16,0
20,6,0,1,1,0,4.3,103.08,30.03,0.4924,28,3.95,12.34,0,0,0,-0.8660254037844386,0.5000000000000001,0
5,5,1,0,0,5,0.98,13.79,94.34,0.232,3,26.06,246.87,0,1,1,0.9659258262890683,0.25881904510252074,1
8,0,0,0,0,0,3.39,9.23,69.7,0.3955,18,6.35,39.39,0,0,1,0.8660254037844387,-0.4999999999999998,0
19,1,0,1,1,0,1.43,87.93,33.68,0.4676,11,4.72,35.72,0,0,1,-0.9659258262890684,0.2588190451025203,0
5,2,0,0,0,0,1.8,54.38,35.88,0.4306,8,9.25,22.96,1,0,0,0.9659258262890683,0.25881904510252074,0
22,2,0,0,0,0,1.2,42.55,58.14,0.342,18,7.98,43.9,0,0,1,-0.5000000000000004,0.8660254037844384,0
7,3,0,0,0,1,0.74,31.84,59.73,0.4368,7,1.46,47.2,0,0,1,0.9659258262890683,-0.25881904510252063,0
20,6,0,1,1,3,0.61,13.65,70.19,0.2314,2,41.38,113.67,1,1,2,-0.8660254037844386,0.5000000000000001,1
8,6,0,0,0,0,2.26,5.7,51.5,0.6328,13,2.08,17.84,0,0,0,0.8660254037844387,-0.4999999999999998,0
16,0,0,0,0,0,3.63,92.73,59.3,0.4379,23,5.69,10.01,0,0,1,-0.8660254037844385,-0.5000000000000004,0
21,0,0,0,0,0,4.52,73.75,40.22,0.6941,3,2.05,45.66,0,0,0,-0.7071067811865477,0.7071067811865474,0
17,1,0,0,0,0,3.61,87.98,42.81,0.4426,14,7.31,18.31,0,0,0,-0.9659258262890683,-0.25881904510252063,0
15,0,0,0,0,0,2.08,83.08,76.95,0.3944,27,3.23,24.53,0,0,0,-0.7071067811865471,-0.7071067811865479,0
7,3,0,0,0,0,3.62,60.28,56.31,0.5964,26,6.05,2.35,0,0,0,0.9659258262890683,-0.25881904510252063,0
14,4,1,0,0,2,1.57,32.79,72.69,0.6384,21,7.09,32.2,0,0,0,-0.4999999999999997,-0.8660254037844388,0
19,0,0,0,0,0,3.45,6.32,51.45,0.5062,25,4.89,38.06,0,0,0,-0.9659258262890684,0.2588190451025203,0
1,3,1,1,1,4,0.69,2.91,45.31,0.187,1,41.34,465.78,1,1,1,0.25881904510252074,0.9659258262890683,1
15,1,0,0,1,0,4.04,83.81,44.08,0.4942,15,8.83,45.57,0,0,0,-0.7071067811865471,-0.7071067811865479,0
18,3,0,0,0,0,2.11,45.91,68.39,0.5864,8,8.51,11.15,0,0,1,-1.0,-1.8369701987210297e-16,0
11,2,0,0,0,0,0.94,72.8,36.41,0.3699,19,9.62,16.98,1,0,1,0.258819045102521,-0.9659258262890682,0
18,1,0,0,0,0,2.76,51.62,51.76,0.3192,14,7.97,32.3,0,0,1,-1.0,-1.8369701987210297e-16,0
11,6,0,0,0,0,4.16,82.76,55.6,0.3124,5,8.42,18.22,0,0,0,0.258819045102521,-0.9659258262890682,0
21,4,1,1,1,2,0.41,5.53,74.41,0.0764,2,38.41,361.1,1,0,1,-0.7071067811865477,0.7071067811865474,1
18,2,0,0,0,0,2.24,63.48,68.85,0.5952,9,7.58,45.45,0,0,1,-1.0,-1.8369701987210297e-16,0
20,5,0,0,0,0,1.91,54.17,53.84,0.6628,14,1.64,11.87,0,0,1,-0.8660254037844386,0.5000000000000001,0
10,5,0,0,0,0,0.99,58.18,77.16,0.6582,21,8.99,25.39,0,0,0,0.49999999999999994,-0.8660254037844387,0
15,1,0,0,0,0,2.33,86.95,61.26,0.4986,7,5.21,2.39,0,0,1,-0.7071067811865471,-0.7071067811865479,0
7,4,1,1,1,4,0.75,13.78,76.22,0.0882,2,33.64,458.32,1,1,1,0.9659258262890683,-0.25881904510252063,1
19,3,0,0,1,0,3.44,20.26,49.68,0.3933,8,3.91,17.91,0,0,1,-0.9659258262890684,0.2588190451025203,0
22,5,1,1,1,5,0.89,2.42,77.6,0.1962,5,25.57,543.31,1,1,0,-0.5000000000000004,0.8660254037844384,1
5,5,1,1,1,2,0.25,6.02,136.25,0.1968,5,45.88,587.79,0,1,1,0.9659258262890683,0.25881904510252074,1
18,6,0,0,0,0,1.76,98.28,70.6,0.4032,13,1.85,32.8,0,0,1,-1.0,-1.8369701987210297e-16,0
8,1,0,0,0,0,1.01,112.16,78.76,0.5754,9,2.58,20.23,0,0,1,0.8660254037844387,-0.4999999999999998,0
8,0,0,0,0,1,3.08,80.28,51.23,0.4135,22,8.25,37.6,0,0,0,0.8660254037844387,-0.4999999999999998,0
11,0,0,0,0,0,2.71,44.43,72.4,0.5577,22,1.37,27.32,0,0,0,0.258819045102521,-0.9659258262890682,0
5,6,1,1,1,5,0.45,13.94,85.92,0.1942,1,29.38,709.56,0,1,2,0.9659258262890683,0.25881904510252074,1
19,3,0,0,0,0,1.25,108.15,49.74,0.4498,6,4.78,2.74,0,0,1,-0.9659258262890684,0.2588190451025203,0
13,1,0,0,0,1,1.56,50.4,62.73,0.4562,24,1.04,27.45,0,0,0,-0.2588190451025208,-0.9659258262890683,0
11,1,0,0,0,2,1.53,68.26,58.55,0.3135,2,9.99,35.8,0,0,0,0.258819045102521,-0.9659258262890682,0
12,0,0,1,0,0,2.76,47.68,74.53,0.4406,15,9.46,31.87,0,0,0,1.2246467991473532e-16,-1.0,0
0,6,0,0,0,0,2.54,14.67,43.62,0.361,3,5.19,14.85,0,0,0,0.0,1.0,0
22,3,0,0,0,1,3.92,67.69,33.41,0.6967,3,6.29,23.43,0,0,1,-0.5000000000000004,0.8660254037844384,0
12,4,1,0,0,3,0.48,14.23,143.74,0.1882,1,13.7,324.65,1,1,1,1.2246467991473532e-16,-1.0,1
16,5,0,0,0,0,3.06,87.35,49.4,0.3332,7,9.98,3.87,0,0,0,-0.8660254037844385,-0.5000000000000004,0
14,3,0,0,1,0,2.54,96.26,73.65,0.4965,5,4.0,35.28,0,0,0,-0.4999999999999997,-0.8660254037844388,0
16,4,0,0,0,2,2.59,112.85,61.62,0.3248,7,8.04,37.02,0,0,1,-0.8660254037844385,-0.5000000000000004,0
6,1,0,0,0,0,4.27,100.83,66.08,0.4877,11,6.37,10.47,1,0,1,1.0,6.123233995736766e-17,0
17,6,0,0,1,0,1.15,82.29,53.7,0.4296,19,2.65,42.07,0,0,0,-0.9659258262890683,-0.25881904510252063,0
16,3,0,0,0,0,1.94,71.73,69.22,0.4349,29,8.74,28.15,0,0,1,-0.8660254037844385,-0.5000000000000004,0
17,2,0,0,0,0,2.06,114.06,66.57,0.422,28,1.74,15.0,1,0,1,-0.9659258262890683,-0.25881904510252063,0
9,1,0,0,0,0,1.66,9.01,65.83,0.5429,8,2.06,18.9,0,0,1,0.7071067811865476,-0.7071067811865475,0
8,6,0,0,0,1,3.3,118.27,30.73,0.6636,19,8.72,22.35,1,0,1,0.8660254037844387,-0.4999999999999998,0
10,2,0,0,0,0,0.86,98.72,44.6,0.3224,23,7.75,27.97,0,0,1,0.49999999999999994,-0.8660254037844387,0
12,5,0,0,0,0,4.33,46.06,37.2,0.6957,16,4.16,9.47,0,0,1,1.2246467991473532e-16,-1.0,0
14,1,0,0,0,0,3.8,62.32,39.7,0.452,23,6.47,14.92,0,0,2,-0.4999999999999997,-0.8660254037844388,0
19,4,0,0,0,2,1.02,76.87,54.67,0.5671,18,2.47,28.07,0,0,0,-0.9659258262890684,0.2588190451025203,0
16,5,0,0,0,0,4.42,38.45,45.79,0.6554,28,8.47,46.56,0,0,0,-0.8660254037844385,-0.5000000000000004,0
5,6,0,0,0,0,4.32,116.85,65.2,0.418,14,9.52,16.55,0,0,0,0.9659258262890683,0.25881904510252074,0
12,4,0,0,0,0,1.1,20.81,30.38,0.5876,30,6.12,14.48,0,0,2,1.2246467991473532e-16,-1.0,0
6,4,0,0,0,2,1.88,86.42,42.02,0.4684,16,3.83,15.38,0,0,1,1.0,6.123233995736766e-17,0
18,1,0,0,0,0,3.85,41.89,52.4,0.623,26,2.37,28.29,0,0,0,-1.0,-1.8369701987210297e-16,0
17,1,0,0,0,0,2.71,52.61,55.85,0.4966,15,6.45,47.86,0,0,2,-0.9659258262890683,-0.25881904510252063,0
10,0,0,0,0,0,2.53,96.94,39.43,0.6527,20,6.07,20.97,0,0,1,0.49999999999999994,-0.8660254037844387,0
10,1,0,0,0,0,0.89,8.55,71.5,0.3056,10,2.83,15.26,0,0,0,0.49999999999999994,-0.8660254037844387,0
16,3,0,0,0,1,0.58,50.01,44.9,0.6439,14,6.64,6.41,0,0,0,-0.8660254037844385,-0.5000000000000004,0
10,1,0,0,0,0,2.7,115.04,76.66,0.3773,22,4.08,36.29,0,0,0,0.49999999999999994,-0.8660254037844387,0
16,6,0,0,0,0,3.0,8.68,35.1,0.466,28,8.09,12.18,0,0,0,-0.8660254037844385,-0.5000000000000004,0
6,0,0,1,0,0,4.14,74.69,46.31,0.5304,5,3.2,21.39,0,0,1,1.0,6.123233995736766e-17,0
19,0,0,0,0,0,2.57,15.01,54.13,0.4368,4,8.36,17.32,0,0,0,-0.9659258262890684,0.2588190451025203,0
16,3,0,0,0,0,1.05,81.65,71.31,0.455,28,1.64,10.96,0,0,0,-0.8660254037844385,-0.5000000000000004,0
6,2,0,0,0,0,2.59,46.01,51.01,0.6479,16,9.97,33.15,0,0,0,1.0,6.123233995736766e-17,0
16,1,0,0,0,0,3.33,102.0,51.96,0.4261,19,1.6,4.7,0,0,1,-0.8660254037844385,-0.5000000000000004,0
19,1,0,0,0,0,4.19,41.55,31.1,0.6866,10,2.92,33.6,0,0,1,-0.9659258262890684,0.2588190451025203,0
22,2,1,1,1,1,0.3,1.06,122.89,0.1284,1,36.39,445.59,0,1,2,-0.5000000000000004,0.8660254037844384,1
1,6,1,1,1,1,0.05,13.97,140.87,0.1708,3,23.33,104.87,1,1,0,0.25881904510252074,0.9659258262890683,1
17,0,0,0,1,0,0.25,3.24,38.04,0.0385,5,18.81,714.93,0,1,1,-0.9659258262890683,-0.25881904510252063,1
15,5,0,0,0,0,4.09,88.11,40.68,0.3224,21,3.49,16.98,0,0,1,-0.7071067811865471,-0.7071067811865479,0
14,4,1,1,1,3,0.06,8.84,123.47,0.0371,5,49.13,602.93,1,0,1,-0.4999999999999997,-0.8660254037844388,1
19,6,0,0,0,0,3.54,61.04,54.98,0.5277,6,5.66,31.81,0,0,1,-0.9659258262890684,0.2588190451025203,0
3,0,0,0,0,0,0.23,9.15,104.5,0.132,2,25.95,291.54,0,1,0,0.7071067811865476,0.7071067811865476,1
7,0,0,0,0,0,4.44,10.09,42.42,0.4694,9,1.56,35.39,0,0,0,0.9659258262890683,-0.25881904510252063,0
1,0,0,0,0,0,1.21,13.66,30.63,0.6283,18,7.11,13.25,0,0,1,0.25881904510252074,0.9659258262890683,0
17,0,0,0,1,0,4.8,31.99,41.65,0.5284,29,1.31,21.27,0,0,0,-0.9659258262890683,-0.25881904510252063,0
20,6,0,0,0,0,1.91,116.8,56.1,0.3089,17,2.77,21.28,0,0,1,-0.8660254037844386,0.5000000000000001,0
12,5,0,0,0,0,4.4,32.03,51.77,0.5125,30,9.55,31.78,0,0,1,1.2246467991473532e-16,-1.0,0
18,0,0,0,0,0,0.63,73.17,58.68,0.3248,11,8.58,11.98,0,0,0,-1.0,-1.8369701987210297e-16,0
18,4,0,0,0,2,4.09,99.49,53.96,0.6431,26,6.62,37.79,0,0,1,-1.0,-1.8369701987210297e-16,0
1,1,1,1,0,3,0.26,4.47,106.48,0.0789,5,28.12,659.64,1,1,0,0.25881904510252074,0.9659258262890683,1
1,2,1,1,1,2,0.39,3.3,16.39,0.2657,5,14.92,215.69,0,1,0,0.25881904510252074,0.9659258262890683,1
19,3,0,0,0,0,4.15,25.56,61.03,0.5755,9,7.08,20.76,0,0,1,-0.9659258262890684,0.2588190451025203,0
12,6,0,0,0,0,1.55,48.25,51.54,0.3561,5,8.97,25.43,0,0,0,1.2246467991473532e-16,-1.0,0
16,2,0,0,0,0,4.49,45.11,50.18,0.3394,15,8.48,10.9,0,0,0,-0.8660254037844385,-0.5000000000000004,0
12,5,0,0,0,2,4.68,47.44,43.38,0.5753,18,4.73,35.76,1,0,0,1.2246467991473532e-16,-1.0,0
6,2,0,0,0,1,4.35,111.6,35.52,0.6014,4,9.53,31.84,0,0,1,1.0,6.123233995736766e-17,0
11,2,0,0,0,0,4.9,119.12,69.84,0.3533,6,9.37,16.24,0,0,1,0.258819045102521,-0.9659258262890682,0
9,3,0,0,0,2,3.01,94.55,40.4,0.5817,15,2.77,33.8,0,0,1,0.7071067811865476,-0.7071067811865475,0
17,3,0,0,0,0,0.88,61.24,35.23,0.6899,15,9.38,11.15,0,0,0,-0.9659258262890683,-0.25881904510252063,0
11,1,0,0,1,0,1.92,28.87,32.76,0.4582,17,4.8,23.12,0,0,0,0.258819045102521,-0.9659258262890682,0
12,5,0,0,1,0,1.17,117.83,65.39,0.3338,9,5.36,3.84,0,0,0,1.2246467991473532e-16,-1.0,0
19,0,0,0,0,0,4.46,90.52,63.97,0.4236,2,7.11,39.78,0,0,2,-0.9659258262890684,0.2588190451025203,0
7,2,0,0,0,0,1.18,77.44,56.93,0.67,10,6.0,40.55,0,0,0,0.9659258262890683,-0.25881904510252063,0
11,4,0,0,0,0,2.86,31.13,41.74,0.4813,12,1.16,23.89,0,0,1,0.258819045102521,-0.9659258262890682,0
20,3,0,0,0,0,3.27,28.48,46.27,0.3875,17,2.07,22.63,0,0,0,-0.8660254037844386,0.5000000000000001,0
12,0,0,0,0,0,2.17,59.53,74.99,0.491,16,8.04,14.63,1,0,1,1.2246467991473532e-16,-1.0,0
16,5,0,0,0,0,4.29,21.79,43.34,0.4958,30,5.19,20.86,0,0,1,-0.8660254037844385,-0.5000000000000004,0
15,2,0,0,0,0,4.48,19.12,76.16,0.3946,14,2.35,36.54,0,0,1,-0.7071067811865471,-0.7071067811865479,0
10,5,0,0,0,0,2.55,68.96,44.87,0.3152,8,9.76,25.3,1,0,0,0.49999999999999994,-0.8660254037844387,0
21,0,0,0,0,0,3.14,111.68,67.55,0.5591,27,2.96,1.92,0,0,0,-0.7071067811865477,0.7071067811865474,0
20,3,0,0,0,0,4.14,100.17,54.66,0.4183,7,7.38,20.57,0,0,1,-0.8660254037844386,0.5000000000000001,0
19,6,0,0,0,0,0.84,15.68,33.51,0.5941,14,4.02,22.48,0,0,0,-0.9659258262890684,0.2588190451025203,0
11,1,0,0,0,0,1.41,6.02,46.14,0.526,3,4.69,41.95,0,0,0,0.258819045102521,-0.9659258262890682,0
21,0,0,0,0,0,0.65,102.9,57.77,0.5143,10,9.01,28.3,0,0,0,-0.7071067811865477,0.7071067811865474,0
1,0,1,1,1,3,0.89,11.04,26.5,0.0723,1,23.6,120.18,1,0,1,0.25881904510252074,0.9659258262890683,1
11,4,0,0,1,0,0.61,59.35,73.26,0.6333,13,7.53,1.91,0,0,1,0.258819045102521,-0.9659258262890682,0
4,1,0,1,0,5,0.94,4.41,68.89,0.2862,5,17.94,527.12,0,1,0,0.8660254037844386,0.5000000000000001,1
20,6,0,0,0,1,4.67,104.02,77.94,0.6196,18,8.21,18.79,0,0,2,-0.8660254037844386,0.5000000000000001,0
15,3,1,0,1,0,2.76,91.11,67.65,0.5272,13,6.67,34.05,1,0,2,-0.7071067811865471,-0.7071067811865479,0
9,0,0,0,0,0,3.72,43.32,57.66,0.3537,18,9.1,6.16,0,0,0,0.7071067811865476,-0.7071067811865475,0
13,2,0,0,1,0,0.66,6.21,44.96,0.5951,17,7.56,24.61,0,0,0,-0.2588190451025208,-0.9659258262890683,0
19,3,0,0,0,0,2.69,80.78,35.93,0.5569,25,2.23,36.5,0,0,1,-0.9659258262890684,0.2588190451025203,0
8,6,0,0,0,0,4.57,35.48,51.74,0.4619,26,9.74,39.36,0,0,1,0.8660254037844387,-0.4999999999999998,0
13,5,0,0,0,0,4.92,50.98,50.93,0.5777,26,6.56,29.85,0,0,0,-0.2588190451025208,-0.9659258262890683,0
9,1,0,0,0,1,3.15,36.67,75.5,0.3753,4,6.98,12.57,0,0,0,0.7071067811865476,-0.7071067811865475,0
17,4,0,0,0,0,2.46,16.91,68.81,0.5322,29,3.63,30.51,0,0,0,-0.9659258262890683,-0.25881904510252063,0
22,4,1,1,1,2,0.29,9.47,115.72,0.1469,5,22.11,193.67,0,1,1,-0.5000000000000004,0.8660254037844384,1
11,2,0,0,0,0,4.64,6.9,79.06,0.533,6,8.21,42.5,0,0,1,0.258819045102521,-0.9659258262890682,0
13,5,0,0,0,0,2.67,87.73,77.23,0.5997,16,6.31,46.38,0,0,2,-0.2588190451025208,-0.9659258262890683,0
17,2,0,0,0,0,3.2,57.3,46.74,0.6735,6,1.66,0.57,0,0,0,-0.9659258262890683,-0.25881904510252063,0
6,0,0,0,1,0,2.65,90.74,50.25,0.6769,12,8.07,7.78,0,0,0,1.0,6.123233995736766e-17,0
17,5,0,0,0,0,4.13,83.4,68.43,0.5028,2,6.06,6.52,0,0,0,-0.9659258262890683,-0.25881904510252063,0
4,0,1,0,1,4,0.3,6.47,101.92,0.0901,1,27.18,177.26,1,1,0,0.8660254037844386,0.5000000000000001,1
2,3,0,0,0,0,4.12,19.33,71.0,0.3142,24,9.84,24.4,1,0,1,0.49999999999999994,0.8660254037844387,0
7,3,0,0,0,0,1.11,115.95,37.69,0.5642,18,9.39,45.03,0,0,2,0.9659258262890683,-0.25881904510252063,0
4,2,1,1,1,3,0.84,10.46,32.26,0.2594,1,26.97,545.55,1,1,2,0.8660254037844386,0.5000000000000001,1
4,1,0,0,0,0,0.82,60.63,51.45,0.3428,25,9.1,33.38,0,0,0,0.8660254037844386,0.5000000000000001,0
14,3,0,0,0,1,0.57,50.28,47.94,0.6689,8,8.65,37.76,0,0,0,-0.4999999999999997,-0.8660254037844388,0
18,1,0,0,0,1,2.29,29.44,31.7,0.4467,8,9.89,8.33,0,0,1,-1.0,-1.8369701987210297e-16,0
6,0,0,0,0,0,2.33,83.72,39.27,0.3895,4,9.57,37.86,0,0,0,1.0,6.123233995736766e-17,0
13,1,0,0,0,0,2.59,114.19,55.66,0.3976,27,3.61,26.37,0,0,0,-0.2588190451025208,-0.9659258262890683,0
15,2,0,0,0,0,3.96,51.63,42.81,0.4769,17,2.62,7.52,0,0,2,-0.7071067811865471,-0.7071067811865479,0
15,0,0,0,0,0,3.24,29.07,49.2,0.5954,7,8.96,35.37,0,0,2,-0.7071067811865471,-0.7071067811865479,0
10,0,0,0,0,0,4.67,21.31,74.89,0.3599,15,1.61,47.05,0,0,0,0.49999999999999994,-0.8660254037844387,0
7,5,0,0,0,0,1.89,89.89,34.17,0.6136,22,8.44,17.35,0,0,1,0.9659258262890683,-0.25881904510252063,0
12,5,0,0,0,0,4.67,107.17,67.48,0.3163,9,5.1,12.35,1,0,0,1.2246467991473532e-16,-1.0,0
11,4,0,0,0,0,0.95,10.69,59.76,0.563,8,8.51,8.32,0,0,1,0.258819045102521,-0.9659258262890682,0
12,2,0,0,0,0,3.2,91.08,36.67,0.491,21,8.28,31.16,0,0,1,1.2246467991473532e-16,-1.0,0
8,4,0,0,0,0,3.44,75.93,71.93,0.5799,12,6.51,13.6,0,0,0,0.8660254037844387,-0.4999999999999998,0
3,2,1,1,1,2,0.02,7.73,53.13,0.025,2,44.82,438.03,1,1,1,0.7071067811865476,0.7071067811865476,1
16,4,0,0,0,0,4.12,37.85,49.05,0.5446,21,6.17,44.84,0,0,0,-0.8660254037844385,-0.5000000000000004,0
10,6,0,0,1,0,1.75,57.7,34.28,0.3845,14,7.64,15.62,0,0,1,0.49999999999999994,-0.8660254037844387,0
11,6,0,0,1,1,2.59,82.73,59.23,0.4067,28,8.4,27.54,0,0,0,0.258819045102521,-0.9659258262890682,0
12,1,1,0,0,0,4.13,19.36,39.62,0.6619,30,4.68,28.69,0,0,0,1.2246467991473532e-16,-1.0,0
16,3,0,0,0,0,0.97,73.21,62.72,0.3602,5,5.31,12.36,0,0,0,-0.8660254037844385,-0.5000000000000004,0
9,6,0,0,0,1,3.52,26.56,67.43,0.55,16,7.01,34.93,0,0,0,0.7071067811865476,-0.7071067811865475,0
19,1,0,0,0,0,1.79,100.58,57.17,0.4293,28,6.53,12.12,0,0,0,-0.9659258262890684,0.2588190451025203,0
12,6,0,0,0,0,1.23,36.08,65.53,0.6675,4,7.58,36.49,0,0,0,1.2246467991473532e-16,-1.0,0
7,0,0,0,0,2,1.73,62.02,61.38,0.6237,11,2.93,22.35,0,0,0,0.9659258262890683,-0.25881904510252063,0
7,4,0,0,0,0,1.95,18.29,51.4,0.35,27,1.11,19.41,0,0,1,0.9659258262890683,-0.25881904510252063,0
15,3,0,0,0,0,2.45,8.98,50.5,0.315,12,8.09,25.6,0,0,0,-0.7071067811865471,-0.7071067811865479,0
16,5,0,0,0,0,3.27,26.17,60.76,0.4337,29,8.29,26.56,0,0,1,-0.8660254037844385,-0.5000000000000004,0
11,3,0,0,0,0,2.7,74.77,51.16,0.3243,8,5.03,23.15,0,0,1,0.258819045102521,-0.9659258262890682,0
3,3,1,1,1,2,0.3,8.07,82.71,0.2162,4,40.96,524.21,0,1,1,0.7071067811865476,0.7071067811865476,1
8,1,0,0,0,1,1.44,62.64,65.19,0.6345,23,8.01,29.06,0,0,0,0.8660254037844387,-0.4999999999999998,0
14,0,0,1,0,0,3.55,70.37,70.54,0.3474,16,9.5,36.05,0,0,0,-0.4999999999999997,-0.8660254037844388,0
15,4,0,0,0,0,2.31,113.63,62.19,0.593,16,3.02,6.54,0,0,1,-0.7071067811865471,-0.7071067811865479,0
17,4,0,0,0,1,3.65,39.73,32.31,0.5733,18,4.74,9.42,0,0,0,-0.9659258262890683,-0.25881904510252063,0
18,6,0,0,0,0,1.35,29.39,70.43,0.4343,22,3.39,13.2,0,0,1,-1.0,-1.8369701987210297e-16,0
19,4,1,1,0,3,0.98,10.87,117.57,0.2842,2,43.24,396.53,1,0,1,-0.9659258262890684,0.2588190451025203,1
9,0,0,0,0,0,3.79,54.62,70.63,0.5897,16,5.83,36.24,0,0,0,0.7071067811865476,-0.7071067811865475,0
17,6,1,0,0,0,3.01,62.68,42.93,0.5655,6,3.43,11.62,0,0,1,-0.9659258262890683,-0.25881904510252063,0
10,4,0,0,0,0,1.11,96.34,43.97,0.3216,27,7.5,2.59,0,0,1,0.49999999999999994,-0.8660254037844387,0
15,5,1,1,1,3,0.14,3.43,121.48,0.1687,5,12.68,106.17,1,1,1,-0.7071067811865471,-0.7071067811865479,1
12,3,0,0,0,0,3.84,15.55,55.76,0.5525,16,4.14,3.61,0,0,2,1.2246467991473532e-16,-1.0,0
16,0,0,0,0,0,2.27,106.24,54.02,0.3443,29,5.41,5.38,1,0,0,-0.8660254037844385,-0.5000000000000004,0
6,4,0,0,0,0,4.44,32.81,32.26,0.5736,29,1.99,8.15,0,0,0,1.0,6.123233995736766e-17,0
5,5,0,0,1,1,1.83,29.7,44.05,0.4087,17,8.39,9.81,0,0,0,0.9659258262890683,0.25881904510252074,0
9,4,0,0,0,0,2.34,7.43,34.93,0.5977,2,6.2,14.88,0,0,0,0.7071067811865476,-0.7071067811865475,0
19,5,0,0,0,0,3.2,10.34,33.23,0.5225,20,4.25,15.19,0,0,1,-0.9659258262890684,0.2588190451025203,0
18,3,0,0,0,0,4.83,108.64,50.09,0.3665,17,3.97,37.73,0,0,1,-1.0,-1.8369701987210297e-16,0
3,0,1,0,0,5,0.86,1.82,21.72,0.0119,4,14.24,228.74,1,0,1,0.7071067811865476,0.7071067811865476,1
20,0,0,0,0,0,1.34,93.99,50.99,0.3022,16,5.63,45.91,0,0,0,-0.8660254037844386,0.5000000000000001,0
6,6,1,1,1,5,0.92,2.72,101.24,0.2076,5,20.69,607.38,1,1,0,1.0,6.123233995736766e-17,1
13,5,0,0,0,0,4.08,62.45,37.19,0.4257,5,2.64,5.61,0,0,0,-0.2588190451025208,-0.9659258262890683,0
23,6,0,1,0,0,3.66,58.58,70.83,0.6702,2,3.93,40.07,0,0,0,-0.25881904510252157,0.9659258262890681,0
12,5,0,0,0,1,1.41,57.73,70.7,0.6258,18,4.8,26.95,0,0,2,1.2246467991473532e-16,-1.0,0
13,1,0,0,0,0,4.33,19.51,58.21,0.3611,20,8.74,17.84,0,0,1,-0.2588190451025208,-0.9659258262890683,0
22,0,0,0,0,0,4.03,63.42,67.56,0.5836,6,1.44,32.88,0,0,0,-0.5000000000000004,0.8660254037844384,0
15,4,0,0,0,0,2.68,111.12,70.65,0.3346,24,7.75,5.03,0,0,1,-0.7071067811865471,-0.7071067811865479,0
20,4,0,0,0,0,1.05,74.7,46.74,0.6261,23,1.51,6.75,0,0,1,-0.8660254037844386,0.5000000000000001,0
18,2,0,0,0,0,4.03,86.98,66.09,0.5579,23,4.69,28.74,0,0,1,-1.0,-1.8369701987210297e-16,0
17,6,1,0,0,0,4.14,51.59,79.46,0.4269,11,4.7,10.73,0,0,1,-0.9659258262890683,-0.25881904510252063,0
10,3,0,0,0,0,3.65,77.52,76.93,0.5819,21,9.14,15.22,0,0,2,0.49999999999999994,-0.8660254037844387,0
22,4,1,1,1,1,0.6,4.74,45.05,0.1514,1,15.41,380.51,1,1,0,-0.5000000000000004,0.8660254037844384,1
5,6,0,1,0,2,0.77,9.77,53.13,0.2816,1,42.56,603.19,0,1,0,0.9659258262890683,0.25881904510252074,1
9,4,0,0,0,0,3.6,5.37,30.95,0.4008,14,5.54,30.14,0,0,0,0.7071067811865476,-0.7071067811865475,0
17,6,0,0,0,0,4.08,40.23,52.13,0.3371,8,7.1,37.39,1,0,0,-0.9659258262890683,-0.25881904510252063,0
19,4,0,0,0,0,4.43,12.88,71.46,0.6211,6,2.86,13.49,0,0,0,-0.9659258262890684,0.2588190451025203,0
5,6,0,0,0,0,1.36,107.17,36.24,0.6042,3,7.11,29.02,0,0,1,0.9659258262890683,0.25881904510252074,0
18,6,0,0,0,0,2.2,50.51,76.14,0.5595,8,3.39,1.77,0,0,1,-1.0,-1.8369701987210297e-16,0
12,2,0,0,0,0,3.52,64.24,71.98,0.4739,27,4.68,8.47,1,0,0,1.2246467991473532e-16,-1.0,0
13,0,0,0,1,0,3.44,15.49,70.36,0.3594,15,2.8,44.3,1,0,0,-0.2588190451025208,-0.9659258262890683,0
11,4,0,0,0,0,0.91,52.95,31.45,0.5079,26,7.16,2.57,1,0,0,0.258819045102521,-0.9659258262890682,0
14,1,1,1,1,3,0.71,12.58,134.31,0.1855,3,16.59,674.85,1,1,1,-0.4999999999999997,-0.8660254037844388,1
9,4,0,0,0,1,3.96,31.57,40.46,0.6466,25,3.39,0.89,0,0,2,0.7071067811865476,-0.7071067811865475,0
9,5,0,0,0,1,2.14,12.34,54.33,0.4598,27,8.79,16.75,0,0,1,0.7071067811865476,-0.7071067811865475,0
7,6,0,0,1,0,2.76,42.55,41.14,0.3383,4,4.46,18.97,0,0,0,0.9659258262890683,-0.25881904510252063,0
21,5,0,0,0,0,3.02,39.16,75.35,0.3634,22,7.42,21.39,0,0,0,-0.7071067811865477,0.7071067811865474,0
13,3,0,0,1,0,2.59,108.07,56.19,0.6356,22,3.96,11.24,0,0,1,-0.2588190451025208,-0.9659258262890683,0
19,3,0,0,0,0,0.8,16.85,74.95,0.3852,8,4.0,9.19,0,0,0,-0.9659258262890684,0.2588190451025203,0
13,6,0,0,0,0,3.45,76.32,50.53,0.3661,18,1.96,13.15,0,0,1,-0.2588190451025208,-0.9659258262890683,0
19,5,1,1,1,2,0.24,7.47,17.76,0.0002,3,38.17,192.08,0,1,1,-0.9659258262890684,0.2588190451025203,1
1,1,1,1,1,2,0.41,10.15,32.21,0.1452,1,45.23,476.39,0,1,2,0.25881904510252074,0.9659258262890683,1
7,1,0,0,0,0,3.32,86.06,32.61,0.5049,19,7.38,31.41,0,0,0,0.9659258262890683,-0.25881904510252063,0
9,4,0,0,0,0,3.22,17.43,42.94,0.6182,13,6.85,34.83,0,0,2,0.7071067811865476,-0.7071067811865475,0
9,3,0,0,0,0,4.28,77.13,44.07,0.3515,19,9.59,41.25,0,0,0,0.7071067811865476,-0.7071067811865475,0
16,2,0,0,1,0,0.72,40.77,51.62,0.6912,24,5.05,17.35,1,0,1,-0.8660254037844385,-0.5000000000000004,0
11,1,1,0,1,1,0.24,12.25,36.46,0.2833,3,26.93,587.26,1,1,1,0.258819045102521,-0.9659258262890682,1
14,5,0,0,0,1,2.35,98.19,65.87,0.3384,11,8.6,15.25,0,0,1,-0.4999999999999997,-0.8660254037844388,0
1,6,1,1,1,4,0.72,10.43,47.43,0.2947,5,42.42,204.79,1,0,1,0.25881904510252074,0.9659258262890683,1
10,1,0,0,0,0,2.99,99.72,63.57,0.3508,13,9.4,33.45,0,0,0,0.49999999999999994,-0.8660254037844387,0
6,5,0,0,1,0,0.76,15.68,33.54,0.6252,28,4.87,28.04,0,0,0,1.0,6.123233995736766e-17,0
17,3,0,0,0,0,1.97,31.01,70.08,0.5889,24,6.0,13.78,0,0,1,-0.9659258262890683,-0.25881904510252063,0
14,5,0,0,0,0,3.42,19.37,36.01,0.4169,25,2.4,46.62,0,0,1,-0.4999999999999997,-0.8660254037844388,0
11,4,0,0,0,0,0.69,64.9,59.41,0.5952,19,7.52,9.95,1,0,0,0.258819045102521,-0.9659258262890682,0
9,3,0,0,0,0,3.62,44.61,79.2,0.6644,17,7.31,44.44,0,0,0,0.7071067811865476,-0.7071067811865475,0
5,4,1,1,1,4,0.86,10.6,55.33,0.2145,4,48.61,596.02,0,0,1,0.9659258262890683,0.25881904510252074,1
14,2,0,0,0,0,1.52,47.51,49.12,0.6927,13,9.54,10.67,1,0,0,-0.4999999999999997,-0.8660254037844388,0
15,1,0,0,1,0,1.18,73.3,36.47,0.5049,11,4.92,7.8,0,0,2,-0.7071067811865471,-0.7071067811865479,0
9,4,0,0,0,0,3.67,99.05,30.54,0.4597,3,8.65,32.42,1,0,0,0.7071067811865476,-0.7071067811865475,0
16,6,0,0,0,0,1.87,91.14,35.67,0.6406,27,1.62,20.66,0,0,0,-0.8660254037844385,-0.5000000000000004,0
3,0,1,1,1,2,0.66,5.27,22.41,0.0505,5,22.33,115.76,1,1,0,0.7071067811865476,0.7071067811865476,1
18,2,0,0,0,0,3.61,83.07,68.19,0.4341,7,6.85,40.58,0,0,0,-1.0,-1.8369701987210297e-16,0
5,0,0,1,1,0,0.11,2.69,84.9,0.0029,3,38.12,704.11,1,0,1,0.9659258262890683,0.25881904510252074,1
15,0,1,1,1,2,0.48,11.66,144.42,0.1477,1,44.08,434.26,1,1,1,-0.7071067811865471,-0.7071067811865479,1
10,6,0,0,0,0,3.14,40.29,63.12,0.6911,28,2.78,43.8,0,0,1,0.49999999999999994,-0.8660254037844387,0
10,5,0,0,1,1,3.4,109.93,64.41,0.5853,27,8.27,16.06,0,0,1,0.49999999999999994,-0.8660254037844387,0
8,4,0,0,0,0,2.97,95.69,52.42,0.6425,21,9.44,43.48,0,0,0,0.8660254037844387,-0.4999999999999998,0
21,0,1,1,0,1,0.95,11.58,103.95,0.0258,1,10.99,650.44,0,1,1,-0.7071067811865477,0.7071067811865474,1
10,4,0,0,0,1,4.58,75.79,41.68,0.3597,20,2.49,19.77,0,0,1,0.49999999999999994,-0.8660254037844387,0
9,3,0,0,0,0,2.14,48.17,51.12,0.4319,2,4.85,1.21,0,0,0,0.7071067811865476,-0.7071067811865475,0
15,4,0,0,0,0,1.28,48.23,58.21,0.5258,21,4.84,47.51,0,0,1,-0.7071067811865471,-0.7071067811865479,0
17,2,0,0,0,0,1.75,81.88,55.25,0.3579,3,8.55,10.62,0,0,2,-0.9659258262890683,-0.25881904510252063,0
12,1,1,1,1,2,0.25,13.13,18.91,0.2868,5,26.34,544.84,1,1,0,1.2246467991473532e-16,-1.0,1
4,0,1,0,0,0,0.1,9.73,149.02,0.0702,1,19.89,179.8,0,1,1,0.8660254037844386,0.5000000000000001,1
12,4,0,1,1,4,0.04,4.49,48.81,0.1767,3,40.98,530.19,1,1,2,1.2246467991473532e-16,-1.0,1
16,1,0,0,0,0,3.34,14.64,58.15,0.3005,10,8.88,30.47,0,0,2,-0.8660254037844385,-0.5000000000000004,0
12,6,0,0,0,2,4.53,107.59,54.86,0.5038,20,8.85,37.37,0,0,0,1.2246467991473532e-16,-1.0,0
7,0,0,0,0,0,1.36,118.73,56.96,0.3249,8,2.86,14.64,0,0,1,0.9659258262890683,-0.25881904510252063,0
19,3,0,0,0,0,3.08,57.88,38.74,0.3804,17,2.98,21.7,0,0,1,-0.9659258262890684,0.2588190451025203,0
10,2,1,1,1,1,0.81,12.92,144.89,0.0632,4,39.91,373.89,0,1,2,0.49999999999999994,-0.8660254037844387,1
0,0,0,0,0,0,4.65,61.08,69.8,0.3834,18,6.85,17.4,1,0,1,0.0,1.0,0
17,3,0,0,1,0,4.21,41.3,78.37,0.5958,21,6.93,42.31,0,0,0,-0.9659258262890683,-0.25881904510252063,0
14,3,0,0,0,0,4.07,39.23,77.44,0.6216,4,3.82,35.3,0,0,0,-0.4999999999999997,-0.8660254037844388,0
1,6,0,0,0,0,1.75,25.13,77.98,0.4814,22,8.39,28.13,0,0,0,0.25881904510252074,0.9659258262890683,0
21,3,0,0,0,0,1.74,29.96,69.72,0.4496,2,4.58,8.26,0,0,0,-0.7071067811865477,0.7071067811865474,0
9,2,0,0,0,0,1.29,7.59,75.12,0.3702,10,6.95,40.27,0,0,2,0.7071067811865476,-0.7071067811865475,0
12,1,0,0,1,0,3.78,14.54,40.8,0.3345,5,1.44,14.65,0,0,1,1.2246467991473532e-16,-1.0,0
21,5,0,0,0,1,3.53,113.69,77.84,0.6059,2,6.26,42.82,0,0,0,-0.7071067811865477,0.7071067811865474,0
4,0,0,0,0,1,2.27,116.64,38.3,0.416,25,5.44,17.33,0,0,0,0.8660254037844386,0.5000000000000001,0
11,3,0,0,0,0,1.88,53.12,59.17,0.4919,6,6.16,45.9,0,0,1,0.258819045102521,-0.9659258262890682,0
16,6,0,0,0,1,4.26,65.42,43.56,0.353,17,2.49,24.72,1,0,1,-0.8660254037844385,-0.5000000000000004,0
2,0,0,0,0,0,3.84,102.49,77.73,0.4174,27,3.6,16.49,0,0,0,0.49999999999999994,0.8660254037844387,0
5,6,0,1,1,5,0.16,10.14,92.32,0.1056,2,35.83,494.91,1,1,1,0.9659258262890683,0.25881904510252074,1
13,5,0,0,1,0,0.51,97.51,47.02,0.3234,26,9.03,4.36,0,0,1,-0.2588190451025208,-0.9659258262890683,0
10,4,0,0,0,0,4.48,59.42,78.3,0.3369,7,6.61,30.03,0,0,0,0.49999999999999994,-0.8660254037844387,0
23,3,0,0,0,0,4.78,60.76,41.05,0.3741,8,6.85,40.78,0,0,0,-0.25881904510252157,0.9659258262890681,0
17,4,0,0,0,0,2.21,53.42,36.27,0.4138,29,1.0,24.75,0,0,2,-0.9659258262890683,-0.25881904510252063,0
6,1,0,0,0,0,3.85,12.75,47.63,0.3398,4,9.19,5.83,1,0,0,1.0,6.123233995736766e-17,0
8,1,0,0,0,0,1.7,48.61,72.59,0.3818,27,6.05,27.33,0,0,0,0.8660254037844387,-0.4999999999999998,0
22,4,1,1,1,2,0.98,2.11,90.94,0.254,5,12.18,264.85,1,1,1,-0.5000000000000004,0.8660254037844384,1
12,5,0,0,0,0,3.75,18.35,32.28,0.5677,18,2.58,15.87,1,0,1,1.2246467991473532e-16,-1.0,0
11,4,0,0,0,0,0.91,33.44,58.37,0.485,7,2.78,24.93,0,0,0,0.258819045102521,-0.9659258262890682,0
9,1,0,0,0,0,3.77,32.48,44.64,0.4265,25,5.02,12.93,0,0,0,0.7071067811865476,-0.7071067811865475,0
1,4,1,0,0,0,1.86,17.66,75.02,0.3976,29,4.06,19.8,0,0,1,0.25881904510252074,0.9659258262890683,0
15,5,0,0,0,0,4.05,46.47,74.05,0.4148,18,9.74,18.26,1,0,1,-0.7071067811865471,-0.7071067811865479,0
20,0,0,0,0,0,4.71,23.96,35.63,0.3174,18,7.57,37.96,0,0,1,-0.8660254037844386,0.5000000000000001,0
8,6,0,1,0,1,0.68,5.55,39.8,0.4053,11,4.93,30.17,0,0,0,0.8660254037844387,-0.4999999999999998,0
2,5,1,1,1,2,0.03,14.57,49.36,0.2637,4,37.44,140.05,1,1,0,0.49999999999999994,0.8660254037844387,1
16,0,0,1,0,0,1.61,41.56,56.73,0.5813,16,3.55,35.35,0,0,1,-0.8660254037844385,-0.5000000000000004,0
9,4,0,0,0,0,0.99,30.76,78.84,0.6455,8,3.06,37.41,1,0,0,0.7071067811865476,-0.7071067811865475,0
22,2,0,1,0,1,2.97,12.45,42.13,0.445,29,4.6,30.86,0,0,0,-0.5000000000000004,0.8660254037844384,0
10,0,0,0,0,0,3.25,107.88,79.62,0.3721,16,8.06,33.68,0,0,0,0.49999999999999994,-0.8660254037844387,0
9,2,0,0,0,0,1.3,104.54,69.95,0.6072,28,3.91,45.81,0,0,0,0.7071067811865476,-0.7071067811865475,0
7,2,1,1,0,0,3.52,91.01,55.99,0.62,8,4.19,40.23,0,0,1,0.9659258262890683,-0.25881904510252063,0
16,0,1,0,0,1,2.45,41.36,46.31,0.397,5,4.89,21.56,0,0,0,-0.8660254037844385,-0.5000000000000004,0
21,1,0,0,0,2,3.15,63.83,62.67,0.6088,30,6.39,23.69,0,0,2,-0.7071067811865477,0.7071067811865474,0
16,4,0,0,0,0,1.67,59.71,56.89,0.5137,23,2.89,10.44,0,0,0,-0.8660254037844385,-0.5000000000000004,0
17,6,0,0,1,0,3.67,48.43,44.6,0.4724,24,7.59,19.48,0,0,0,-0.9659258262890683,-0.25881904510252063,0
21,4,0,0,0,0,1.1,17.7,51.94,0.6354,16,3.52,16.38,0,0,0,-0.7071067811865477,0.7071067811865474,0
23,2,0,0,0,0,2.19,88.29,54.69,0.592,15,5.02,39.01,0,0,2,-0.25881904510252157,0.9659258262890681,0
6,1,1,1,1,1,0.59,12.02,112.02,0.1887,4,15.27,375.62,1,1,0,1.0,6.123233995736766e-17,1
16,5,0,1,0,0,3.6,112.52,60.43,0.4086,2,5.83,39.44,0,0,0,-0.8660254037844385,-0.5000000000000004,0
12,6,0,0,0,0,4.75,62.03,56.86,0.4892,8,2.13,38.68,0,0,1,1.2246467991473532e-16,-1.0,0
10,6,0,1,0,0,3.39,73.04,52.8,0.6285,24,5.39,38.68,0,0,0,0.49999999999999994,-0.8660254037844387,0
16,0,0,0,0,0,3.19,96.19,48.89,0.3545,30,9.22,28.75,1,0,1,-0.8660254037844385,-0.5000000000000004,0
7,6,0,1,1,0,1.83,9.12,48.36,0.6351,7,6.75,5.73,0,0,0,0.9659258262890683,-0.25881904510252063,0
17,1,1,0,0,0,0.95,107.76,70.18,0.6798,19,4.57,40.7,0,0,1,-0.9659258262890683,-0.25881904510252063,0
18,2,0,0,0,0,4.24,99.68,61.54,0.596,8,5.32,34.06,0,0,1,-1.0,-1.8369701987210297e-16,0
14,6,0,0,0,0,1.97,116.05,65.83,0.5603,19,3.71,8.14,0,0,0,-0.4999999999999997,-0.8660254037844388,0
6,5,0,0,1,0,2.77,87.39,35.25,0.3749,29,8.25,26.33,0,0,1,1.0,6.123233995736766e-17,0
16,0,1,0,0,0,2.18,22.83,50.14,0.3481,15,4.66,27.17,0,0,0,-0.8660254037844385,-0.5000000000000004,0
16,1,0,0,0,0,0.87,51.0,73.82,0.4705,26,1.03,36.7,0,0,1,-0.8660254037844385,-0.5000000000000004,0
10,0,0,0,0,0,0.64,98.81,68.83,0.5277,22,2.94,37.04,0,0,0,0.49999999999999994,-0.8660254037844387,0
9,2,0,0,0,0,1.52,97.64,47.09,0.3543,22,2.2,46.71,0,0,0,0.7071067811865476,-0.7071067811865475,0
19,0,0,0,0,0,1.12,112.47,40.57,0.4938,5,5.47,13.36,0,0,0,-0.9659258262890684,0.2588190451025203,0
8,6,0,0,0,0,0.63,25.81,51.39,0.5062,15,4.08,30.51,0,0,0,0.8660254037844387,-0.4999999999999998,0
10,4,0,0,0,0,1.41,77.1,75.4,0.5325,22,6.58,38.38,0,0,0,0.49999999999999994,-0.8660254037844387,0
15,4,1,1,1,4,0.52,1.21,113.12,0.2107,5,41.0,354.5,0,1,0,-0.7071067811865471,-0.7071067811865479,1
20,2,0,1,0,0,0.78,85.17,60.87,0.5902,25,4.62,46.71,0,0,0,-0.8660254037844386,0.5000000000000001,0
20,1,0,0,0,0,4.67,41.57,76.22,0.5294,28,3.96,0.62,0,0,1,-0.8660254037844386,0.5000000000000001,0
18,0,0,0,1,0,1.45,82.27,37.37,0.4235,4,4.07,20.89,0,0,1,-1.0,-1.8369701987210297e-16,0
8,6,0,1,0,0,3.31,9.1,54.67,0.3856,3,2.77,47.97,0,0,0,0.8660254037844387,-0.4999999999999998,0
21,0,0,0,0,0,2.57,88.69,74.68,0.4162,17,8.15,1.7,0,0,2,-0.7071067811865477,0.7071067811865474,0
19,4,0,0,0,0,1.08,14.52,63.44,0.3768,5,5.05,13.86,0,0,1,-0.9659258262890684,0.2588190451025203,0
7,4,0,0,0,0,4.58,113.47,55.91,0.3428,7,2.13,5.83,0,0,1,0.9659258262890683,-0.25881904510252063,0
19,0,0,0,0,0,3.01,49.4,55.87,0.6601,12,6.25,39.07,0,0,1,-0.9659258262890684,0.2588190451025203,0
16,0,0,0,0,0,4.92,55.86,58.29,0.4547,26,2.73,29.52,0,0,0,-0.8660254037844385,-0.5000000000000004,0
12,3,1,1,0,3,0.01,5.83,107.14,0.1411,2,21.26,273.04,1,1,1,1.2246467991473532e-16,-1.0,1
17,0,0,0,0,0,2.27,47.36,79.63,0.3632,10,1.99,39.14,0,0,0,-0.9659258262890683,-0.25881904510252063,0
10,5,0,0,0,0,4.81,98.75,56.84,0.3903,2,1.34,2.59,0,0,1,0.49999999999999994,-0.8660254037844387,0
20,5,0,0,0,0,4.25,18.51,50.41,0.4112,9,8.98,7.4,0,0,1,-0.8660254037844386,0.5000000000000001,0
8,3,0,0,0,0,4.57,88.2,60.83,0.4795,19,4.26,15.6,0,0,0,0.8660254037844387,-0.4999999999999998,0
7,5,0,0,0,0,4.98,109.78,34.77,0.3644,4,7.13,26.23,0,0,1,0.9659258262890683,-0.25881904510252063,0
19,5,0,0,0,0,1.77,30.64,54.96,0.6222,28,7.82,25.88,0,0,1,-0.9659258262890684,0.2588190451025203,0
17,6,0,0,0,0,0.67,13.98,43.95,0.6678,28,9.9,9.82,0,0,1,-0.9659258262890683,-0.25881904510252063,0
10,3,0,0,0,0,2.06,30.22,56.57,0.4582,17,5.86,7.92,0,0,0,0.49999999999999994,-0.8660254037844387,0
19,0,0,0,0,0,1.54,8.53,60.95,0.3931,29,4.57,21.5,0,0,1,-0.9659258262890684,0.2588190451025203,0
19,6,0,0,0,0,2.78,82.69,46.07,0.5153,11,6.39,38.57,0,0,1,-0.9659258262890684,0.2588190451025203,0
9,1,0,1,0,0,4.7,99.9,63.34,0.6929,2,3.63,32.52,0,0,1,0.7071067811865476,-0.7071067811865475,0
6,0,0,0,0,2,4.98,86.62,36.07,0.505,4,6.72,21.84,0,0,1,1.0,6.123233995736766e-17,0
16,5,0,0,0,1,4.18,6.97,78.64,0.6536,21,6.06,10.9,0,0,0,-0.8660254037844385,-0.5000000000000004,0
0,4,1,1,1,3,0.91,6.51,113.57,0.0243,2,36.07,412.68,0,1,1,0.0,1.0,1
16,2,0,0,0,0,3.7,93.79,35.24,0.3108,3,2.98,43.42,0,0,2,-0.8660254037844385,-0.5000000000000004,0
18,2,0,1,1,4,0.73,10.17,96.28,0.2206,4,42.08,137.3,1,1,1,-1.0,-1.8369701987210297e-16,1
16,1,0,0,0,0,4.46,68.32,79.25,0.5946,3,2.33,36.61,0,0,0,-0.8660254037844385,-0.5000000000000004,0
17,4,0,0,0,0,4.05,10.92,66.11,0.5851,13,6.12,7.64,1,0,0,-0.9659258262890683,-0.25881904510252063,0
7,0,0,0,1,0,4.07,99.23,65.56,0.6314,11,5.37,3.91,1,0,0,0.9659258262890683,-0.25881904510252063,0
4,3,1,1,1,5,0.48,8.56,73.29,0.0358,3,49.59,286.44,1,1,1,0.8660254037844386,0.5000000000000001,1
19,2,0,0,0,0,3.4,71.5,40.51,0.5997,16,3.89,31.21,0,0,1,-0.9659258262890684,0.2588190451025203,0
11,5,0,0,0,0,2.81,36.61,64.99,0.6912,29,9.66,42.43,0,0,1,0.258819045102521,-0.9659258262890682,0
6,6,0,0,0,0,4.28,23.32,64.62,0.3083,3,2.0,17.25,0,0,0,1.0,6.123233995736766e-17,0
3,6,1,1,0,1,0.57,3.5,101.0,0.2041,1,17.64,120.6,0,1,2,0.7071067811865476,0.7071067811865476,1
15,6,0,0,1,0,3.93,14.7,44.93,0.3698,15,3.07,39.52,0,0,0,-0.7071067811865471,-0.7071067811865479,0
20,1,0,0,0,0,3.42,21.29,36.91,0.5324,13,8.24,42.6,0,0,1,-0.8660254037844386,0.5000000000000001,0
19,0,0,0,0,2,0.58,61.65,60.12,0.5376,25,1.7,39.0,0,0,1,-0.9659258262890684,0.2588190451025203,0
18,4,1,1,1,2,0.7,7.54,111.16,0.1238,2,25.12,487.91,1,0,1,-1.0,-1.8369701987210297e-16,1
16,1,0,0,0,0,1.41,95.9,63.1,0.4189,6,2.19,14.49,0,0,1,-0.8660254037844385,-0.5000000000000004,0
10,2,0,0,0,0,2.59,6.31,39.34,0.3297,30,3.05,4.73,0,0,1,0.49999999999999994,-0.8660254037844387,0
7,1,0,1,0,0,3.52,59.76,58.63,0.5804,15,9.89,20.91,0,0,0,0.9659258262890683,-0.25881904510252063,0
16,4,0,0,1,0,0.6,113.4,47.86,0.4583,10,9.58,3.28,0,0,0,-0.8660254037844385,-0.5000000000000004,0
21,6,0,0,0,0,3.35,111.29,63.92,0.3876,14,7.53,19.42,0,0,0,-0.7071067811865477,0.7071067811865474,0
15,0,0,0,0,0,4.77,36.25,48.3,0.3769,14,6.31,14.79,0,0,2,-0.7071067811865471,-0.7071067811865479,0
15,1,0,1,0,0,3.79,14.81,32.55,0.6926,5,3.08,45.96,0,0,2,-0.7071067811865471,-0.7071067811865479,0
16,4,0,0,0,0,4.45,90.56,79.48,0.6755,14,4.26,47.75,0,0,0,-0.8660254037844385,-0.5000000000000004,0
5,3,1,1,1,4,0.14,4.74,64.73,0.1254,2,11.22,683.31,0,1,1,0.9659258262890683,0.25881904510252074,1
6,6,0,0,0,0,1.9,89.34,65.05,0.5016,18,3.17,29.36,0,0,1,1.0,6.123233995736766e-17,0
0,1,1,0,1,1,0.88,11.52,76.91,0.1046,4,29.95,311.02,0,1,2,0.0,1.0,1
22,3,0,0,0,0,1.45,99.57,47.06,0.4144,15,5.73,9.87,0,0,0,-0.5000000000000004,0.8660254037844384,0
18,0,1,1,1,4,0.57,4.09,33.11,0.0827,4,38.3,635.07,1,1,1,-1.0,-1.8369701987210297e-16,1
3,2,0,0,0,0,3.26,80.33,65.4,0.3195,25,4.83,36.93,0,0,1,0.7071067811865476,0.7071067811865476,0
17,4,0,1,0,1,4.57,28.49,52.04,0.4783,20,8.69,32.83,0,0,1,-0.9659258262890683,-0.25881904510252063,0
17,0,0,0,0,0,3.52,58.85,61.29,0.3466,30,2.32,4.96,0,0,0,-0.9659258262890683,-0.25881904510252063,0
19,5,0,0,0,0,0.93,116.23,42.72,0.5419,10,9.05,29.08,0,0,1,-0.9659258262890684,0.2588190451025203,0
4,2,0,1,0,3,0.18,4.49,138.28,0.0229,4,29.32,627.42,0,1,1,0.8660254037844386,0.5000000000000001,1
10,6,0,0,0,0,2.58,58.72,66.4,0.4349,17,2.42,29.11,0,0,1,0.49999999999999994,-0.8660254037844387,0
9,5,1,0,0,0,1.4,113.42,33.0,0.4852,6,3.93,2.31,0,0,0,0.7071067811865476,-0.7071067811865475,0
9,5,0,0,0,0,4.43,34.96,70.82,0.3173,28,7.48,9.64,0,0,0,0.7071067811865476,-0.7071067811865475,0
12,5,0,0,0,0,4.86,45.73,74.57,0.476,19,9.26,39.36,0,0,2,1.2246467991473532e-16,-1.0,0
13,1,0,0,0,0,3.51,9.59,66.86,0.5792,6,3.54,36.13,0,0,0,-0.2588190451025208,-0.9659258262890683,0
13,2,0,0,0,1,4.7,25.44,75.99,0.5103,6,7.93,36.02,0,0,1,-0.2588190451025208,-0.9659258262890683,0
17,4,0,0,0,0,1.71,28.69,30.98,0.3321,14,5.28,10.17,0,0,0,-0.9659258262890683,-0.25881904510252063,0
8,1,0,0,0,0,3.55,30.52,70.69,0.4484,15,3.38,15.45,0,0,0,0.8660254037844387,-0.4999999999999998,0
4,2,1,0,1,4,0.09,0.84,40.28,0.264,1,37.15,593.57,1,1,1,0.8660254037844386,0.5000000000000001,1
5,2,0,0,0,0,1.39,57.9,40.25,0.4179,5,5.87,2.04,0,0,0,0.9659258262890683,0.25881904510252074,0
7,0,0,0,1,1,3.97,102.45,51.92,0.5026,28,3.54,47.85,0,0,1,0.9659258262890683,-0.25881904510252063,0
9,1,0,0,0,0,0.89,99.3,71.07,0.668,5,6.6,9.05,1,0,0,0.7071067811865476,-0.7071067811865475,0
14,2,0,0,0,0,0.68,97.8,33.47,0.5607,5,9.36,20.47,1,0,0,-0.4999999999999997,-0.8660254037844388,0
22,3,0,0,0,0,4.02,113.26,79.28,0.4256,20,1.38,15.29,0,0,0,-0.5000000000000004,0.8660254037844384,0
9,6,1,1,1,0,0.26,8.19,126.71,0.0215,5,48.61,187.6,0,1,2,0.7071067811865476,-0.7071067811865475,1
7,5,0,0,1,0,3.16,58.18,73.39,0.6791,10,6.83,20.29,0,0,0,0.9659258262890683,-0.25881904510252063,0
16,2,0,0,0,0,0.58,46.19,71.2,0.5085,7,1.83,28.62,0,0,0,-0.8660254037844385,-0.5000000000000004,0
10,6,0,1,0,0,0.74,105.51,79.68,0.3468,17,6.2,45.74,0,0,0,0.49999999999999994,-0.8660254037844387,0
9,5,0,0,0,0,1.76,76.5,55.35,0.3165,24,8.06,4.83,0,0,0,0.7071067811865476,-0.7071067811865475,0
15,1,1,1,1,1,0.98,11.17,30.34,0.2167,4,49.29,621.68,0,1,2,-0.7071067811865471,-0.7071067811865479,1
19,4,0,0,0,0,0.55,76.71,45.09,0.6382,24,9.39,15.65,0,0,2,-0.9659258262890684,0.2588190451025203,0
19,1,0,1,0,0,2.7,58.84,56.94,0.4882,19,5.92,13.2,0,0,1,-0.9659258262890684,0.2588190451025203,0
23,2,0,1,1,3,0.4,14.65,129.55,0.2555,3,16.37,560.76,1,0,1,-0.25881904510252157,0.9659258262890681,1
2,0,1,1,1,4,0.45,9.35,21.6,0.2016,4,20.64,385.34,1,1,0,0.49999999999999994,0.8660254037844387,1
11,5,0,0,0,0,1.52,61.02,53.08,0.4695,9,9.49,30.62,1,0,2,0.258819045102521,-0.9659258262890682,0
4,1,1,1,0,3,0.75,10.76,75.88,0.1483,3,40.34,220.9,1,1,0,0.8660254037844386,0.5000000000000001,1
8,1,0,0,0,0,3.71,28.0,51.54,0.3639,9,8.8,19.08,0,0,0,0.8660254037844387,-0.4999999999999998,0
20,5,0,0,0,2,3.13,53.26,76.53,0.33,11,6.64,19.03,0,0,0,-0.8660254037844386,0.5000000000000001,0
8,1,0,0,0,0,1.34,29.13,46.58,0.4187,23,7.55,20.53,0,0,1,0.8660254037844387,-0.4999999999999998,0
23,6,1,1,1,1,0.39,8.63,25.55,0.0663,3,28.2,348.32,1,0,1,-0.25881904510252157,0.9659258262890681,1
22,0,0,0,0,0,3.16,90.82,73.39,0.5363,4,6.85,34.2,0,0,1,-0.5000000000000004,0.8660254037844384,0
2,5,1,1,0,4,0.64,12.58,144.1,0.1343,3,12.33,555.13,1,1,1,0.49999999999999994,0.8660254037844387,1
8,1,0,0,0,0,2.01,14.13,61.58,0.6783,26,8.46,35.78,0,0,1,0.8660254037844387,-0.4999999999999998,0
12,4,0,0,0,0,2.88,78.65,73.33,0.5013,14,2.96,41.15,1,0,0,1.2246467991473532e-16,-1.0,0
7,1,0,0,0,0,2.64,48.03,58.97,0.4682,9,7.53,8.87,0,0,1,0.9659258262890683,-0.25881904510252063,0
9,0,0,0,1,0,2.83,85.09,47.54,0.3758,8,3.46,26.07,0,0,0,0.7071067811865476,-0.7071067811865475,0
1,1,1,1,0,2,0.09,5.43,53.67,0.0309,5,45.75,305.33,0,1,1,0.25881904510252074,0.9659258262890683,1
14,2,0,1,0,0,4.27,114.8,63.91,0.5121,23,5.82,19.88,0,0,2,-0.4999999999999997,-0.8660254037844388,0
14,6,0,0,0,0,1.34,72.2,73.32,0.4952,5,4.51,16.57,0,0,0,-0.4999999999999997,-0.8660254037844388,0
19,1,1,1,1,2,0.72,8.16,119.98,0.2605,4,31.81,471.83,0,1,0,-0.9659258262890684,0.2588190451025203,1
9,6,0,0,0,0,1.38,99.87,66.11,0.4547,7,9.39,31.37,0,0,0,0.7071067811865476,-0.7071067811865475,0
23,5,0,0,0,0,3.18,77.25,63.48,0.3544,24,2.57,31.22,0,0,0,-0.25881904510252157,0.9659258262890681,0
8,6,0,0,0,0,0.82,101.2,62.9,0.3739,18,9.01,26.89,0,0,0,0.8660254037844387,-0.4999999999999998,0
6,3,0,0,0,1,1.01,30.61,72.47,0.6626,7,1.17,23.82,0,0,0,1.0,6.123233995736766e-17,0
11,3,0,0,0,0,3.16,84.41,64.84,0.5919,8,4.61,26.7,0,0,1,0.258819045102521,-0.9659258262890682,0
18,0,0,0,1,0,4.57,59.26,52.81,0.4685,4,8.38,19.49,0,0,0,-1.0,-1.8369701987210297e-16,0
2,2,1,1,1,3,0.53,11.29,130.28,0.2258,4,29.21,502.38,1,0,0,0.49999999999999994,0.8660254037844387,1
17,2,1,1,1,3,0.75,13.28,45.98,0.2096,5,40.51,490.46,0,1,0,-0.9659258262890683,-0.25881904510252063,1
1,2,0,0,0,0,3.52,107.67,62.35,0.5146,10,5.98,15.18,0,0,2,0.25881904510252074,0.9659258262890683,0
17,2,0,1,1,0,0.92,94.93,61.97,0.6759,19,9.64,46.26,0,0,0,-0.9659258262890683,-0.25881904510252063,0
8,3,0,0,1,0,1.8,57.49,54.03,0.4911,3,9.42,19.17,0,0,1,0.8660254037844387,-0.4999999999999998,0
13,1,0,1,0,0,1.66,42.7,51.97,0.5035,12,8.03,32.16,1,0,1,-0.2588190451025208,-0.9659258262890683,0
18,2,0,0,0,0,3.14,64.9,57.44,0.3494,8,4.4,36.03,0,0,0,-1.0,-1.8369701987210297e-16,0
9,3,0,0,0,0,1.94,35.67,69.27,0.3207,22,2.23,30.0,0,0,0,0.7071067811865476,-0.7071067811865475,0
13,4,0,0,1,0,3.27,90.45,50.12,0.6023,8,2.09,26.59,0,0,1,-0.2588190451025208,-0.9659258262890683,0
18,1,0,0,0,1,3.0,78.1,66.51,0.5412,21,5.76,29.46,0,0,1,-1.0,-1.8369701987210297e-16,0
22,6,0,0,0,1,2.78,83.57,67.33,0.6722,25,2.59,40.19,0,0,0,-0.5000000000000004,0.8660254037844384,0
17,1,0,0,0,0,2.65,6.93,31.6,0.5501,4,3.35,19.82,0,0,0,-0.9659258262890683,-0.25881904510252063,0
17,5,0,0,0,1,3.35,24.68,44.12,0.4607,10,9.1,36.93,0,0,2,-0.9659258262890683,-0.25881904510252063,0
1,2,1,1,1,1,0.37,12.77,87.56,0.0202,4,34.77,210.1,0,0,0,0.25881904510252074,0.9659258262890683,1
17,0,0,0,0,0,1.95,23.43,70.49,0.5139,11,3.55,13.56,0,0,0,-0.9659258262890683,-0.25881904510252063,0
16,2,0,0,0,0,0.7,55.14,45.63,0.3394,17,9.0,6.9,0,0,2,-0.8660254037844385,-0.5000000000000004,0
19,1,0,0,0,0,2.43,38.3,48.98,0.323,29,7.74,6.71,0,0,0,-0.9659258262890684,0.2588190451025203,0
20,5,1,1,1,2,0.86,9.59,64.86,0.1945,5,28.87,701.8,0,1,1,-0.8660254037844386,0.5000000000000001,1
15,1,0,0,0,1,2.28,104.97,37.46,0.6088,11,6.97,35.11,0,0,0,-0.7071067811865471,-0.7071067811865479,0
19,5,0,0,0,0,1.49,76.62,44.6,0.6925,25,7.65,1.71,0,0,0,-0.9659258262890684,0.2588190451025203,0
16,3,0,0,0,0,2.87,18.61,62.17,0.3479,25,8.72,43.26,0,0,0,-0.8660254037844385,-0.5000000000000004,0
9,2,0,0,0,0,3.1,107.03,44.67,0.5633,13,7.82,35.13,0,0,1,0.7071067811865476,-0.7071067811865475,0
14,1,0,0,0,2,2.24,15.82,32.9,0.6279,22,7.59,44.04,0,0,0,-0.4999999999999997,-0.8660254037844388,0
11,5,0,0,0,2,2.97,118.71,66.68,0.5536,5,2.16,2.04,0,0,1,0.258819045102521,-0.9659258262890682,0
6,6,0,0,0,2,1.01,60.39,42.91,0.6167,12,5.48,3.92,0,0,2,1.0,6.123233995736766e-17,0
21,6,0,0,0,0,3.19,84.46,36.64,0.3608,28,7.89,9.07,0,0,0,-0.7071067811865477,0.7071067811865474,0
10,5,0,0,0,0,1.93,22.37,70.3,0.5468,24,2.29,47.19,0,0,1,0.49999999999999994,-0.8660254037844387,0
15,0,0,0,0,0,4.2,99.32,69.34,0.3255,27,2.22,32.0,0,0,1,-0.7071067811865471,-0.7071067811865479,0
13,3,0,0,0,0,1.23,116.29,66.91,0.4125,19,5.89,5.23,0,0,0,-0.2588190451025208,-0.9659258262890683,0
14,4,0,0,1,1,1.53,65.41,55.7,0.55,8,3.39,41.82,0,0,0,-0.4999999999999997,-0.8660254037844388,0
7,2,0,0,0,0,4.71,33.65,37.47,0.4389,6,7.67,32.91,0,0,0,0.9659258262890683,-0.25881904510252063,0
22,5,0,0,0,0,3.17,106.11,55.08,0.4137,8,2.73,43.83,0,0,1,-0.5000000000000004,0.8660254037844384,0
9,1,0,0,0,0,2.22,93.78,56.14,0.5451,2,5.63,24.0,0,0,0,0.7071067811865476,-0.7071067811865475,0
13,4,0,0,0,0,2.01,58.72,60.03,0.3267,21,9.24,10.7,0,0,0,-0.2588190451025208,-0.9659258262890683,0
1,6,1,0,0,4,0.49,10.76,44.12,0.0816,4,10.68,297.29,1,1,1,0.25881904510252074,0.9659258262890683,1
13,5,0,0,0,0,1.83,101.5,60.37,0.5893,29,1.59,42.12,0,0,0,-0.2588190451025208,-0.9659258262890683,0
7,5,0,0,0,0,2.03,85.0,65.8,0.448,19,2.81,41.85,0,0,1,0.9659258262890683,-0.25881904510252063,0
15,1,0,0,0,2,2.42,36.29,41.72,0.3673,29,8.16,19.72,1,0,0,-0.7071067811865471,-0.7071067811865479,0
12,5,0,0,0,0,3.58,12.23,53.74,0.4175,27,8.15,45.33,0,0,0,1.2246467991473532e-16,-1.0,0
11,2,0,0,0,1,4.89,52.88,45.96,0.6725,27,6.27,42.13,0,0,0,0.258819045102521,-0.9659258262890682,0
20,2,0,1,0,0,1.36,9.55,35.6,0.6006,11,2.05,34.0,0,0,1,-0.8660254037844386,0.5000000000000001,0
10,5,0,0,0,0,1.58,85.88,72.85,0.6033,14,9.49,14.96,0,0,0,0.49999999999999994,-0.8660254037844387,0
12,0,0,0,0,0,3.76,22.97,40.52,0.697,20,1.8,15.67,0,0,2,1.2246467991473532e-16,-1.0,0
19,5,0,0,0,0,4.56,110.22,54.26,0.5536,23,6.47,16.79,1,0,0,-0.9659258262890684,0.2588190451025203,0
3,1,0,0,0,0,3.59,29.07,51.49,0.3339,22,4.0,9.26,0,0,1,0.7071067811865476,0.7071067811865476,0
22,3,0,0,0,0,4.63,16.66,67.88,0.3157,29,4.53,1.73,0,0,2,-0.5000000000000004,0.8660254037844384,0
22,1,0,0,0,0,1.57,87.0,44.26,0.6794,12,1.56,1.8,1,0,0,-0.5000000000000004,0.8660254037844384,0
13,5,0,0,0,0,1.31,96.21,47.22,0.3663,11,3.61,17.82,0,0,0,-0.2588190451025208,-0.9659258262890683,0
19,3,0,0,0,0,1.38,16.74,63.69,0.5571,17,1.33,10.52,0,0,0,-0.9659258262890684,0.2588190451025203,0
10,6,0,0,0,2,1.52,54.8,73.97,0.6823,24,2.16,34.31,0,0,0,0.49999999999999994,-0.8660254037844387,0
12,5,0,0,0,0,2.78,80.08,71.81,0.513,14,7.94,37.53,0,0,2,1.2246467991473532e-16,-1.0,0
13,6,1,0,0,0,2.08,6.93,69.56,0.568,17,8.64,2.98,0,0,2,-0.2588190451025208,-0.9659258262890683,0
16,0,1,0,0,0,4.77,71.59,57.2,0.5882,2,3.53,37.33,0,0,2,-0.8660254037844385,-0.5000000000000004,0
22,5,1,1,0,3,0.4,5.38,34.91,0.1957,5,35.61,167.68,0,0,1,-0.5000000000000004,0.8660254037844384,1
19,1,0,0,0,0,2.96,68.28,76.53,0.3747,6,1.46,20.69,0,0,1,-0.9659258262890684,0.2588190451025203,0
20,5,0,0,0,0,0.52,96.52,44.91,0.404,6,4.55,12.82,0,0,1,-0.8660254037844386,0.5000000000000001,0
16,6,1,0,1,4,0.83,12.25,46.16,0.2452,5,30.1,695.14,0,1,2,-0.8660254037844385,-0.5000000000000004,1
4,1,1,1,1,5,0.45,3.73,41.9,0.1235,2,25.7,210.09,1,1,2,0.8660254037844386,0.5000000000000001,1
7,5,0,1,0,0,2.24,56.3,39.26,0.5536,21,5.76,26.32,0,0,1,0.9659258262890683,-0.25881904510252063,0
15,2,0,0,0,0,2.04,74.09,70.11,0.3594,17,6.51,39.51,0,0,0,-0.7071067811865471,-0.7071067811865479,0
16,5,0,0,0,1,2.61,22.84,56.49,0.4821,5,4.52,14.35,0,0,1,-0.8660254037844385,-0.5000000000000004,0
7,0,0,0,0,0,1.73,77.7,70.22,0.3184,14,9.75,34.22,0,0,1,0.9659258262890683,-0.25881904510252063,0
16,1,0,0,0,0,2.9,10.77,57.3,0.6263,17,3.4,8.28,0,0,1,-0.8660254037844385,-0.5000000000000004,0
11,0,0,0,0,0,1.46,17.16,34.97,0.4426,23,3.16,3.02,0,0,0,0.258819045102521,-0.9659258262890682,0
2,1,1,1,1,2,0.23,8.95,38.87,0.0747,4,27.3,679.52,0,1,2,0.49999999999999994,0.8660254037844387,1
2,3,0,1,1,3,0.09,3.65,66.22,0.2754,3,20.86,405.65,0,1,1,0.49999999999999994,0.8660254037844387,1
10,6,0,0,0,0,3.61,83.09,78.28,0.5519,25,1.05,43.96,0,0,0,0.49999999999999994,-0.8660254037844387,0
8,1,1,0,0,0,0.58,23.44,43.96,0.6959,16,7.24,1.84,0,0,0,0.8660254037844387,-0.4999999999999998,0
12,1,0,0,0,0,2.88,17.71,66.72,0.5992,26,5.11,3.2,0,0,1,1.2246467991473532e-16,-1.0,0
14,6,1,0,1,0,4.96,19.13,33.44,0.4733,28,2.72,5.58,1,0,1,-0.4999999999999997,-0.8660254037844388,0
7,4,0,0,0,0,1.26,113.19,33.17,0.5133,26,1.64,14.04,0,0,1,0.9659258262890683,-0.25881904510252063,0
1,1,0,0,0,1,4.07,117.04,70.13,0.4972,15,9.15,15.9,1,0,1,0.25881904510252074,0.9659258262890683,0
18,6,1,0,1,0,4.55,11.25,44.93,0.4312,4,9.88,11.18,0,0,0,-1.0,-1.8369701987210297e-16,0
15,0,0,0,0,0,3.65,77.98,44.74,0.4731,23,5.4,27.0,0,0,0,-0.7071067811865471,-0.7071067811865479,0
18,6,0,0,0,0,1.25,68.63,67.39,0.6161,5,8.49,31.03,0,0,1,-1.0,-1.8369701987210297e-16,0
7,6,0,0,0,0,3.48,60.82,76.76,0.6102,5,7.7,10.65,0,0,1,0.9659258262890683,-0.25881904510252063,0
18,1,0,0,0,2,4.34,86.46,66.46,0.304,20,6.99,2.72,0,0,0,-1.0,-1.8369701987210297e-16,0
13,0,0,0,0,0,4.63,51.97,50.85,0.3564,3,1.56,17.06,0,0,0,-0.2588190451025208,-0.9659258262890683,0
19,1,0,1,0,0,3.38,118.05,63.85,0.5187,2,4.13,12.13,0,0,2,-0.9659258262890684,0.2588190451025203,0
1,1,0,1,1,2,0.22,13.62,18.29,0.0141,3,34.93,264.41,0,1,2,0.25881904510252074,0.9659258262890683,1
8,0,0,0,1,1,4.42,80.98,72.24,0.57,6,2.75,9.15,0,0,0,0.8660254037844387,-0.4999999999999998,0
19,4,0,0,0,0,1.19,64.61,41.5,0.3892,8,5.57,2.66,1,0,0,-0.9659258262890684,0.2588190451025203,0
19,5,0,0,0,0,4.6,117.79,31.7,0.3335,14,8.79,37.64,0,0,1,-0.9659258262890684,0.2588190451025203,0
20,0,0,0,0,0,0.63,69.81,30.33,0.6429,25,9.07,39.06,1,0,2,-0.8660254037844386,0.5000000000000001,0
13,2,0,0,0,0,2.1,92.26,41.37,0.5316,22,7.37,23.8,0,0,0,-0.2588190451025208,-0.9659258262890683,0
16,3,0,0,0,0,4.69,114.13,42.55,0.3846,11,9.06,14.79,1,0,0,-0.8660254037844385,-0.5000000000000004,0
7,0,0,0,1,0,2.1,25.29,65.26,0.4855,9,2.36,0.77,0,0,1,0.9659258262890683,-0.25881904510252063,0
9,3,0,0,0,0,2.78,80.15,70.04,0.6392,12,8.92,10.27,0,0,1,0.7071067811865476,-0.7071067811865475,0
17,4,0,0,0,0,4.83,52.29,68.47,0.3649,25,3.49,45.1,0,0,1,-0.9659258262890683,-0.25881904510252063,0
9,2,0,0,1,0,4.73,43.98,71.32,0.4749,6,9.46,47.24,0,0,2,0.7071067811865476,-0.7071067811865475,0
8,5,0,0,0,1,3.11,61.4,66.78,0.3338,24,2.55,18.99,0,0,0,0.8660254037844387,-0.4999999999999998,0
16,6,0,0,0,0,2.2,114.43,77.12,0.4181,20,4.47,11.77,0,0,0,-0.8660254037844385,-0.5000000000000004,0
22,3,1,1,1,0,0.51,11.67,90.85,0.276,5,28.4,585.62,1,1,0,-0.5000000000000004,0.8660254037844384,1
17,4,0,0,0,1,1.58,88.52,75.77,0.5825,13,5.1,31.04,0,0,0,-0.9659258262890683,-0.25881904510252063,0
17,0,0,0,0,0,1.72,66.94,51.64,0.5599,29,7.8,24.93,0,0,1,-0.9659258262890683,-0.25881904510252063,0
19,0,1,1,0,2,0.47,4.08,50.27,0.0252,3,15.65,409.83,0,1,1,-0.9659258262890684,0.2588190451025203,1
11,0,1,1,1,3,0.36,4.62,139.62,0.2515,1,17.99,580.83,0,1,2,0.258819045102521,-0.9659258262890682,1
21,2,0,1,0,2,1.03,13.87,42.14,0.4019,28,2.23,11.74,0,0,0,-0.7071067811865477,0.7071067811865474,0
1,0,0,1,1,5,0.32,2.0,69.45,0.2623,5,48.17,256.07,1,1,0,0.25881904510252074,0.9659258262890683,1
8,6,0,0,0,0,0.59,84.26,39.26,0.6595,5,5.81,38.24,0,0,0,0.8660254037844387,-0.4999999999999998,0
17,4,0,0,0,0,4.67,14.86,47.9,0.5757,19,9.02,21.5,0,0,0,-0.9659258262890683,-0.25881904510252063,0
1,5,0,0,0,0,3.13,65.19,53.79,0.3171,10,8.94,24.52,0,0,0,0.25881904510252074,0.9659258262890683,0
21,3,1,1,1,1,0.65,14.18,140.41,0.0416,4,30.29,107.77,0,1,0,-0.7071067811865477,0.7071067811865474,1
3,0,0,0,0,0,3.55,111.83,58.07,0.4366,9,6.63,32.96,0,0,1,0.7071067811865476,0.7071067811865476,0
5,1,1,1,1,3,0.37,11.47,95.2,0.0088,1,48.39,707.84,1,1,1,0.9659258262890683,0.25881904510252074,1
7,0,0,0,0,0,1.47,106.3,48.25,0.5804,10,6.44,27.33,0,0,0,0.9659258262890683,-0.25881904510252063,0
6,0,0,0,0,0,1.1,91.43,31.47,0.6507,20,9.54,44.71,0,0,0,1.0,6.123233995736766e-17,0
20,1,0,0,0,0,2.05,71.45,48.68,0.3629,25,8.0,6.71,0,0,1,-0.8660254037844386,0.5000000000000001,0
17,1,0,1,0,0,3.47,115.26,41.38,0.3654,27,2.66,9.23,0,0,0,-0.9659258262890683,-0.25881904510252063,0
19,1,0,0,0,0,4.24,10.34,41.51,0.4079,5,5.96,19.01,1,0,1,-0.9659258262890684,0.2588190451025203,0
12,1,0,0,0,0,2.66,53.88,44.09,0.3919,30,2.67,35.61,0,0,0,1.2246467991473532e-16,-1.0,0
17,3,0,0,0,0,1.97,117.18,30.72,0.512,24,2.07,37.75,0,0,1,-0.9659258262890683,-0.25881904510252063,0
13,6,0,0,0,0,3.43,81.63,40.26,0.6099,14,7.59,4.95,0,0,0,-0.2588190451025208,-0.9659258262890683,0
20,0,0,0,0,0,3.14,89.43,38.11,0.3319,2,6.62,32.62,0,0,0,-0.8660254037844386,0.5000000000000001,0
11,4,1,1,1,4,0.91,5.76,99.51,0.0197,3,27.56,118.75,0,1,2,0.258819045102521,-0.9659258262890682,1
17,1,0,0,0,0,2.34,96.63,45.92,0.4716,3,3.11,35.54,0,0,0,-0.9659258262890683,-0.25881904510252063,0
16,4,0,0,0,0,3.63,31.94,66.33,0.4336,3,9.26,11.39,1,0,1,-0.8660254037844385,-0.5000000000000004,0
13,5,0,0,1,0,4.42,20.75,54.77,0.3005,21,8.51,6.91,0,0,0,-0.2588190451025208,-0.9659258262890683,0
12,0,1,1,0,3,0.32,3.62,137.08,0.2915,2,28.19,125.68,1,1,1,1.2246467991473532e-16,-1.0,1
8,3,0,0,0,0,0.72,108.66,30.73,0.4639,28,5.53,2.47,0,0,1,0.8660254037844387,-0.4999999999999998,0
19,6,0,0,0,0,4.55,82.05,50.21,0.4788,9,4.67,25.82,0,0,0,-0.9659258262890684,0.2588190451025203,0
10,4,0,0,0,0,1.38,37.52,71.48,0.368,12,8.83,38.78,0,0,1,0.49999999999999994,-0.8660254037844387,0
8,1,0,0,0,1,1.78,78.85,42.71,0.686,28,9.11,23.17,1,0,2,0.8660254037844387,-0.4999999999999998,0
23,5,1,1,1,2,0.03,4.13,111.52,0.2469,5,47.72,683.39,0,1,1,-0.25881904510252157,0.9659258262890681,1
17,6,0,0,0,0,3.76,108.06,40.03,0.693,21,4.58,23.4,0,0,0,-0.9659258262890683,-0.25881904510252063,0
9,5,0,1,0,0,3.1,17.21,47.75,0.4041,3,2.34,10.9,0,0,0,0.7071067811865476,-0.7071067811865475,0
23,2,0,1,0,0,4.54,33.94,54.5,0.6035,26,6.74,29.09,0,0,1,-0.25881904510252157,0.9659258262890681,0
20,4,1,0,0,0,2.43,97.72,77.08,0.6777,18,8.85,44.84,0,0,2,-0.8660254037844386,0.5000000000000001,0
7,1,0,0,1,1,4.57,53.59,35.75,0.3114,15,7.4,18.61,0,0,0,0.9659258262890683,-0.25881904510252063,0
23,6,0,0,0,0,1.03,71.19,70.79,0.4924,20,8.25,2.59,0,0,0,-0.25881904510252157,0.9659258262890681,0
16,0,0,0,0,1,4.83,66.03,65.61,0.3268,11,6.27,3.31,0,0,1,-0.8660254037844385,-0.5000000000000004,0
11,1,0,0,0,0,4.25,42.93,35.49,0.5224,27,1.61,32.53,0,0,0,0.258819045102521,-0.9659258262890682,0
18,5,0,0,0,0,4.55,90.5,71.05,0.4152,5,1.49,31.76,0,0,2,-1.0,-1.8369701987210297e-16,0
10,5,0,0,0,1,5.0,92.6,55.12,0.6828,4,2.59,6.08,0,0,0,0.49999999999999994,-0.8660254037844387,0
8,0,0,0,0,2,3.64,93.63,48.85,0.6724,21,7.46,12.2,0,0,1,0.8660254037844387,-0.4999999999999998,0
16,0,0,0,0,0,2.91,96.95,61.4,0.4677,13,2.98,0.62,0,0,1,-0.8660254037844385,-0.5000000000000004,0
12,6,0,0,0,0,0.62,49.83,44.55,0.5341,28,1.23,45.66,0,0,1,1.2246467991473532e-16,-1.0,0
4,0,0,0,0,0,1.26,55.53,53.68,0.6548,12,9.53,34.47,0,0,0,0.8660254037844386,0.5000000000000001,0
14,3,0,0,0,2,2.89,13.58,37.65,0.4233,7,6.56,45.39,0,0,0,-0.4999999999999997,-0.8660254037844388,0
13,3,0,0,0,2,0.75,106.15,43.63,0.4408,6,8.58,27.36,0,0,0,-0.2588190451025208,-0.9659258262890683,0
17,1,0,0,0,2,3.06,68.34,55.9,0.3541,10,8.35,40.8,0,0,2,-0.9659258262890683,-0.25881904510252063,0
20,5,0,0,0,0,2.63,87.16,64.9,0.3042,19,2.33,9.55,0,0,1,-0.8660254037844386,0.5000000000000001,0
7,6,0,0,0,1,0.99,47.96,41.7,0.5649,22,1.86,9.32,0,0,0,0.9659258262890683,-0.25881904510252063,0
7,6,0,0,0,0,2.45,53.7,30.15,0.5923,2,4.66,4.38,0,0,0,0.9659258262890683,-0.25881904510252063,0
14,2,0,0,0,0,0.68,117.87,45.23,0.5792,27,1.14,22.52,0,0,1,-0.4999999999999997,-0.8660254037844388,0
9,0,0,0,0,0,2.83,54.68,69.73,0.5366,26,8.95,40.2,0,0,0,0.7071067811865476,-0.7071067811865475,0
7,6,0,0,0,2,2.23,14.64,43.56,0.4623,9,2.44,23.07,0,0,1,0.9659258262890683,-0.25881904510252063,0
10,5,0,0,0,0,1.37,40.09,49.75,0.3279,8,1.79,24.9,1,0,0,0.49999999999999994,-0.8660254037844387,0
3,6,0,0,0,0,2.57,115.88,78.92,0.3669,21,2.48,14.84,0,0,1,0.7071067811865476,0.7071067811865476,0
19,3,1,1,1,4,0.93,6.19,41.14,0.0151,1,10.05,618.34,1,1,1,-0.9659258262890684,0.2588190451025203,1
17,5,0,0,0,0,0.92,115.23,33.86,0.5967,27,2.33,22.21,0,0,0,-0.9659258262890683,-0.25881904510252063,0
11,0,0,0,0,0,1.33,78.02,54.33,0.4543,30,4.77,8.88,0,0,0,0.258819045102521,-0.9659258262890682,0
14,4,0,0,0,0,2.63,9.5,34.95,0.4705,27,6.82,47.66,1,0,1,-0.4999999999999997,-0.8660254037844388,0
0,5,1,0,1,2,0.7,2.55,58.57,0.171,3,39.3,286.41,1,1,1,0.0,1.0,1
16,4,0,0,0,0,2.36,112.13,51.09,0.6808,16,1.36,26.66,0,0,0,-0.8660254037844385,-0.5000000000000004,0
13,6,0,1,0,0,4.38,72.24,61.6,0.6813,2,3.08,0.57,0,0,1,-0.2588190451025208,-0.9659258262890683,0
13,6,0,0,0,0,1.2,31.78,68.06,0.4453,27,9.62,35.94,0,0,2,-0.2588190451025208,-0.9659258262890683,0
12,2,0,0,0,0,2.61,96.14,66.27,0.494,29,2.31,34.71,0,0,1,1.2246467991473532e-16,-1.0,0
16,3,0,0,0,0,2.84,19.27,71.93,0.6701,25,3.9,5.74,0,0,1,-0.8660254037844385,-0.5000000000000004,0
18,2,0,0,0,0,4.69,93.86,35.6,0.6723,14,3.09,25.83,0,0,1,-1.0,-1.8369701987210297e-16,0
14,6,0,1,0,0,2.74,15.55,37.36,0.655,24,3.98,29.98,0,0,1,-0.4999999999999997,-0.8660254037844388,0
18,6,1,1,0,5,0.09,0.69,45.38,0.2172,4,42.06,187.65,0,1,2,-1.0,-1.8369701987210297e-16,1
7,3,0,0,0,0,4.38,85.74,50.78,0.5768,13,1.59,43.84,0,0,1,0.9659258262890683,-0.25881904510252063,0
8,6,0,0,0,0,3.46,44.11,30.4,0.4746,28,1.19,7.77,1,0,0,0.8660254037844387,-0.4999999999999998,0
14,0,1,1,0,0,1.67,75.6,74.48,0.5366,12,7.24,30.53,0,0,1,-0.4999999999999997,-0.8660254037844388,0
10,0,1,0,0,0,1.66,65.17,53.76,0.4224,8,6.65,39.17,0,0,0,0.49999999999999994,-0.8660254037844387,0
18,3,0,0,0,0,0.76,113.38,50.37,0.4804,23,9.27,3.78,0,0,1,-1.0,-1.8369701987210297e-16,0
10,1,0,0,0,1,1.5,32.29,64.39,0.5581,6,4.23,45.55,0,0,0,0.49999999999999994,-0.8660254037844387,0
11,2,0,0,0,0,3.91,110.99,62.09,0.3905,18,2.91,29.43,0,0,1,0.258819045102521,-0.9659258262890682,0
4,4,1,1,1,0,0.94,3.74,40.49,0.0293,5,17.53,453.86,0,1,1,0.8660254037844386,0.5000000000000001,1
21,5,0,0,0,0,2.93,40.32,62.96,0.6401,4,3.02,29.69,0,0,0,-0.7071067811865477,0.7071067811865474,0
21,5,0,0,0,0,2.51,99.38,42.77,0.6069,11,8.47,41.1,0,0,1,-0.7071067811865477,0.7071067811865474,0
0,2,0,0,1,1,0.71,5.11,97.74,0.225,4,31.63,490.18,1,0,2,0.0,1.0,1
5,0,0,0,0,2,1.07,106.17,71.77,0.6508,12,8.61,16.61,0,0,0,0.9659258262890683,0.25881904510252074,0
11,1,0,0,0,0,4.06,83.54,57.87,0.381,22,5.36,36.85,0,0,1,0.258819045102521,-0.9659258262890682,0
18,3,0,0,0,0,2.04,55.07,48.29,0.5848,10,4.43,6.37,0,0,0,-1.0,-1.8369701987210297e-16,0
9,1,0,0,0,2,3.56,74.6,63.84,0.4452,17,5.45,27.69,0,0,0,0.7071067811865476,-0.7071067811865475,0
23,4,0,1,0,4,0.06,4.88,23.96,0.1553,5,47.83,127.83,0,0,1,-0.25881904510252157,0.9659258262890681,1
18,4,0,0,0,0,4.18,36.41,35.83,0.6529,2,3.34,17.97,0,0,0,-1.0,-1.8369701987210297e-16,0
11,1,0,0,0,0,2.44,32.41,50.61,0.6471,7,4.69,34.9,0,0,0,0.258819045102521,-0.9659258262890682,0
22,0,1,1,1,1,0.96,0.73,47.59,0.2539,1,31.19,374.8,1,0,1,-0.5000000000000004,0.8660254037844384,1
6,3,0,0,0,0,4.22,105.34,67.89,0.4999,14,1.28,21.09,0,0,0,1.0,6.123233995736766e-17,0
13,6,0,0,0,0,0.99,20.56,32.71,0.3469,12,4.88,31.91,0,0,0,-0.2588190451025208,-0.9659258262890683,0
15,2,0,0,0,1,2.28,61.07,31.77,0.4324,5,9.35,44.61,0,0,1,-0.7071067811865471,-0.7071067811865479,0
7,4,0,0,0,1,1.4,86.41,49.87,0.4532,22,9.09,28.5,0,0,2,0.9659258262890683,-0.25881904510252063,0
21,3,1,1,1,3,0.26,5.47,50.89,0.0688,5,33.56,153.55,1,1,0,-0.7071067811865477,0.7071067811865474,1
10,3,0,0,0,0,4.13,87.44,54.64,0.6236,27,5.22,35.27,0,0,0,0.49999999999999994,-0.8660254037844387,0
5,0,0,0,0,0,3.87,23.72,58.62,0.3832,24,4.55,2.36,0,0,0,0.9659258262890683,0.25881904510252074,0
9,2,0,1,0,0,4.74,8.76,67.27,0.4906,8,6.77,43.82,0,0,1,0.7071067811865476,-0.7071067811865475,0
11,1,1,1,1,3,0.88,2.67,127.51,0.2611,3,16.65,519.43,1,1,0,0.258819045102521,-0.9659258262890682,1
12,0,0,0,0,0,0.74,9.16,33.39,0.5925,19,4.74,29.44,0,0,0,1.2246467991473532e-16,-1.0,0
12,4,0,0,0,0,1.2,111.78,38.9,0.3123,25,9.1,35.73,0,0,0,1.2246467991473532e-16,-1.0,0
15,0,0,1,0,0,1.9,52.29,57.57,0.5727,7,7.87,36.71,0,0,1,-0.7071067811865471,-0.7071067811865479,0
21,0,0,0,0,0,0.55,55.48,59.74,0.4648,18,3.09,12.67,0,0,0,-0.7071067811865477,0.7071067811865474,0
15,3,0,0,0,0,2.96,39.75,71.47,0.4244,21,3.05,43.17,0,0,0,-0.7071067811865471,-0.7071067811865479,0
8,0,0,0,0,0,2.96,15.63,54.83,0.3544,5,8.88,23.56,0,0,0,0.8660254037844387,-0.4999999999999998,0
21,4,1,1,1,4,0.73,13.31,41.69,0.117,1,18.3,108.92,1,0,1,-0.7071067811865477,0.7071067811865474,1
8,2,0,1,0,0,3.38,15.73,69.13,0.542,2,4.05,9.09,1,0,0,0.8660254037844387,-0.4999999999999998,0
21,5,1,1,0,0,2.72,27.56,66.58,0.4583,15,7.65,40.43,0,0,0,-0.7071067811865477,0.7071067811865474,0
21,2,0,1,0,0,1.61,39.58,35.03,0.553,8,1.96,36.33,0,0,0,-0.7071067811865477,0.7071067811865474,0
20,6,0,0,0,0,4.34,89.14,43.61,0.6231,14,2.34,17.02,0,0,0,-0.8660254037844386,0.5000000000000001,0
13,5,0,0,0,2,3.78,26.48,46.12,0.4402,24,6.22,26.76,0,0,1,-0.2588190451025208,-0.9659258262890683,0
17,4,0,0,0,1,4.57,119.15,77.39,0.6408,2,4.91,44.59,0,0,0,-0.9659258262890683,-0.25881904510252063,0
6,6,0,0,0,0,3.84,13.42,71.7,0.4544,16,9.75,14.82,0,0,0,1.0,6.123233995736766e-17,0
10,3,0,0,0,0,1.32,11.07,58.37,0.309,14,2.28,24.77,0,0,2,0.49999999999999994,-0.8660254037844387,0
17,1,0,0,0,0,1.04,46.31,38.33,0.5917,19,9.69,30.9,0,0,1,-0.9659258262890683,-0.25881904510252063,0
9,2,0,0,1,2,4.89,9.28,50.37,0.4253,3,8.57,43.68,0,0,1,0.7071067811865476,-0.7071067811865475,0
10,4,0,0,0,0,2.89,67.34,50.02,0.3931,7,5.37,37.48,0,0,2,0.49999999999999994,-0.8660254037844387,0
12,6,1,0,0,0,1.86,93.13,73.83,0.3293,24,8.18,8.22,0,0,0,1.2246467991473532e-16,-1.0,0
9,2,0,0,1,2,4.31,116.7,39.41,0.3476,10,8.7,18.43,0,0,0,0.7071067811865476,-0.7071067811865475,0
11,1,0,0,1,0,1.6,79.61,75.13,0.4734,12,3.11,18.25,0,0,1,0.258819045102521,-0.9659258262890682,0
22,3,1,1,1,3,0.82,6.78,125.81,0.1933,4,23.13,669.26,0,1,2,-0.5000000000000004,0.8660254037844384,1
11,5,0,0,0,0,4.23,13.24,74.19,0.5576,13,1.02,23.89,0,0,2,0.258819045102521,-0.9659258262890682,0
14,6,0,0,0,0,2.3,67.91,43.47,0.6472,21,2.91,33.05,0,0,1,-0.4999999999999997,-0.8660254037844388,0
16,5,0,0,0,0,0.97,57.83,74.69,0.3033,15,7.37,5.69,0,0,1,-0.8660254037844385,-0.5000000000000004,0
4,1,0,0,0,0,3.59,22.34,34.48,0.6721,6,1.23,22.95,0,0,1,0.8660254037844386,0.5000000000000001,0
20,1,1,1,1,2,0.13,13.21,99.9,0.2863,5,17.83,529.9,0,1,0,-0.8660254037844386,0.5000000000000001,1
20,2,0,0,0,0,4.42,43.91,60.68,0.3881,18,5.52,26.61,1,0,1,-0.8660254037844386,0.5000000000000001,0
17,2,0,0,1,0,1.84,110.73,74.76,0.527,19,9.06,45.66,0,0,1,-0.9659258262890683,-0.25881904510252063,0
8,0,0,0,0,0,1.37,112.21,39.39,0.4615,18,7.83,16.62,0,0,1,0.8660254037844387,-0.4999999999999998,0
4,2,1,0,0,4,0.84,1.81,66.96,0.2752,4,48.68,453.67,0,1,2,0.8660254037844386,0.5000000000000001,1
20,6,0,0,0,0,1.91,60.74,66.83,0.3224,14,2.13,43.01,0,0,0,-0.8660254037844386,0.5000000000000001,0
6,5,0,0,0,0,2.25,20.6,67.03,0.5253,27,7.66,26.91,0,0,0,1.0,6.123233995736766e-17,0
19,5,0,1,1,0,3.53,99.93,77.4,0.675,6,9.91,9.18,0,0,0,-0.9659258262890684,0.2588190451025203,0
20,4,0,0,0,0,2.16,51.74,78.86,0.5549,21,5.17,20.35,0,0,1,-0.8660254037844386,0.5000000000000001,0
3,1,0,1,1,0,0.65,1.65,137.26,0.2363,1,14.87,316.25,1,0,2,0.7071067811865476,0.7071067811865476,1
9,6,0,0,0,0,1.83,20.3,66.88,0.3353,23,7.76,35.44,0,0,0,0.7071067811865476,-0.7071067811865475,0
16,3,0,0,0,0,1.91,68.99,61.39,0.3785,27,1.58,15.74,0,0,2,-0.8660254037844385,-0.5000000000000004,0
9,0,0,0,1,2,1.57,52.73,40.82,0.6398,4,8.35,26.02,0,0,0,0.7071067811865476,-0.7071067811865475,0
0,6,0,0,0,0,0.73,17.89,67.11,0.5386,10,3.36,43.02,0,0,0,0.0,1.0,0
18,1,0,0,0,0,4.07,87.02,58.55,0.5075,3,2.34,29.43,0,0,0,-1.0,-1.8369701987210297e-16,0
11,3,0,0,0,0,4.54,31.56,36.71,0.5634,22,3.2,34.51,0,0,0,0.258819045102521,-0.9659258262890682,0
22,0,0,0,1,0,1.74,52.34,37.83,0.6261,7,8.0,5.04,0,0,2,-0.5000000000000004,0.8660254037844384,0
7,3,0,0,0,0,3.22,25.59,58.78,0.5365,3,8.89,11.16,0,0,0,0.9659258262890683,-0.25881904510252063,0
8,2,0,0,0,0,2.16,30.49,32.7,0.3657,2,7.42,28.36,0,0,1,0.8660254037844387,-0.4999999999999998,0
9,5,0,0,0,0,2.0,102.72,50.8,0.4973,18,5.03,40.23,0,0,0,0.7071067811865476,-0.7071067811865475,0
13,6,0,0,0,0,2.54,91.91,66.36,0.3259,22,5.25,12.98,1,0,0,-0.2588190451025208,-0.9659258262890683,0
11,0,0,0,0,0,4.52,42.78,62.33,0.5134,29,2.18,4.36,0,0,1,0.258819045102521,-0.9659258262890682,0
15,0,1,0,0,0,2.47,59.03,55.16,0.3507,13,2.73,29.0,0,0,0,-0.7071067811865471,-0.7071067811865479,0
11,1,0,0,0,0,3.4,108.74,58.05,0.3488,14,2.71,44.42,1,0,1,0.258819045102521,-0.9659258262890682,0
7,2,0,0,0,0,2.36,115.0,47.46,0.3076,18,8.8,21.14,0,0,1,0.9659258262890683,-0.25881904510252063,0
10,1,0,0,0,0,4.72,45.96,64.99,0.4569,6,2.42,16.46,0,0,1,0.49999999999999994,-0.8660254037844387,0
20,2,0,0,0,0,2.31,16.68,73.54,0.3772,12,6.6,17.15,1,0,0,-0.8660254037844386,0.5000000000000001,0
3,3,0,1,1,4,0.48,12.67,98.38,0.0491,3,22.75,286.49,1,1,1,0.7071067811865476,0.7071067811865476,1
10,5,0,0,0,0,1.51,86.54,78.72,0.4362,25,8.32,21.97,0,0,1,0.49999999999999994,-0.8660254037844387,0
13,0,0,0,0,0,2.03,27.19,36.66,0.699,18,2.32,29.36,0,0,1,-0.2588190451025208,-0.9659258262890683,0
20,6,1,1,0,4,0.45,10.44,19.17,0.0884,5,41.91,713.81,1,1,1,-0.8660254037844386,0.5000000000000001,1
17,3,0,0,0,1,1.99,31.22,58.23,0.5522,4,6.57,9.29,0,0,1,-0.9659258262890683,-0.25881904510252063,0
11,3,0,0,0,0,3.08,90.63,75.95,0.6787,11,7.56,20.05,0,0,1,0.258819045102521,-0.9659258262890682,0
11,1,0,0,0,0,3.25,42.98,73.72,0.3814,18,8.16,26.36,0,0,0,0.258819045102521,-0.9659258262890682,0
23,1,1,1,1,3,0.55,7.31,118.63,0.0739,5,46.97,292.65,1,1,1,-0.25881904510252157,0.9659258262890681,1
17,1,1,1,1,2,0.09,3.56,137.87,0.1509,1,40.76,215.05,1,1,1,-0.9659258262890683,-0.25881904510252063,1
10,3,1,0,0,0,4.41,56.11,39.02,0.478,14,9.79,16.36,0,0,0,0.49999999999999994,-0.8660254037844387,0
23,1,0,0,0,0,1.63,73.29,64.9,0.3777,26,6.66,2.8,0,0,1,-0.25881904510252157,0.9659258262890681,0
3,3,1,0,1,2,0.5,8.01,88.05,0.1513,5,18.46,648.92,1,1,1,0.7071067811865476,0.7071067811865476,1
15,3,0,1,0,1,2.71,82.52,51.13,0.6533,6,3.2,13.33,0,0,0,-0.7071067811865471,-0.7071067811865479,0
19,3,0,0,0,0,2.49,34.9,58.99,0.6042,30,5.06,37.82,0,0,0,-0.9659258262890684,0.2588190451025203,0
2,4,0,0,0,0,2.78,42.0,74.52,0.6615,12,3.15,9.43,0,0,0,0.49999999999999994,0.8660254037844387,0
18,0,0,0,0,0,3.97,39.84,35.84,0.5,16,2.02,1.42,0,0,1,-1.0,-1.8369701987210297e-16,0
10,5,0,0,1,0,4.47,36.42,55.51,0.6047,6,3.85,8.38,0,0,1,0.49999999999999994,-0.8660254037844387,0
0,2,0,0,0,0,2.35,6.69,47.95,0.6379,12,3.83,30.59,0,0,0,0.0,1.0,0
10,2,0,0,0,0,3.97,77.22,78.03,0.5207,16,4.94,15.2,1,0,1,0.49999999999999994,-0.8660254037844387,0
5,2,1,1,1,3,0.85,14.32,139.29,0.0685,4,43.28,673.66,1,1,2,0.9659258262890683,0.25881904510252074,1
22,3,0,1,0,0,4.88,32.52,45.67,0.6987,28,2.55,10.68,0,0,0,-0.5000000000000004,0.8660254037844384,0
10,3,0,0,0,0,3.57,59.85,51.97,0.653,11,3.99,14.49,0,0,1,0.49999999999999994,-0.8660254037844387,0
23,2,1,1,1,2,0.09,12.56,83.63,0.094,1,24.57,453.0,1,1,2,-0.25881904510252157,0.9659258262890681,1
19,0,1,1,1,1,0.79,5.45,95.91,0.1993,1,41.94,249.53,1,1,1,-0.9659258262890684,0.2588190451025203,1
1,3,1,1,0,1,0.83,3.3,15.75,0.1321,5,45.99,156.36,1,1,0,0.25881904510252074,0.9659258262890683,1
9,2,0,0,0,1,0.79,20.19,75.2,0.4016,28,5.24,14.28,0,0,0,0.7071067811865476,-0.7071067811865475,0
7,6,0,0,0,0,1.75,49.05,31.77,0.5819,2,1.59,4.82,1,0,1,0.9659258262890683,-0.25881904510252063,0
14,4,0,0,0,0,3.01,26.85,37.09,0.6997,25,8.98,47.63,0,0,1,-0.4999999999999997,-0.8660254037844388,0
12,4,1,1,1,3,0.03,3.17,55.96,0.0129,2,35.32,588.58,1,1,0,1.2246467991473532e-16,-1.0,1
18,5,1,0,0,0,3.85,36.1,48.63,0.5363,24,9.29,43.36,0,0,0,-1.0,-1.8369701987210297e-16,0
16,3,0,1,0,0,1.58,8.71,40.67,0.36,7,3.26,32.98,0,0,0,-0.8660254037844385,-0.5000000000000004,0
10,6,0,0,0,0,0.98,31.68,52.26,0.6638,23,4.67,23.09,1,0,1,0.49999999999999994,-0.8660254037844387,0
18,6,0,0,0,0,1.75,76.21,68.43,0.4835,29,4.45,9.75,0,0,0,-1.0,-1.8369701987210297e-16,0
9,2,0,0,0,0,4.69,54.64,78.72,0.6877,5,1.08,36.89,0,0,0,0.7071067811865476,-0.7071067811865475,0
17,4,0,0,0,0,4.82,86.43,44.14,0.3949,30,8.5,46.29,0,0,0,-0.9659258262890683,-0.25881904510252063,0
1,1,1,1,1,2,0.72,2.49,77.99,0.2391,3,29.08,649.13,1,1,0,0.25881904510252074,0.9659258262890683,1
19,0,0,0,0,0,4.68,92.29,76.92,0.5394,24,4.76,21.59,0,0,0,-0.9659258262890684,0.2588190451025203,0
19,0,0,0,0,0,0.72,102.38,31.48,0.5751,8,8.85,5.66,0,0,0,-0.9659258262890684,0.2588190451025203,0
15,5,0,0,0,1,4.51,59.63,36.64,0.6762,28,8.95,10.26,0,0,1,-0.7071067811865471,-0.7071067811865479,0
11,0,0,0,1,0,1.32,78.68,42.59,0.4569,7,4.63,33.35,0,0,1,0.258819045102521,-0.9659258262890682,0
19,5,0,0,0,0,4.48,112.16,76.3,0.6081,24,5.9,17.11,0,0,0,-0.9659258262890684,0.2588190451025203,0
9,4,1,0,0,0,2.19,90.81,31.88,0.5144,26,1.84,24.86,0,0,1,0.7071067811865476,-0.7071067811865475,0
8,1,0,0,0,1,2.8,38.34,73.02,0.5449,10,1.53,40.68,0,0,0,0.8660254037844387,-0.4999999999999998,0
17,0,0,0,0,0,2.39,26.29,50.46,0.6484,3,2.63,43.68,0,0,1,-0.9659258262890683,-0.25881904510252063,0
5,2,0,0,0,1,4.77,116.19,77.18,0.6918,28,7.17,8.98,0,0,1,0.9659258262890683,0.25881904510252074,0
12,6,0,0,0,0,4.32,119.3,39.16,0.3451,3,5.63,34.85,0,0,0,1.2246467991473532e-16,-1.0,0
19,6,0,0,0,0,1.76,44.5,50.08,0.5313,23,3.92,15.42,0,0,0,-0.9659258262890684,0.2588190451025203,0
10,0,0,0,0,0,1.22,54.56,67.51,0.4558,15,1.64,41.24,0,0,0,0.49999999999999994,-0.8660254037844387,0
9,4,0,0,0,0,1.91,78.14,55.35,0.4354,30,7.35,25.48,0,0,1,0.7071067811865476,-0.7071067811865475,0
21,2,0,1,1,2,3.73,71.79,77.72,0.479,30,3.51,15.59,0,0,0,-0.7071067811865477,0.7071067811865474,0
9,2,1,0,0,0,3.56,98.2,48.96,0.4331,30,8.28,24.61,0,0,0,0.7071067811865476,-0.7071067811865475,0
8,0,0,0,0,0,2.15,105.52,78.36,0.6827,18,9.11,22.73,0,0,1,0.8660254037844387,-0.4999999999999998,0
16,5,0,0,0,0,0.94,69.97,38.98,0.319,30,8.28,34.01,1,0,1,-0.8660254037844385,-0.5000000000000004,0
3,2,1,1,0,3,0.19,2.03,125.97,0.1595,2,35.85,677.74,1,1,1,0.7071067811865476,0.7071067811865476,1
15,3,0,0,0,0,4.63,64.65,51.4,0.6938,29,5.99,2.09,0,0,0,-0.7071067811865471,-0.7071067811865479,0
9,0,0,0,0,1,2.91,20.52,32.25,0.6054,25,1.37,40.95,0,0,1,0.7071067811865476,-0.7071067811865475,0
4,3,1,0,1,3,0.8,10.32,89.8,0.1316,1,28.77,540.59,0,1,0,0.8660254037844386,0.5000000000000001,1
14,4,0,0,0,0,2.33,112.87,62.98,0.4188,26,2.51,3.2,0,0,2,-0.4999999999999997,-0.8660254037844388,0
5,0,1,1,1,2,0.55,9.49,47.78,0.2069,1,31.25,412.08,1,1,1,0.9659258262890683,0.25881904510252074,1
12,6,0,0,0,0,2.49,79.21,31.95,0.3975,16,4.21,30.06,0,0,1,1.2246467991473532e-16,-1.0,0
3,3,1,1,1,3,0.99,14.35,145.37,0.0956,4,26.42,682.99,1,1,2,0.7071067811865476,0.7071067811865476,1
9,0,0,0,0,1,0.83,76.38,71.83,0.6456,22,5.9,23.82,0,0,1,0.7071067811865476,-0.7071067811865475,0
15,5,0,0,0,0,1.25,52.05,49.93,0.3024,23,7.17,27.85,0,0,0,-0.7071067811865471,-0.7071067811865479,0
0,6,0,0,0,0,2.16,15.13,76.82,0.6623,15,4.51,12.74,0,0,1,0.0,1.0,0
17,3,0,0,0,0,4.31,20.15,68.61,0.392,11,9.34,8.77,0,0,0,-0.9659258262890683,-0.25881904510252063,0
2,1,0,0,0,0,2.16,50.87,77.21,0.6495,15,6.23,5.61,0,0,1,0.49999999999999994,0.8660254037844387,0
15,3,0,0,0,0,0.55,43.07,77.29,0.5908,25,1.83,44.53,1,0,2,-0.7071067811865471,-0.7071067811865479,0
13,1,1,1,1,5,0.6,3.46,85.99,0.1247,2,35.11,566.64,1,1,0,-0.2588190451025208,-0.9659258262890683,1
4,0,1,1,1,2,0.5,9.62,39.58,0.148,3,25.86,698.93,1,1,0,0.8660254037844386,0.5000000000000001,1
14,5,0,0,0,0,4.47,27.66,53.1,0.6028,17,8.31,47.8,0,0,0,-0.4999999999999997,-0.8660254037844388,0
16,0,0,0,0,2,0.67,37.26,67.4,0.3994,9,5.71,46.76,0,0,0,-0.8660254037844385,-0.5000000000000004,0
20,3,0,0,0,0,1.65,64.3,47.51,0.5955,19,1.7,12.75,0,0,1,-0.8660254037844386,0.5000000000000001,0
9,6,0,0,0,1,3.86,19.72,70.57,0.6821,8,1.88,25.34,0,0,0,0.7071067811865476,-0.7071067811865475,0
4,6,1,1,1,3,0.48,10.36,48.03,0.2711,1,32.37,516.97,1,1,0,0.8660254037844386,0.5000000000000001,1
15,5,0,0,0,1,1.74,67.83,60.47,0.3735,11,8.68,16.46,0,0,1,-0.7071067811865471,-0.7071067811865479,0
10,4,0,0,0,0,1.39,111.39,64.0,0.4575,15,7.13,15.59,0,0,0,0.49999999999999994,-0.8660254037844387,0
17,1,0,0,0,0,1.62,88.19,70.71,0.3181,6,8.56,39.76,0,0,0,-0.9659258262890683,-0.25881904510252063,0
10,0,0,0,0,0,2.65,53.49,34.88,0.6204,28,8.02,3.47,0,0,0,0.49999999999999994,-0.8660254037844387,0
3,2,1,1,1,5,0.58,10.04,104.33,0.0939,1,47.21,112.22,0,1,0,0.7071067811865476,0.7071067811865476,1
3,5,0,0,0,0,1.29,55.61,77.69,0.6361,3,3.62,41.18,0,0,2,0.7071067811865476,0.7071067811865476,0
17,1,0,0,0,0,1.92,14.47,46.6,0.4064,13,6.01,10.01,0,0,1,-0.9659258262890683,-0.25881904510252063,0
3,3,1,0,1,1,0.38,12.75,78.17,0.244,3,24.83,105.69,0,1,0,0.7071067811865476,0.7071067811865476,1
9,4,0,0,0,0,1.27,37.22,57.65,0.4783,25,8.96,35.06,0,0,0,0.7071067811865476,-0.7071067811865475,0
9,5,0,0,0,0,4.81,5.8,68.23,0.3834,9,7.27,10.65,0,0,0,0.7071067811865476,-0.7071067811865475,0
16,3,0,0,0,0,1.69,99.81,68.45,0.6426,5,2.94,16.21,0,0,1,-0.8660254037844385,-0.5000000000000004,0
3,1,1,1,1,4,0.44,11.68,92.03,0.0151,4,33.75,335.35,1,1,2,0.7071067811865476,0.7071067811865476,1
12,0,0,0,0,0,2.16,35.96,49.99,0.5859,9,9.75,24.34,0,0,0,1.2246467991473532e-16,-1.0,0
11,1,0,0,0,0,0.77,114.7,78.86,0.4918,12,2.44,29.29,0,0,1,0.258819045102521,-0.9659258262890682,0
8,4,0,0,0,0,4.98,24.6,42.51,0.3761,17,6.22,26.06,0,0,1,0.8660254037844387,-0.4999999999999998,0
16,2,0,0,0,0,1.71,111.17,49.55,0.6385,14,8.34,41.25,0,0,0,-0.8660254037844385,-0.5000000000000004,0
14,6,0,0,0,1,3.64,102.87,66.13,0.6913,16,4.77,30.11,0,0,0,-0.4999999999999997,-0.8660254037844388,0
15,0,0,0,0,0,2.67,98.85,75.05,0.4834,9,9.45,21.32,0,0,2,-0.7071067811865471,-0.7071067811865479,0
11,2,0,1,0,0,4.05,40.44,75.12,0.6901,21,5.14,16.49,1,0,1,0.258819045102521,-0.9659258262890682,0
5,4,0,0,0,0,2.23,21.91,45.72,0.508,26,6.47,37.58,0,0,2,0.9659258262890683,0.25881904510252074,0
14,1,0,0,0,0,1.94,57.11,60.09,0.5648,21,4.59,20.92,0,0,0,-0.4999999999999997,-0.8660254037844388,0
11,1,0,0,0,0,1.16,108.18,59.68,0.4146,6,3.43,33.33,1,0,1,0.258819045102521,-0.9659258262890682,0
14,3,0,0,0,0,1.76,26.86,52.0,0.3065,27,9.52,33.28,0,0,1,-0.4999999999999997,-0.8660254037844388,0
21,2,0,0,0,0,3.5,8.32,62.77,0.5483,19,1.64,19.35,0,0,1,-0.7071067811865477,0.7071067811865474,0
14,0,0,0,0,0,0.71,48.6,69.21,0.5874,17,4.84,30.65,1,0,1,-0.4999999999999997,-0.8660254037844388,0
21,1,1,0,0,1,2.14,33.32,33.15,0.3807,27,3.54,45.46,0,0,0,-0.7071067811865477,0.7071067811865474,0
20,1,1,0,0,1,0.58,12.78,64.69,0.4796,2,5.13,38.89,0,0,0,-0.8660254037844386,0.5000000000000001,0
5,6,0,1,1,4,0.57,1.08,10.44,0.2387,3,33.5,713.03,1,1,0,0.9659258262890683,0.25881904510252074,1
12,1,0,0,0,0,2.09,78.36,74.95,0.4406,13,2.06,32.42,0,0,1,1.2246467991473532e-16,-1.0,0
6,0,0,0,1,0,3.18,75.96,35.26,0.3592,24,9.37,37.6,0,0,0,1.0,6.123233995736766e-17,0
6,2,0,0,0,0,1.42,29.34,65.26,0.6718,29,7.71,47.01,0,0,0,1.0,6.123233995736766e-17,0
13,4,0,0,0,0,3.52,103.46,77.9,0.6328,3,1.79,23.63,0,0,0,-0.2588190451025208,-0.9659258262890683,0
12,6,1,1,0,3,0.99,14.2,24.18,0.2324,3,21.08,444.88,1,1,1,1.2246467991473532e-16,-1.0,1
19,1,0,0,0,1,1.98,8.03,47.96,0.4712,26,5.26,17.3,0,0,0,-0.9659258262890684,0.2588190451025203,0
11,3,0,0,1,0,0.94,74.57,37.07,0.6624,5,3.73,34.6,0,0,0,0.258819045102521,-0.9659258262890682,0
22,2,0,0,0,0,1.84,71.01,78.94,0.3015,27,4.18,19.59,0,0,0,-0.5000000000000004,0.8660254037844384,0
22,2,0,0,0,0,1.95,48.86,75.43,0.4624,26,6.31,0.73,1,0,0,-0.5000000000000004,0.8660254037844384,0
16,1,0,0,0,0,0.94,10.28,74.3,0.6647,19,2.09,5.59,0,0,0,-0.8660254037844385,-0.5000000000000004,0
19,5,0,1,0,3,0.4,7.48,52.27,0.2103,2,20.91,693.27,1,1,0,-0.9659258262890684,0.2588190451025203,1
5,5,0,0,0,0,4.74,71.55,53.31,0.6627,23,9.47,3.56,0,0,1,0.9659258262890683,0.25881904510252074,0
14,2,1,1,1,1,0.27,12.21,71.08,0.1443,4,21.88,164.9,1,1,1,-0.4999999999999997,-0.8660254037844388,1
16,4,0,0,0,0,4.74,16.37,64.47,0.4974,24,2.38,10.77,0,0,0,-0.8660254037844385,-0.5000000000000004,0
11,2,0,0,0,0,5.0,73.78,35.95,0.3421,22,5.33,10.21,0,0,1,0.258819045102521,-0.9659258262890682,0
0,4,1,1,1,1,0.02,1.88,31.36,0.2056,5,45.43,719.14,0,1,2,0.0,1.0,1
1,4,0,1,0,2,0.96,11.66,140.11,0.2652,3,20.73,219.32,0,0,1,0.25881904510252074,0.9659258262890683,1
3,6,1,0,1,3,0.19,14.33,99.86,0.0912,4,32.2,347.54,1,0,2,0.7071067811865476,0.7071067811865476,1
10,0,0,0,0,0,1.47,88.82,37.88,0.3932,14,1.45,18.97,0,0,2,0.49999999999999994,-0.8660254037844387,0
5,2,0,0,0,0,2.14,5.57,56.78,0.3945,27,3.81,31.91,0,0,0,0.9659258262890683,0.25881904510252074,0
22,6,0,1,0,0,3.2,64.65,68.39,0.3375,10,2.41,21.72,0,0,0,-0.5000000000000004,0.8660254037844384,0
14,4,0,0,0,0,0.89,82.57,74.35,0.6579,12,6.83,44.0,0,0,0,-0.4999999999999997,-0.8660254037844388,0
8,3,0,0,0,0,4.92,44.72,73.63,0.3201,19,5.68,8.14,0,0,0,0.8660254037844387,-0.4999999999999998,0
17,2,0,0,0,0,3.94,99.21,43.41,0.4062,6,9.98,41.48,0,0,0,-0.9659258262890683,-0.25881904510252063,0
9,4,0,0,0,0,2.9,14.22,68.42,0.6265,5,8.96,33.47,0,0,0,0.7071067811865476,-0.7071067811865475,0
0,0,0,0,0,0,2.61,90.4,59.65,0.453,21,6.99,35.9,0,0,1,0.0,1.0,0
19,3,0,0,0,0,2.91,79.64,33.83,0.3688,27,5.8,37.47,0,0,1,-0.9659258262890684,0.2588190451025203,0
12,6,0,1,0,0,3.94,103.31,30.19,0.3926,16,4.36,26.76,0,0,1,1.2246467991473532e-16,-1.0,0
8,5,0,0,0,0,2.62,25.69,64.92,0.4283,5,5.73,43.24,0,0,0,0.8660254037844387,-0.4999999999999998,0
10,1,0,1,0,0,4.53,61.8,65.52,0.4768,23,8.92,2.6,0,0,1,0.49999999999999994,-0.8660254037844387,0
14,5,0,0,0,1,1.55,111.87,61.25,0.4243,3,2.3,2.61,0,0,1,-0.4999999999999997,-0.8660254037844388,0
10,4,0,0,0,0,4.64,51.72,50.68,0.6188,14,9.89,19.08,0,0,0,0.49999999999999994,-0.8660254037844387,0
7,6,0,1,1,0,1.79,113.67,63.49,0.6906,16,6.18,4.43,1,0,0,0.9659258262890683,-0.25881904510252063,0
22,6,0,0,0,0,4.75,11.85,41.82,0.426,28,8.49,7.64,0,0,0,-0.5000000000000004,0.8660254037844384,0
17,3,0,0,0,0,0.77,88.83,60.05,0.4974,18,6.29,38.93,1,0,1,-0.9659258262890683,-0.25881904510252063,0
5,3,0,0,0,1,1.61,9.51,36.35,0.6775,12,4.37,17.58,0,0,0,0.9659258262890683,0.25881904510252074,0
23,5,0,0,0,1,4.87,38.91,68.14,0.4326,11,5.9,31.01,0,0,0,-0.25881904510252157,0.9659258262890681,0
22,4,0,0,0,0,2.45,62.03,79.49,0.48,16,1.97,29.93,1,0,0,-0.5000000000000004,0.8660254037844384,0
21,3,0,0,0,2,3.73,65.65,56.65,0.3282,20,8.62,37.88,0,0,1,-0.7071067811865477,0.7071067811865474,0
19,4,0,0,0,0,4.6,87.88,43.02,0.5794,26,1.6,30.64,0,0,1,-0.9659258262890684,0.2588190451025203,0
7,0,0,0,0,0,3.27,14.59,37.8,0.5805,10,4.88,9.37,0,0,0,0.9659258262890683,-0.25881904510252063,0
18,2,0,0,0,0,4.77,109.19,58.32,0.6964,9,2.3,0.85,0,0,0,-1.0,-1.8369701987210297e-16,0
11,0,0,0,0,0,2.45,102.62,56.18,0.5852,24,1.43,35.7,0,0,1,0.258819045102521,-0.9659258262890682,0
7,6,0,0,0,1,4.58,109.31,70.73,0.4314,18,9.55,38.03,0,0,2,0.9659258262890683,-0.25881904510252063,0
2,1,1,1,1,5,0.36,10.98,72.57,0.0228,2,13.28,627.66,1,1,1,0.49999999999999994,0.8660254037844387,1
15,2,0,0,1,0,1.3,89.11,52.36,0.6741,25,1.73,26.19,0,0,0,-0.7071067811865471,-0.7071067811865479,0
2,3,1,1,1,3,0.29,0.63,19.21,0.0726,4,28.51,113.56,0,1,1,0.49999999999999994,0.8660254037844387,1
7,4,0,0,0,0,4.71,84.42,61.74,0.4018,14,1.37,21.09,0,0,2,0.9659258262890683,-0.25881904510252063,0
17,0,0,0,0,0,2.83,64.15,61.7,0.4254,16,4.44,14.95,0,0,0,-0.9659258262890683,-0.25881904510252063,0
8,4,1,1,1,4,0.22,8.79,124.84,0.0486,3,25.1,579.5,1,1,1,0.8660254037844387,-0.4999999999999998,1
14,3,0,0,1,0,2.08,28.03,40.02,0.3681,10,8.96,40.46,0,0,0,-0.4999999999999997,-0.8660254037844388,0
14,1,0,0,0,0,4.69,24.87,75.87,0.4038,28,5.8,30.64,0,0,0,-0.4999999999999997,-0.8660254037844388,0
6,4,0,0,0,0,3.42,70.44,71.15,0.4092,13,2.29,0.82,0,0,0,1.0,6.123233995736766e-17,0
13,3,0,0,0,0,3.91,60.32,72.05,0.6863,20,1.16,2.53,0,0,0,-0.2588190451025208,-0.9659258262890683,0
13,4,0,0,0,0,3.41,109.98,52.87,0.414,8,2.12,46.0,0,0,0,-0.2588190451025208,-0.9659258262890683,0
19,3,0,0,1,0,2.73,70.29,58.56,0.6066,8,9.25,41.4,0,0,1,-0.9659258262890684,0.2588190451025203,0
23,1,0,0,0,0,0.54,110.99,38.83,0.4703,5,7.48,47.34,0,0,0,-0.25881904510252157,0.9659258262890681,0
1,5,0,0,0,0,1.09,80.19,77.15,0.3466,30,9.4,27.46,0,0,0,0.25881904510252074,0.9659258262890683,0
13,0,0,0,0,0,2.15,9.19,75.54,0.3392,28,7.2,8.87,0,0,2,-0.2588190451025208,-0.9659258262890683,0
20,0,0,0,0,0,3.14,109.99,34.73,0.6729,3,1.15,29.54,0,0,0,-0.8660254037844386,0.5000000000000001,0
20,4,0,0,0,0,4.94,47.67,71.73,0.412,20,3.49,43.22,0,0,0,-0.8660254037844386,0.5000000000000001,0
16,0,0,0,0,0,3.92,82.18,65.68,0.6081,14,4.52,36.34,0,0,0,-0.8660254037844385,-0.5000000000000004,0
15,1,0,0,0,0,2.15,28.42,63.79,0.658,16,2.12,47.18,0,0,1,-0.7071067811865471,-0.7071067811865479,0
7,0,0,0,0,0,2.36,115.49,50.33,0.5542,21,9.16,45.27,1,0,0,0.9659258262890683,-0.25881904510252063,0
9,0,0,0,0,0,4.92,89.83,59.87,0.3902,11,4.29,14.76,0,0,0,0.7071067811865476,-0.7071067811865475,0
8,5,0,0,1,0,3.0,6.43,64.38,0.4166,12,3.42,14.93,0,0,0,0.8660254037844387,-0.4999999999999998,0
21,4,0,1,1,4,0.5,13.82,52.8,0.2527,1,13.78,341.81,1,1,1,-0.7071067811865477,0.7071067811865474,1
10,3,0,0,0,2,4.69,79.66,71.26,0.6341,29,4.17,2.93,0,0,0,0.49999999999999994,-0.8660254037844387,0
7,4,0,0,1,0,1.73,20.36,53.35,0.5951,20,1.12,15.38,0,0,0,0.9659258262890683,-0.25881904510252063,0
4,6,0,0,0,2,0.7,1.09,100.7,0.1366,2,29.49,187.88,1,1,1,0.8660254037844386,0.5000000000000001,1
6,3,1,1,1,3,0.96,4.18,68.3,0.2323,1,39.21,576.58,1,1,1,1.0,6.123233995736766e-17,1
15,5,0,0,0,0,2.09,106.42,69.98,0.4892,13,8.42,35.99,0,0,2,-0.7071067811865471,-0.7071067811865479,0
6,0,0,0,0,0,2.58,96.09,58.73,0.5033,2,6.26,12.44,0,0,0,1.0,6.123233995736766e-17,0
5,0,0,0,0,1,1.11,49.06,48.74,0.6217,17,2.18,5.21,0,0,1,0.9659258262890683,0.25881904510252074,0
12,2,1,0,1,0,0.89,81.9,44.56,0.4973,6,2.61,23.65,0,0,0,1.2246467991473532e-16,-1.0,0
15,0,0,0,1,0,1.67,50.26,55.09,0.6594,30,8.9,34.18,0,0,0,-0.7071067811865471,-0.7071067811865479,0
17,1,0,0,0,0,1.94,89.19,79.38,0.5696,10,9.67,28.82,0,0,0,-0.9659258262890683,-0.25881904510252063,0
16,5,0,0,1,0,3.71,61.28,46.57,0.4184,15,7.44,30.58,0,0,0,-0.8660254037844385,-0.5000000000000004,0
10,5,1,1,0,4,0.18,5.12,32.59,0.0241,2,16.77,368.1,0,0,1,0.49999999999999994,-0.8660254037844387,1
5,6,0,0,0,0,2.26,96.41,79.06,0.5229,24,8.81,47.25,0,0,0,0.9659258262890683,0.25881904510252074,0
17,5,0,0,0,0,4.64,57.61,51.02,0.3034,19,8.94,13.52,0,0,1,-0.9659258262890683,-0.25881904510252063,0
9,1,0,0,0,0,1.08,73.26,60.17,0.3398,26,2.78,37.89,0,0,1,0.7071067811865476,-0.7071067811865475,0
21,6,0,1,0,0,3.4,42.43,35.86,0.6288,7,4.59,5.66,0,0,0,-0.7071067811865477,0.7071067811865474,0
16,6,1,1,1,4,0.34,13.36,106.45,0.1091,2,44.57,693.95,0,1,2,-0.8660254037844385,-0.5000000000000004,1
19,4,0,0,0,0,4.67,116.74,74.16,0.5067,6,8.45,20.08,1,0,0,-0.9659258262890684,0.2588190451025203,0
4,4,0,0,0,0,3.11,10.84,52.68,0.6157,5,7.91,19.56,0,0,0,0.8660254037844386,0.5000000000000001,0
2,2,1,1,1,1,0.84,11.89,11.73,0.0686,1,10.32,701.06,1,1,0,0.49999999999999994,0.8660254037844387,1
7,6,0,0,0,0,4.3,43.66,53.55,0.6568,10,2.5,10.41,0,0,0,0.9659258262890683,-0.25881904510252063,0
11,0,0,1,0,0,3.49,61.07,73.7,0.5319,19,5.44,35.17,1,0,0,0.258819045102521,-0.9659258262890682,0
7,4,1,1,1,4,0.4,2.53,110.79,0.1292,3,16.47,392.05,0,1,1,0.9659258262890683,-0.25881904510252063,1
8,3,0,0,0,0,3.22,20.39,58.96,0.3458,27,7.52,22.17,0,0,1,0.8660254037844387,-0.4999999999999998,0
8,3,0,0,0,0,2.11,9.7,41.42,0.6249,25,4.18,45.52,0,0,0,0.8660254037844387,-0.4999999999999998,0
8,0,0,0,0,0,0.78,11.92,61.16,0.6732,4,5.41,19.57,0,0,2,0.8660254037844387,-0.4999999999999998,0
17,2,0,0,0,0,2.68,50.75,68.36,0.4691,28,8.89,13.96,0,0,0,-0.9659258262890683,-0.25881904510252063,0
23,1,0,0,1,0,1.82,93.69,52.63,0.6644,7,1.89,41.83,0,0,1,-0.25881904510252157,0.9659258262890681,0
19,4,0,0,1,0,2.87,52.69,65.42,0.4652,28,3.58,28.94,0,0,1,-0.9659258262890684,0.2588190451025203,0
14,0,0,0,0,0,3.14,74.94,75.33,0.6291,10,8.97,7.35,0,0,1,-0.4999999999999997,-0.8660254037844388,0
5,0,1,1,0,1,0.86,14.4,30.06,0.2704,2,28.67,143.53,1,1,0,0.9659258262890683,0.25881904510252074,1
16,2,0,0,0,1,0.87,117.51,69.74,0.6783,9,9.03,20.17,0,0,0,-0.8660254037844385,-0.5000000000000004,0
9,2,0,0,0,0,3.47,82.11,34.73,0.3596,24,1.17,25.43,0,0,2,0.7071067811865476,-0.7071067811865475,0
7,5,0,0,0,0,3.29,44.44,60.97,0.4634,14,1.61,37.38,0,0,1,0.9659258262890683,-0.25881904510252063,0
11,5,0,0,0,0,4.31,22.82,65.93,0.6256,25,1.09,4.9,0,0,1,0.258819045102521,-0.9659258262890682,0
9,5,0,0,0,0,4.67,94.14,54.26,0.4435,25,1.25,0.57,0,0,1,0.7071067811865476,-0.7071067811865475,0
8,6,0,0,0,0,4.77,25.78,48.61,0.6062,26,8.59,3.74,0,0,0,0.8660254037844387,-0.4999999999999998,0
0,6,1,0,1,0,0.6,14.56,46.73,0.1295,1,12.82,597.79,1,0,0,0.0,1.0,1
22,1,0,0,0,0,0.54,59.69,58.04,0.5822,28,6.71,20.22,0,0,0,-0.5000000000000004,0.8660254037844384,0
18,2,0,0,0,0,3.33,88.67,31.69,0.3926,15,6.52,1.33,0,0,0,-1.0,-1.8369701987210297e-16,0
3,0,1,1,1,4,0.14,13.69,106.35,0.2014,2,13.53,624.53,0,1,0,0.7071067811865476,0.7071067811865476,1
15,1,0,0,0,0,2.05,77.43,40.19,0.3969,27,8.39,13.02,0,0,0,-0.7071067811865471,-0.7071067811865479,0
10,2,0,0,0,0,3.73,80.83,48.83,0.4354,15,8.05,47.81,1,0,0,0.49999999999999994,-0.8660254037844387,0
13,4,0,0,0,1,0.53,12.11,49.18,0.3387,29,2.49,7.04,1,0,1,-0.2588190451025208,-0.9659258262890683,0
21,1,0,1,0,0,3.95,89.42,37.54,0.34,25,1.85,12.14,0,0,0,-0.7071067811865477,0.7071067811865474,0
9,2,1,0,0,0,4.68,87.05,58.8,0.683,28,6.3,12.85,0,0,0,0.7071067811865476,-0.7071067811865475,0
7,2,1,0,0,0,3.68,22.01,79.45,0.3233,27,9.59,4.88,0,0,1,0.9659258262890683,-0.25881904510252063,0
8,2,0,0,0,0,2.36,103.64,56.25,0.683,20,6.92,38.66,0,0,1,0.8660254037844387,-0.4999999999999998,0
9,5,0,0,0,0,0.57,52.45,48.33,0.5538,5,6.67,20.19,0,0,1,0.7071067811865476,-0.7071067811865475,0
9,2,0,0,0,1,1.74,32.44,52.11,0.6016,25,7.9,10.99,0,0,0,0.7071067811865476,-0.7071067811865475,0
17,1,0,0,0,2,1.77,17.39,77.46,0.6253,12,5.68,35.24,0,0,1,-0.9659258262890683,-0.25881904510252063,0
14,3,0,1,1,4,0.32,14.06,29.1,0.207,4,41.34,235.22,1,1,0,-0.4999999999999997,-0.8660254037844388,1
4,2,1,1,1,5,0.06,7.95,94.45,0.2922,5,19.78,506.91,1,0,1,0.8660254037844386,0.5000000000000001,1
14,6,0,0,0,0,3.81,70.84,67.58,0.3056,25,3.37,38.7,0,0,1,-0.4999999999999997,-0.8660254037844388,0
8,3,0,0,1,0,2.39,28.09,64.26,0.3327,22,4.8,4.67,0,0,0,0.8660254037844387,-0.4999999999999998,0
20,6,0,0,0,1,3.15,33.42,30.73,0.654,28,8.17,45.66,1,0,1,-0.8660254037844386,0.5000000000000001,0
17,2,0,0,0,0,4.57,40.49,45.86,0.3645,6,9.31,11.31,0,0,1,-0.9659258262890683,-0.25881904510252063,0
18,2,0,0,1,0,1.97,5.71,49.92,0.384,20,6.28,12.74,0,0,1,-1.0,-1.8369701987210297e-16,0
12,2,0,0,0,0,4.32,94.09,78.88,0.3715,22,8.05,17.96,0,0,0,1.2246467991473532e-16,-1.0,0
19,1,0,0,0,0,4.16,69.33,58.82,0.5649,8,3.69,45.05,0,0,1,-0.9659258262890684,0.2588190451025203,0
13,0,0,0,0,0,2.3,49.07,62.44,0.6625,21,4.74,39.78,0,0,0,-0.2588190451025208,-0.9659258262890683,0
15,6,0,0,0,0,1.23,80.37,55.15,0.3137,27,1.4,31.09,0,0,1,-0.7071067811865471,-0.7071067811865479,0
11,4,1,1,1,0,0.97,8.09,102.1,0.1748,5,44.13,410.61,1,0,1,0.258819045102521,-0.9659258262890682,1
22,4,0,0,0,0,1.51,13.93,46.12,0.4233,24,5.48,18.44,0,0,1,-0.5000000000000004,0.8660254037844384,0
9,6,0,0,0,0,2.17,26.48,61.52,0.3748,2,8.07,34.56,1,0,2,0.7071067811865476,-0.7071067811865475,0
21,0,1,0,0,4,0.91,10.07,54.25,0.0778,5,34.5,160.55,0,1,1,-0.7071067811865477,0.7071067811865474,1
17,6,0,1,0,0,3.93,89.1,67.67,0.3614,3,9.56,23.26,0,0,2,-0.9659258262890683,-0.25881904510252063,0
17,1,0,0,0,0,3.39,15.72,71.62,0.5944,2,5.04,16.03,0,0,1,-0.9659258262890683,-0.25881904510252063,0
10,1,0,0,0,0,2.77,58.72,36.71,0.3622,13,6.69,23.86,0,0,0,0.49999999999999994,-0.8660254037844387,0
17,0,0,0,0,0,2.23,24.28,34.16,0.3793,2,7.34,41.0,0,0,1,-0.9659258262890683,-0.25881904510252063,0
20,3,0,0,0,0,3.5,110.61,34.87,0.3914,30,6.18,40.32,0,0,1,-0.8660254037844386,0.5000000000000001,0
6,4,0,0,0,0,3.21,42.76,72.18,0.631,2,2.22,32.59,0,0,0,1.0,6.123233995736766e-17,0
21,6,0,0,0,0,1.0,74.29,38.28,0.6831,22,5.44,27.62,0,0,1,-0.7071067811865477,0.7071067811865474,0
4,6,0,0,0,0,1.15,68.51,40.26,0.3114,18,8.24,30.48,0,0,1,0.8660254037844386,0.5000000000000001,0
21,0,0,1,0,0,3.2,106.57,75.27,0.3444,13,1.0,20.51,0,0,0,-0.7071067811865477,0.7071067811865474,0
13,4,1,0,0,0,2.33,29.6,39.44,0.4688,17,5.27,42.71,0,0,0,-0.2588190451025208,-0.9659258262890683,0
23,5,0,0,0,0,4.01,78.98,67.55,0.3172,17,8.06,23.7,1,0,1,-0.25881904510252157,0.9659258262890681,0
19,4,0,0,0,0,1.58,32.19,40.1,0.6991,9,5.09,13.96,0,0,0,-0.9659258262890684,0.2588190451025203,0
7,5,1,0,0,0,2.48,98.57,57.93,0.3625,2,7.78,29.37,0,0,0,0.9659258262890683,-0.25881904510252063,0
15,3,0,0,0,0,4.33,115.08,72.2,0.5684,25,8.72,35.53,0,0,1,-0.7071067811865471,-0.7071067811865479,0
15,2,0,0,0,0,2.74,112.44,58.34,0.362,11,5.86,1.15,0,0,1,-0.7071067811865471,-0.7071067811865479,0
0,5,0,0,0,0,4.24,11.21,46.82,0.6926,25,2.24,4.7,0,0,1,0.0,1.0,0
22,3,0,0,0,1,3.26,53.92,45.19,0.684,23,6.49,32.43,0,0,1,-0.5000000000000004,0.8660254037844384,0
1,2,0,1,1,1,0.95,5.64,122.24,0.1708,4,45.27,415.69,1,1,0,0.25881904510252074,0.9659258262890683,1
18,3,0,1,0,0,2.52,87.41,68.69,0.4091,22,5.82,40.29,0,0,0,-1.0,-1.8369701987210297e-16,0
9,2,0,1,0,0,1.93,24.69,39.9,0.3181,30,4.35,27.41,0,0,0,0.7071067811865476,-0.7071067811865475,0
14,4,0,0,0,1,1.16,115.63,72.36,0.4422,16,1.19,24.77,0,0,1,-0.4999999999999997,-0.8660254037844388,0
18,6,0,0,0,0,4.48,96.03,34.09,0.5109,22,1.84,10.63,0,0,0,-1.0,-1.8369701987210297e-16,0
19,3,0,1,0,0,0.6,92.93,75.66,0.5881,28,4.82,38.94,0,0,0,-0.9659258262890684,0.2588190451025203,0
16,0,0,0,0,1,2.07,109.47,70.13,0.3207,28,4.54,5.18,0,0,2,-0.8660254037844385,-0.5000000000000004,0
16,3,0,0,0,0,2.62,56.8,33.48,0.4473,21,8.6,26.93,0,0,0,-0.8660254037844385,-0.5000000000000004,0
4,3,0,1,0,5,0.54,6.75,21.45,0.0248,2,38.23,106.26,1,1,0,0.8660254037844386,0.5000000000000001,1
13,6,0,0,0,0,4.5,108.57,38.82,0.4123,19,8.67,9.4,0,0,0,-0.2588190451025208,-0.9659258262890683,0
8,6,0,0,0,1,4.62,89.64,35.59,0.3422,2,6.24,20.32,0,0,0,0.8660254037844387,-0.4999999999999998,0
10,1,0,0,1,0,1.29,78.42,31.69,0.6598,28,2.57,45.14,0,0,1,0.49999999999999994,-0.8660254037844387,0
13,3,1,0,0,0,2.5,107.33,49.94,0.6336,23,3.79,11.08,1,0,1,-0.2588190451025208,-0.9659258262890683,0
19,0,0,1,0,0,0.5,103.84,70.48,0.4407,10,1.82,30.43,1,0,1,-0.9659258262890684,0.2588190451025203,0
11,5,0,0,0,0,1.51,103.92,60.93,0.6398,29,8.96,41.88,0,0,1,0.258819045102521,-0.9659258262890682,0
19,5,1,1,1,2,0.06,9.05,136.17,0.1786,2,26.79,157.57,1,1,1,-0.9659258262890684,0.2588190451025203,1
16,6,0,0,0,0,3.43,37.38,40.9,0.5583,6,4.92,14.2,0,0,0,-0.8660254037844385,-0.5000000000000004,0
0,1,1,1,1,1,0.75,14.82,14.9,0.1348,3,14.03,635.78,1,0,0,0.0,1.0,1
4,5,0,1,0,4,0.55,12.25,10.63,0.1033,2,42.43,320.16,0,1,1,0.8660254037844386,0.5000000000000001,1
2,3,1,1,1,5,0.63,13.18,59.25,0.1962,3,16.26,521.28,1,1,1,0.49999999999999994,0.8660254037844387,1
7,3,0,0,0,0,3.53,95.81,79.09,0.5374,24,8.11,25.55,0,0,1,0.9659258262890683,-0.25881904510252063,0
15,6,0,0,0,0,4.13,48.83,58.92,0.4908,23,2.34,35.85,0,0,1,-0.7071067811865471,-0.7071067811865479,0
16,5,1,0,0,0,3.04,26.92,72.85,0.368,14,3.85,28.9,0,0,1,-0.8660254037844385,-0.5000000000000004,0
10,0,0,0,0,0,3.71,33.98,52.04,0.303,28,5.74,18.66,0,0,0,0.49999999999999994,-0.8660254037844387,0
10,1,0,0,0,0,3.84,15.35,67.86,0.5979,24,8.15,6.73,0,0,0,0.49999999999999994,-0.8660254037844387,0
18,2,0,0,0,0,2.11,48.57,47.93,0.4274,23,7.66,5.99,0,0,0,-1.0,-1.8369701987210297e-16,0
17,0,0,1,1,0,3.89,87.59,63.16,0.4217,10,4.98,10.71,0,0,0,-0.9659258262890683,-0.25881904510252063,0
1,6,0,1,1,3,0.12,10.37,91.71,0.0216,4,32.96,365.42,0,0,1,0.25881904510252074,0.9659258262890683,1
21,3,0,0,0,0,4.33,119.58,72.48,0.6183,25,8.35,24.15,0,0,1,-0.7071067811865477,0.7071067811865474,0
14,6,0,0,0,1,4.73,68.14,73.02,0.5217,19,2.64,36.16,0,0,2,-0.4999999999999997,-0.8660254037844388,0
17,5,0,0,0,0,0.59,44.9,64.93,0.6826,27,2.45,1.44,0,0,1,-0.9659258262890683,-0.25881904510252063,0
11,6,0,0,0,0,2.88,44.57,52.65,0.4596,6,7.33,23.64,1,0,1,0.258819045102521,-0.9659258262890682,0
9,3,0,0,0,0,1.8,90.16,44.62,0.4644,22,2.23,7.76,0,0,0,0.7071067811865476,-0.7071067811865475,0
16,2,1,0,0,0,1.54,58.54,42.94,0.4184,15,2.85,24.9,0,0,0,-0.8660254037844385,-0.5000000000000004,0
9,6,0,0,0,0,4.5,100.17,55.02,0.6622,20,5.47,1.69,0,0,1,0.7071067811865476,-0.7071067811865475,0
11,0,0,0,0,0,3.9,36.71,69.83,0.3858,8,8.15,20.86,0,0,1,0.258819045102521,-0.9659258262890682,0
9,6,0,0,0,1,3.71,33.14,39.78,0.6202,9,4.83,8.63,0,0,1,0.7071067811865476,-0.7071067811865475,0
7,6,0,0,0,0,2.51,73.09,44.47,0.4873,9,6.05,22.47,0,0,0,0.9659258262890683,-0.25881904510252063,0
7,1,0,1,0,0,0.54,30.79,78.35,0.4081,6,8.72,5.93,0,0,0,0.9659258262890683,-0.25881904510252063,0
2,6,1,1,0,1,0.57,6.32,22.45,0.1402,5,29.48,174.76,0,1,1,0.49999999999999994,0.8660254037844387,1
18,3,0,0,0,1,3.5,46.85,67.25,0.4105,17,1.69,3.43,0,0,0,-1.0,-1.8369701987210297e-16,0
19,3,0,0,0,0,2.07,118.85,40.38,0.4751,21,2.98,15.86,0,0,1,-0.9659258262890684,0.2588190451025203,0
23,2,0,0,0,2,2.89,34.71,59.7,0.5741,7,3.26,3.46,0,0,0,-0.25881904510252157,0.9659258262890681,0
16,2,0,0,1,0,1.82,88.7,54.31,0.4652,30,9.04,20.61,0,0,1,-0.8660254037844385,-0.5000000000000004,0
14,6,0,0,0,0,3.53,23.51,47.0,0.6282,27,9.85,46.14,0,0,1,-0.4999999999999997,-0.8660254037844388,0
10,0,0,0,0,0,4.92,104.74,76.74,0.4682,19,4.58,34.69,0,0,0,0.49999999999999994,-0.8660254037844387,0
21,3,0,0,0,0,1.15,60.62,54.34,0.4575,30,2.21,21.39,0,0,1,-0.7071067811865477,0.7071067811865474,0
9,3,0,1,0,0,4.74,48.29,52.26,0.4815,6,8.53,30.37,0,0,0,0.7071067811865476,-0.7071067811865475,0
19,6,0,0,1,0,3.85,92.12,34.16,0.4112,6,1.82,0.61,0,0,0,-0.9659258262890684,0.2588190451025203,0
12,3,0,0,0,0,0.93,85.2,37.06,0.5488,19,6.72,44.82,0,0,2,1.2246467991473532e-16,-1.0,0
5,4,0,0,0,1,4.21,97.87,30.09,0.5336,24,4.62,30.74,0,0,1,0.9659258262890683,0.25881904510252074,0
14,1,0,0,0,0,4.13,62.2,56.03,0.6769,11,8.51,3.31,0,0,1,-0.4999999999999997,-0.8660254037844388,0
19,4,0,0,0,0,1.82,6.61,64.73,0.5331,11,8.95,38.57,0,0,0,-0.9659258262890684,0.2588190451025203,0
17,6,0,0,0,0,4.79,102.09,62.97,0.6151,29,7.84,29.26,0,0,2,-0.9659258262890683,-0.25881904510252063,0
7,3,0,0,0,0,4.27,112.77,30.46,0.456,20,9.38,31.98,0,0,0,0.9659258262890683,-0.25881904510252063,0
5,6,0,0,0,0,2.94,12.7,42.52,0.4746,22,1.06,4.26,0,0,1,0.9659258262890683,0.25881904510252074,0
3,5,1,1,1,2,0.08,7.13,57.76,0.0616,2,24.41,276.11,1,1,2,0.7071067811865476,0.7071067811865476,1
15,5,0,0,1,1,1.02,90.52,70.74,0.3157,13,5.28,12.82,0,0,0,-0.7071067811865471,-0.7071067811865479,0
13,6,0,0,0,0,1.06,48.78,79.33,0.3795,17,7.21,25.14,0,0,0,-0.2588190451025208,-0.9659258262890683,0
14,4,0,0,0,1,4.52,57.18,30.58,0.578,11,6.34,36.6,0,0,0,-0.4999999999999997,-0.8660254037844388,0
15,0,1,0,0,0,4.34,55.68,31.44,0.4206,5,2.75,30.95,0,0,1,-0.7071067811865471,-0.7071067811865479,0
8,0,0,0,0,0,1.17,112.6,78.76,0.5438,12,4.07,10.16,0,0,0,0.8660254037844387,-0.4999999999999998,0
23,6,0,1,1,4,0.31,1.07,95.3,0.015,3,47.79,441.33,1,1,1,-0.25881904510252157,0.9659258262890681,1
11,4,0,0,0,0,1.34,67.92,32.85,0.6479,7,3.61,18.45,0,0,0,0.258819045102521,-0.9659258262890682,0
12,0,0,0,0,0,3.59,86.73,41.39,0.6056,14,7.92,47.79,0,0,2,1.2246467991473532e-16,-1.0,0
16,1,1,1,0,1,0.93,2.05,136.99,0.184,2,16.82,165.02,0,1,0,-0.8660254037844385,-0.5000000000000004,1
23,4,1,1,1,3,0.17,10.11,135.88,0.2488,4,47.77,580.46,1,0,2,-0.25881904510252157,0.9659258262890681,1
5,1,0,0,0,0,2.42,85.83,53.46,0.6029,5,3.98,9.76,0,0,1,0.9659258262890683,0.25881904510252074,0
23,4,1,1,1,1,0.39,1.71,75.98,0.0588,2,24.84,393.51,0,1,2,-0.25881904510252157,0.9659258262890681,1
23,0,1,1,1,3,0.2,12.97,29.4,0.2174,4,22.52,477.42,1,1,0,-0.25881904510252157,0.9659258262890681,1
15,0,0,0,0,2,4.37,88.14,55.29,0.5162,6,1.81,41.79,0,0,1,-0.7071067811865471,-0.7071067811865479,0
19,3,0,1,0,0,4.07,76.51,44.33,0.5729,20,9.84,34.27,1,0,0,-0.9659258262890684,0.2588190451025203,0
16,0,1,0,0,2,0.32,2.1,104.07,0.0406,1,32.04,544.28,1,1,1,-0.8660254037844385,-0.5000000000000004,1
20,4,0,0,0,0,4.65,67.07,54.55,0.4887,21,8.8,30.86,0,0,1,-0.8660254037844386,0.5000000000000001,0
8,2,0,0,0,0,1.22,55.48,46.9,0.5891,26,1.61,14.7,0,0,1,0.8660254037844387,-0.4999999999999998,0
8,6,0,0,0,1,0.77,91.27,76.94,0.4568,19,8.65,36.1,0,0,0,0.8660254037844387,-0.4999999999999998,0
3,6,1,1,1,5,0.23,4.23,129.5,0.0438,5,24.2,310.34,0,1,1,0.7071067811865476,0.7071067811865476,1
23,2,0,0,0,0,1.15,80.18,30.23,0.3687,27,7.43,6.8,0,0,0,-0.25881904510252157,0.9659258262890681,0
19,3,0,0,0,0,2.64,118.88,58.27,0.5674,12,5.9,27.91,0,0,0,-0.9659258262890684,0.2588190451025203,0
7,0,0,0,0,0,3.89,83.97,74.33,0.6833,30,8.14,11.62,0,0,1,0.9659258262890683,-0.25881904510252063,0
7,5,0,0,0,0,1.11,28.75,79.39,0.5075,7,3.9,2.53,0,0,0,0.9659258262890683,-0.25881904510252063,0
12,4,0,0,0,0,4.64,60.94,31.04,0.3141,7,2.41,36.69,0,0,1,1.2246467991473532e-16,-1.0,0
19,4,0,0,0,0,0.83,80.18,65.15,0.4939,29,6.58,1.44,0,0,2,-0.9659258262890684,0.2588190451025203,0
17,0,0,0,0,0,1.04,21.42,62.94,0.4758,13,6.75,35.9,0,0,0,-0.9659258262890683,-0.25881904510252063,0
18,3,0,0,0,0,0.84,35.84,39.61,0.5019,11,9.67,26.63,0,0,0,-1.0,-1.8369701987210297e-16,0
18,6,0,0,0,2,1.92,31.72,62.95,0.5901,26,8.79,45.77,0,0,2,-1.0,-1.8369701987210297e-16,0
17,2,0,0,1,0,2.9,32.18,76.55,0.6195,11,1.85,7.0,0,0,0,-0.9659258262890683,-0.25881904510252063,0
7,2,0,1,0,0,1.34,14.5,48.16,0.5725,22,3.51,0.6,0,0,0,0.9659258262890683,-0.25881904510252063,0
7,4,0,1,0,1,4.04,32.58,62.17,0.6339,5,7.21,45.84,0,0,2,0.9659258262890683,-0.25881904510252063,0
6,3,1,1,1,2,0.58,6.62,11.92,0.2296,3,17.96,228.63,1,1,0,1.0,6.123233995736766e-17,1
1,3,1,1,1,1,0.09,9.3,101.74,0.179,5,41.52,547.79,1,0,0,0.25881904510252074,0.9659258262890683,1
22,0,1,1,1,3,0.59,1.19,124.44,0.2383,1,26.23,242.55,1,1,1,-0.5000000000000004,0.8660254037844384,1
6,0,1,1,1,4,0.46,8.72,141.15,0.2196,4,48.44,519.2,1,1,2,1.0,6.123233995736766e-17,1
15,6,0,0,0,0,4.95,43.73,34.31,0.3029,11,2.08,16.52,0,0,2,-0.7071067811865471,-0.7071067811865479,0
14,2,0,0,0,0,1.08,107.09,70.54,0.406,26,8.98,34.28,1,0,0,-0.4999999999999997,-0.8660254037844388,0
16,4,0,0,0,0,1.02,26.68,42.73,0.521,25,2.6,13.35,0,0,2,-0.8660254037844385,-0.5000000000000004,0
4,3,0,0,0,0,1.25,74.59,30.93,0.5536,6,5.47,2.72,0,0,1,0.8660254037844386,0.5000000000000001,0
23,1,0,1,1,5,0.11,8.1,118.27,0.24,3,13.98,208.82,1,1,0,-0.25881904510252157,0.9659258262890681,1
8,1,0,1,0,0,1.6,117.21,63.86,0.5026,25,2.54,16.56,0,0,0,0.8660254037844387,-0.4999999999999998,0
8,3,0,0,0,0,3.16,54.5,56.56,0.4532,5,5.28,8.64,0,0,2,0.8660254037844387,-0.4999999999999998,0
12,5,0,0,0,0,3.42,36.11,66.28,0.6343,19,4.84,21.69,1,0,1,1.2246467991473532e-16,-1.0,0
11,0,0,0,0,0,4.89,58.41,75.65,0.4211,20,4.6,7.2,0,0,0,0.258819045102521,-0.9659258262890682,0
7,0,1,1,1,3,0.15,13.76,13.05,0.1679,4,24.68,158.64,0,1,2,0.9659258262890683,-0.25881904510252063,1
23,1,0,0,0,0,2.18,96.13,76.58,0.4847,14,6.76,7.68,0,0,1,-0.25881904510252157,0.9659258262890681,0
22,6,0,0,1,3,0.04,6.02,126.78,0.1173,2,38.07,476.62,1,1,1,-0.5000000000000004,0.8660254037844384,1
10,0,0,0,0,0,2.93,113.41,47.94,0.5161,3,2.2,4.4,0,0,1,0.49999999999999994,-0.8660254037844387,0
4,3,1,1,1,3,0.08,2.48,17.51,0.0742,5,46.75,353.18,1,1,0,0.8660254037844386,0.5000000000000001,1
10,3,0,0,1,0,2.21,117.22,43.11,0.355,7,7.92,28.49,1,0,1,0.49999999999999994,-0.8660254037844387,0
15,6,0,0,0,0,3.49,26.33,45.81,0.4068,11,8.39,28.92,0,0,1,-0.7071067811865471,-0.7071067811865479,0
21,3,1,1,1,0,0.99,8.91,130.99,0.0708,2,35.04,586.5,1,1,1,-0.7071067811865477,0.7071067811865474,1
0,0,0,0,0,1,4.48,70.61,75.28,0.4042,26,7.02,35.51,0,0,0,0.0,1.0,0
23,0,0,0,0,0,4.04,106.51,78.39,0.5648,30,5.14,9.94,0,0,1,-0.25881904510252157,0.9659258262890681,0
17,2,0,0,0,0,1.56,47.79,37.39,0.3764,3,3.82,7.32,0,0,0,-0.9659258262890683,-0.25881904510252063,0
8,1,0,0,0,0,2.27,72.9,31.32,0.4952,7,9.26,7.81,0,0,1,0.8660254037844387,-0.4999999999999998,0
8,5,0,1,0,0,4.15,23.94,58.99,0.3784,11,3.07,30.69,0,0,1,0.8660254037844387,-0.4999999999999998,0
10,4,0,0,0,0,2.48,92.06,31.51,0.5535,3,8.11,10.15,0,0,2,0.49999999999999994,-0.8660254037844387,0
20,0,0,0,0,0,1.78,60.0,77.8,0.5698,12,3.44,3.96,0,0,0,-0.8660254037844386,0.5000000000000001,0
14,0,0,0,0,0,1.49,60.39,75.12,0.4741,13,6.61,34.53,0,0,0,-0.4999999999999997,-0.8660254037844388,0
15,4,0,0,0,0,4.1,105.97,63.35,0.3965,4,1.4,40.29,0,0,1,-0.7071067811865471,-0.7071067811865479,0
19,3,0,0,0,0,1.95,41.66,68.59,0.4844,6,3.09,1.4,0,0,1,-0.9659258262890684,0.2588190451025203,0
4,6,1,1,1,3,0.53,6.36,98.04,0.0075,2,38.18,574.45,0,1,1,0.8660254037844386,0.5000000000000001,1
7,1,0,0,0,0,1.7,77.42,69.98,0.5191,9,3.38,15.64,0,0,0,0.9659258262890683,-0.25881904510252063,0
14,5,0,0,0,0,2.44,22.26,33.22,0.4312,4,4.31,9.95,0,0,0,-0.4999999999999997,-0.8660254037844388,0
16,3,0,0,0,1,1.25,108.0,37.8,0.3198,20,2.02,43.34,0,0,2,-0.8660254037844385,-0.5000000000000004,0
12,2,1,1,1,4,0.7,1.0,139.28,0.1517,2,49.1,423.69,1,1,0,1.2246467991473532e-16,-1.0,1
9,6,0,0,0,0,0.92,53.07,46.74,0.5236,24,2.08,35.43,0,0,1,0.7071067811865476,-0.7071067811865475,0
17,3,0,0,0,0,2.5,19.33,67.37,0.5514,13,5.99,25.41,0,0,1,-0.9659258262890683,-0.25881904510252063,0
13,1,0,0,0,0,3.49,116.42,76.37,0.3007,13,8.62,4.6,0,0,2,-0.2588190451025208,-0.9659258262890683,0
8,4,0,0,0,0,4.78,40.83,57.78,0.4651,9,1.87,14.48,0,0,0,0.8660254037844387,-0.4999999999999998,0
1,3,0,0,0,0,0.77,6.97,46.75,0.6163,30,6.2,14.69,0,0,0,0.25881904510252074,0.9659258262890683,0
18,0,0,0,0,0,2.04,39.57,32.33,0.3637,30,7.45,28.34,1,0,1,-1.0,-1.8369701987210297e-16,0
11,5,0,0,0,0,3.86,57.92,57.93,0.4238,11,6.88,44.31,1,0,1,0.258819045102521,-0.9659258262890682,0
9,6,0,1,0,0,2.04,16.66,68.11,0.6016,27,9.78,9.53,0,0,1,0.7071067811865476,-0.7071067811865475,0
2,5,0,0,0,0,0.7,100.05,42.3,0.401,13,9.98,10.04,1,0,0,0.49999999999999994,0.8660254037844387,0
20,5,0,0,0,0,2.15,111.09,47.89,0.5718,27,7.94,31.33,0,0,1,-0.8660254037844386,0.5000000000000001,0
10,4,0,0,0,0,2.35,30.22,78.9,0.3924,3,4.1,29.03,0,0,1,0.49999999999999994,-0.8660254037844387,0
8,4,0,0,0,0,3.31,57.43,77.44,0.3579,26,2.34,22.16,0,0,0,0.8660254037844387,-0.4999999999999998,0
6,1,1,1,1,3,0.19,7.5,30.09,0.0376,3,16.74,463.81,0,1,0,1.0,6.123233995736766e-17,1
13,4,1,0,0,0,4.47,47.94,45.94,0.467,28,2.81,48.0,0,0,0,-0.2588190451025208,-0.9659258262890683,0
2,3,1,1,0,1,0.15,3.76,103.6,0.0196,4,41.73,126.74,1,1,2,0.49999999999999994,0.8660254037844387,1
18,0,0,0,0,0,2.86,100.6,49.5,0.4168,12,6.64,34.54,1,0,1,-1.0,-1.8369701987210297e-16,0
10,3,0,0,0,0,1.73,92.62,79.63,0.4112,2,4.07,42.12,0,0,1,0.49999999999999994,-0.8660254037844387,0
4,0,0,0,1,2,0.39,9.06,79.2,0.0899,4,24.54,467.01,0,1,0,0.8660254037844386,0.5000000000000001,1
19,5,0,0,0,0,1.93,16.92,58.9,0.5236,26,3.19,22.72,0,0,1,-0.9659258262890684,0.2588190451025203,0
17,1,0,0,0,0,3.37,102.25,57.17,0.5415,21,7.31,24.7,0,0,1,-0.9659258262890683,-0.25881904510252063,0
16,0,0,0,0,0,4.32,46.19,49.58,0.5126,11,7.1,33.99,1,0,0,-0.8660254037844385,-0.5000000000000004,0
13,3,0,0,0,0,4.77,21.16,36.71,0.5378,5,1.16,1.7,0,0,0,-0.2588190451025208,-0.9659258262890683,0
9,3,0,0,0,0,4.97,81.42,55.22,0.5175,14,4.64,3.5,0,0,0,0.7071067811865476,-0.7071067811865475,0
3,6,0,0,0,0,4.54,22.35,35.41,0.6808,11,5.86,23.64,0,0,0,0.7071067811865476,0.7071067811865476,0
15,6,0,0,0,0,3.8,115.59,33.21,0.3657,16,1.47,18.49,0,0,1,-0.7071067811865471,-0.7071067811865479,0
20,2,0,0,0,0,2.69,44.33,45.11,0.4803,12,8.77,28.0,0,0,0,-0.8660254037844386,0.5000000000000001,0
16,0,0,0,0,0,4.29,78.12,55.71,0.544,10,1.82,46.67,0,0,1,-0.8660254037844385,-0.5000000000000004,0
20,5,0,0,0,0,3.35,118.54,37.07,0.3211,29,7.69,16.69,0,0,0,-0.8660254037844386,0.5000000000000001,0
12,6,0,0,0,0,1.83,63.6,51.1,0.5593,10,9.63,8.28,0,0,2,1.2246467991473532e-16,-1.0,0
16,4,0,0,0,0,0.62,93.1,47.01,0.6187,16,1.98,24.57,1,0,1,-0.8660254037844385,-0.5000000000000004,0
9,1,1,1,0,0,1.38,114.62,60.36,0.4533,2,3.14,25.17,0,0,0,0.7071067811865476,-0.7071067811865475,0
14,5,0,0,0,0,0.74,85.63,46.0,0.445,19,6.08,42.59,0,0,0,-0.4999999999999997,-0.8660254037844388,0
13,1,0,0,0,0,3.87,14.06,42.11,0.316,2,9.17,10.45,0,0,1,-0.2588190451025208,-0.9659258262890683,0
6,3,0,0,0,0,3.91,60.66,61.42,0.4859,14,2.07,34.99,0,0,0,1.0,6.123233995736766e-17,0
7,2,0,0,0,1,2.45,91.73,34.36,0.465,11,4.68,34.46,0,0,1,0.9659258262890683,-0.25881904510252063,0
4,1,1,1,1,3,0.65,6.2,25.5,0.0306,2,49.36,411.51,0,1,1,0.8660254037844386,0.5000000000000001,1
7,3,0,0,0,0,4.88,16.17,78.67,0.6173,14,1.22,24.08,0,0,1,0.9659258262890683,-0.25881904510252063,0
20,6,0,0,0,2,0.71,49.81,77.07,0.4055,26,5.25,47.69,0,0,0,-0.8660254037844386,0.5000000000000001,0
11,1,0,1,0,0,3.88,8.63,38.79,0.3313,9,3.28,20.31,0,0,0,0.258819045102521,-0.9659258262890682,0
3,4,1,0,1,2,0.21,1.79,139.13,0.0733,5,44.27,690.23,1,1,0,0.7071067811865476,0.7071067811865476,1
14,1,0,0,0,0,1.91,111.61,33.12,0.592,22,1.45,41.14,0,0,0,-0.4999999999999997,-0.8660254037844388,0
16,1,0,0,0,0,2.0,7.72,53.71,0.427,11,7.19,21.26,0,0,1,-0.8660254037844385,-0.5000000000000004,0
10,0,0,0,0,0,2.4,83.3,61.89,0.4549,11,3.12,27.22,0,0,0,0.49999999999999994,-0.8660254037844387,0
15,5,1,0,0,2,0.85,33.74,68.05,0.4585,18,1.04,30.43,0,0,0,-0.7071067811865471,-0.7071067811865479,0
17,5,0,0,0,0,1.05,97.65,68.88,0.3537,17,8.44,36.34,0,0,0,-0.9659258262890683,-0.25881904510252063,0
16,6,1,0,0,1,3.52,11.76,45.95,0.6769,9,7.24,19.04,0,0,0,-0.8660254037844385,-0.5000000000000004,0
21,0,0,0,0,0,3.43,109.08,79.0,0.339,6,9.97,21.9,0,0,1,-0.7071067811865477,0.7071067811865474,0
16,2,0,0,0,0,3.61,46.48,30.3,0.5963,7,5.63,4.78,0,0,1,-0.8660254037844385,-0.5000000000000004,0
19,5,0,0,0,0,2.03,115.08,44.7,0.6762,12,2.75,22.99,0,0,0,-0.9659258262890684,0.2588190451025203,0
19,0,0,0,0,0,2.05,113.74,42.81,0.472,2,1.65,26.15,0,0,1,-0.9659258262890684,0.2588190451025203,0
9,6,0,0,0,0,1.29,24.76,64.32,0.6915,23,6.88,6.84,0,0,0,0.7071067811865476,-0.7071067811865475,0
22,0,0,0,0,0,2.31,39.96,65.14,0.595,14,2.34,37.15,0,0,2,-0.5000000000000004,0.8660254037844384,0
16,0,0,0,0,0,3.24,63.18,47.92,0.4177,21,2.9,34.6,0,0,1,-0.8660254037844385,-0.5000000000000004,0
0,2,0,1,0,0,2.35,66.65,72.11,0.3205,17,7.27,16.17,0,0,1,0.0,1.0,0
21,6,0,1,0,0,1.39,79.34,57.19,0.6731,12,5.83,30.58,0,0,0,-0.7071067811865477,0.7071067811865474,0
22,1,0,0,1,0,3.67,17.41,43.65,0.5624,6,8.43,10.85,0,0,0,-0.5000000000000004,0.8660254037844384,0
16,6,0,0,0,0,3.37,42.5,38.33,0.6704,20,3.01,18.05,0,0,2,-0.8660254037844385,-0.5000000000000004,0
16,5,0,0,0,1,3.9,62.99,57.89,0.54,20,4.83,21.75,0,0,0,-0.8660254037844385,-0.5000000000000004,0
11,3,0,0,0,0,3.76,89.67,33.69,0.3548,24,7.79,25.4,0,0,0,0.258819045102521,-0.9659258262890682,0
9,6,0,0,0,0,2.48,118.23,38.82,0.5574,18,9.56,37.97,0,0,1,0.7071067811865476,-0.7071067811865475,0
2,5,1,1,1,3,0.92,3.26,62.41,0.0501,4,27.58,606.26,0,0,2,0.49999999999999994,0.8660254037844387,1
18,4,0,0,1,0,2.89,67.32,74.77,0.3816,15,2.5,37.2,0,0,0,-1.0,-1.8369701987210297e-16,0
9,5,0,0,0,2,0.6,64.77,38.39,0.3631,27,3.86,39.64,0,0,0,0.7071067811865476,-0.7071067811865475,0
17,4,0,0,0,0,2.69,102.04,41.43,0.4411,18,2.9,31.22,0,0,1,-0.9659258262890683,-0.25881904510252063,0
11,2,0,0,0,0,0.5,34.02,67.52,0.5181,26,3.86,24.4,0,0,2,0.258819045102521,-0.9659258262890682,0
10,6,1,1,1,3,1.0,13.34,23.45,0.0941,5,39.25,702.64,1,1,0,0.49999999999999994,-0.8660254037844387,1
10,5,0,0,0,0,1.41,100.47,49.92,0.6359,11,6.65,1.84,1,0,0,0.49999999999999994,-0.8660254037844387,0
17,3,0,0,0,0,3.92,90.36,72.29,0.5701,24,6.17,38.67,0,0,1,-0.9659258262890683,-0.25881904510252063,0
21,0,0,0,0,0,0.71,70.63,41.13,0.3376,10,9.99,28.17,0,0,0,-0.7071067811865477,0.7071067811865474,0
21,1,1,1,1,0,0.15,9.17,19.46,0.1206,2,26.83,404.03,0,1,0,-0.7071067811865477,0.7071067811865474,1
7,6,0,0,0,0,0.91,72.84,58.96,0.6426,15,4.0,5.22,0,0,0,0.9659258262890683,-0.25881904510252063,0
1,1,0,0,0,0,1.2,109.46,54.85,0.5711,21,4.67,4.85,0,0,1,0.25881904510252074,0.9659258262890683,0
10,5,0,0,0,0,0.68,32.76,79.23,0.4791,11,4.73,28.97,0,0,0,0.49999999999999994,-0.8660254037844387,0
23,1,1,1,0,2,0.73,6.39,114.23,0.241,2,45.06,535.39,1,1,0,-0.25881904510252157,0.9659258262890681,1
22,4,0,0,0,0,2.31,112.68,42.15,0.6033,19,4.79,38.56,1,0,0,-0.5000000000000004,0.8660254037844384,0
9,2,0,0,0,0,4.94,73.51,32.85,0.5487,6,3.79,1.0,0,0,1,0.7071067811865476,-0.7071067811865475,0
7,3,0,0,0,0,1.63,111.84,30.29,0.6183,9,7.93,43.46,1,0,0,0.9659258262890683,-0.25881904510252063,0
15,6,0,0,0,0,4.88,26.5,68.21,0.3168,26,6.31,36.18,0,0,2,-0.7071067811865471,-0.7071067811865479,0
19,2,1,1,1,4,0.99,9.46,105.32,0.1782,4,10.43,260.03,1,1,2,-0.9659258262890684,0.2588190451025203,1
17,6,0,0,0,0,2.77,42.62,45.75,0.5944,25,9.25,24.1,0,0,0,-0.9659258262890683,-0.25881904510252063,0
21,5,1,1,1,3,0.92,4.54,126.76,0.284,1,33.05,307.67,1,1,1,-0.7071067811865477,0.7071067811865474,1
16,0,0,0,0,0,0.8,118.25,76.45,0.6695,26,2.45,21.35,0,0,2,-0.8660254037844385,-0.5000000000000004,0
1,2,0,0,0,1,4.96,5.1,33.18,0.6233,20,4.29,2.36,0,0,0,0.25881904510252074,0.9659258262890683,0
18,1,0,0,0,0,0.53,64.91,43.5,0.5762,27,5.93,36.73,0,0,0,-1.0,-1.8369701987210297e-16,0
11,2,0,0,0,0,4.78,29.68,76.16,0.5749,2,4.07,2.09,0,0,1,0.258819045102521,-0.9659258262890682,0
7,2,0,0,0,1,1.72,74.38,30.01,0.6311,20,5.68,39.01,0,0,0,0.9659258262890683,-0.25881904510252063,0
9,6,1,1,1,5,0.32,13.91,76.99,0.1758,4,41.22,210.99,1,1,2,0.7071067811865476,-0.7071067811865475,1
1,6,0,0,0,0,0.83,30.2,75.15,0.4777,23,1.95,2.41,0,0,1,0.25881904510252074,0.9659258262890683,0
12,1,0,0,0,0,1.75,112.05,50.43,0.5003,30,6.77,44.85,1,0,0,1.2246467991473532e-16,-1.0,0
22,2,0,0,0,0,1.97,6.01,61.11,0.6761,11,6.62,0.97,0,0,1,-0.5000000000000004,0.8660254037844384,0
20,3,1,1,1,4,0.67,5.97,38.82,0.2365,4,29.68,104.89,1,1,0,-0.8660254037844386,0.5000000000000001,1
16,4,0,0,0,2,3.95,56.16,48.97,0.3671,6,3.74,1.43,0,0,1,-0.8660254037844385,-0.5000000000000004,0
13,0,0,0,0,0,2.98,38.53,55.03,0.6537,9,5.61,3.84,0,0,1,-0.2588190451025208,-0.9659258262890683,0
11,6,0,0,0,0,2.88,104.26,41.22,0.5402,27,2.32,37.72,0,0,1,0.258819045102521,-0.9659258262890682,0
5,5,0,1,0,3,0.38,12.24,72.38,0.1026,3,34.29,513.23,1,1,1,0.9659258262890683,0.25881904510252074,1
17,5,0,0,0,0,3.8,101.92,59.86,0.3972,14,8.95,30.84,0,0,1,-0.9659258262890683,-0.25881904510252063,0
7,0,0,0,0,0,3.95,43.55,53.92,0.4414,12,8.16,42.6,0,0,0,0.9659258262890683,-0.25881904510252063,0
17,1,0,1,0,0,3.2,64.29,48.64,0.3921,27,4.4,26.27,0,0,1,-0.9659258262890683,-0.25881904510252063,0
19,2,0,0,0,0,4.46,86.11,75.26,0.4325,22,4.84,35.28,0,0,0,-0.9659258262890684,0.2588190451025203,0
17,6,0,0,1,0,1.63,56.43,62.42,0.6061,17,3.62,27.34,0,0,1,-0.9659258262890683,-0.25881904510252063,0
19,3,0,1,0,0,4.69,77.97,39.31,0.6263,29,8.99,22.85,0,0,0,-0.9659258262890684,0.2588190451025203,0
2,3,1,1,1,0,0.25,11.08,115.26,0.1639,2,42.73,103.29,1,1,1,0.49999999999999994,0.8660254037844387,1
11,1,0,0,0,0,4.92,27.25,79.43,0.4234,8,1.06,29.7,0,0,0,0.258819045102521,-0.9659258262890682,0
19,4,0,0,0,0,3.4,29.8,58.66,0.6581,18,9.94,46.66,1,0,0,-0.9659258262890684,0.2588190451025203,0
12,2,0,1,0,0,2.29,52.3,59.66,0.6691,20,3.03,2.46,0,0,1,1.2246467991473532e-16,-1.0,0
9,2,0,1,0,0,1.45,34.56,62.01,0.3835,19,7.26,9.81,0,0,2,0.7071067811865476,-0.7071067811865475,0
12,1,0,0,0,0,1.97,56.99,39.65,0.5001,3,6.15,41.22,1,0,0,1.2246467991473532e-16,-1.0,0
17,3,0,0,1,1,0.89,48.8,59.17,0.6266,5,6.42,15.33,0,0,0,-0.9659258262890683,-0.25881904510252063,0
2,4,0,0,0,0,1.63,73.98,54.91,0.6736,6,8.36,7.0,0,0,2,0.49999999999999994,0.8660254037844387,0
9,0,0,0,0,0,1.62,106.08,54.38,0.4142,23,8.84,27.79,0,0,0,0.7071067811865476,-0.7071067811865475,0
22,2,0,0,0,0,3.65,77.21,69.6,0.3716,23,3.04,31.97,0,0,0,-0.5000000000000004,0.8660254037844384,0
19,4,0,0,0,0,1.79,72.05,58.2,0.4241,22,1.24,9.65,0,0,0,-0.9659258262890684,0.2588190451025203,0
8,5,0,0,1,0,1.36,6.52,51.18,0.5993,10,4.05,22.68,0,0,0,0.8660254037844387,-0.4999999999999998,0
17,2,0,0,0,0,0.88,106.79,39.78,0.3705,6,9.52,43.79,0,0,0,-0.9659258262890683,-0.25881904510252063,0
7,0,0,0,0,0,3.04,100.32,44.15,0.4801,23,5.38,15.68,1,0,1,0.9659258262890683,-0.25881904510252063,0
22,3,0,1,1,0,0.81,12.68,40.39,0.1049,1,20.2,381.07,0,1,1,-0.5000000000000004,0.8660254037844384,1
21,3,1,1,1,5,0.27,6.27,129.1,0.2109,5,36.9,228.93,1,0,1,-0.7071067811865477,0.7071067811865474,1
5,0,0,1,1,4,0.04,8.7,18.99,0.2851,2,48.29,110.8,1,1,1,0.9659258262890683,0.25881904510252074,1
14,1,0,0,0,1,0.61,8.88,100.46,0.0923,3,34.97,178.41,0,1,1,-0.4999999999999997,-0.8660254037844388,1
19,3,1,0,0,5,0.21,14.2,77.88,0.1976,2,17.3,542.54,1,1,1,-0.9659258262890684,0.2588190451025203,1
23,3,1,1,1,5,0.4,6.75,118.54,0.1851,4,28.99,113.29,1,1,0,-0.25881904510252157,0.9659258262890681,1
7,2,0,0,0,0,1.06,19.71,75.47,0.517,30,3.82,38.47,0,0,1,0.9659258262890683,-0.25881904510252063,0
17,1,0,0,0,0,3.19,5.15,48.98,0.5701,11,5.77,17.8,0,0,2,-0.9659258262890683,-0.25881904510252063,0
9,6,0,0,0,0,3.58,60.61,48.35,0.4114,17,8.9,18.97,0,0,1,0.7071067811865476,-0.7071067811865475,0
14,4,0,1,0,0,2.14,80.41,67.62,0.4673,26,4.3,9.68,0,0,0,-0.4999999999999997,-0.8660254037844388,0
1,0,0,1,1,4,0.14,2.34,47.49,0.0096,1,24.53,581.88,0,1,2,0.25881904510252074,0.9659258262890683,1
9,2,0,0,1,0,2.33,22.81,69.88,0.5828,18,8.57,2.49,0,0,1,0.7071067811865476,-0.7071067811865475,0
15,6,0,0,0,0,4.82,77.53,60.2,0.6507,4,6.13,11.77,0,0,1,-0.7071067811865471,-0.7071067811865479,0
10,1,0,0,0,0,4.37,43.96,31.81,0.4799,16,4.06,41.96,0,0,1,0.49999999999999994,-0.8660254037844387,0
17,5,0,0,0,0,4.82,30.78,39.73,0.3604,19,7.67,8.55,0,0,1,-0.9659258262890683,-0.25881904510252063,0
16,5,0,0,0,0,1.06,36.2,43.9,0.4183,29,4.17,36.74,1,0,0,-0.8660254037844385,-0.5000000000000004,0
23,0,0,0,0,1,2.67,9.5,31.7,0.4425,28,4.41,20.3,0,0,1,-0.25881904510252157,0.9659258262890681,0
8,5,0,0,0,0,3.1,67.65,51.18,0.3293,9,8.32,23.99,0,0,0,0.8660254037844387,-0.4999999999999998,0
17,2,0,0,0,0,1.29,72.29,69.1,0.5306,24,4.05,41.22,0,0,1,-0.9659258262890683,-0.25881904510252063,0
10,5,0,0,0,0,2.58,84.25,66.7,0.6423,16,1.1,32.15,0,0,1,0.49999999999999994,-0.8660254037844387,0
15,6,0,0,0,0,1.35,99.31,51.37,0.5918,3,9.02,30.15,0,0,2,-0.7071067811865471,-0.7071067811865479,0
13,3,0,0,0,0,3.17,75.7,33.02,0.4251,4,1.42,47.26,0,0,1,-0.2588190451025208,-0.9659258262890683,0
13,6,0,0,0,0,0.89,110.18,31.59,0.5948,27,8.42,15.5,0,0,0,-0.2588190451025208,-0.9659258262890683,0
18,1,0,0,1,0,3.44,63.78,40.96,0.301,20,3.56,18.28,0,0,0,-1.0,-1.8369701987210297e-16,0
1,2,1,1,1,4,0.24,14.02,98.49,0.1182,3,40.59,465.32,1,1,1,0.25881904510252074,0.9659258262890683,1
14,4,1,1,0,3,0.77,8.19,63.44,0.0086,1,15.79,363.14,0,1,1,-0.4999999999999997,-0.8660254037844388,1
17,0,0,0,0,0,4.06,95.09,49.33,0.3599,29,5.03,37.71,0,0,1,-0.9659258262890683,-0.25881904510252063,0
3,0,0,0,0,0,1.78,60.9,35.98,0.4258,16,9.87,22.72,0,0,0,0.7071067811865476,0.7071067811865476,0
16,1,1,1,0,1,3.45,69.28,33.01,0.3867,29,4.17,5.22,0,0,1,-0.8660254037844385,-0.5000000000000004,0
8,3,0,0,0,0,1.7,92.85,30.94,0.3986,5,5.53,5.22,0,0,0,0.8660254037844387,-0.4999999999999998,0
6,2,0,0,1,0,4.82,97.54,39.72,0.6947,21,5.26,11.22,0,0,0,1.0,6.123233995736766e-17,0
8,6,0,0,0,0,2.07,106.12,65.57,0.5097,19,5.03,28.73,0,0,0,0.8660254037844387,-0.4999999999999998,0
3,6,0,0,0,0,2.31,26.14,33.3,0.3379,15,2.43,13.78,0,0,0,0.7071067811865476,0.7071067811865476,0
22,1,0,0,0,0,3.4,63.75,59.2,0.405,25,8.57,6.14,0,0,0,-0.5000000000000004,0.8660254037844384,0
8,0,0,0,0,0,0.94,43.27,62.97,0.4443,18,2.7,36.06,1,0,2,0.8660254037844387,-0.4999999999999998,0
18,0,0,0,1,0,3.66,45.23,77.28,0.3508,26,1.49,21.4,0,0,2,-1.0,-1.8369701987210297e-16,0
9,1,0,0,0,1,3.18,9.94,69.03,0.3948,23,4.89,15.99,0,0,0,0.7071067811865476,-0.7071067811865475,0
7,4,0,0,0,0,4.0,19.12,49.18,0.428,3,3.5,43.28,0,0,1,0.9659258262890683,-0.25881904510252063,0
12,3,0,0,0,0,4.72,6.12,34.24,0.5295,19,6.88,12.25,0,0,2,1.2246467991473532e-16,-1.0,0
22,6,1,0,0,0,1.42,89.86,54.37,0.4777,9,3.48,19.18,0,0,2,-0.5000000000000004,0.8660254037844384,0
10,3,0,0,0,0,3.4,19.47,71.32,0.6293,7,2.96,25.9,0,0,2,0.49999999999999994,-0.8660254037844387,0
22,3,1,1,0,2,0.84,1.68,141.15,0.193,2,29.06,575.67,0,0,1,-0.5000000000000004,0.8660254037844384,1
22,6,0,0,0,0,2.91,86.63,35.14,0.4724,20,8.85,23.69,1,0,2,-0.5000000000000004,0.8660254037844384,0
12,2,0,0,0,0,2.28,40.72,52.04,0.3185,25,2.7,8.46,0,0,2,1.2246467991473532e-16,-1.0,0
4,4,1,1,1,4,0.31,5.32,111.16,0.1786,1,28.51,684.9,1,1,0,0.8660254037844386,0.5000000000000001,1
22,0,0,1,0,0,0.87,112.54,73.85,0.4843,30,1.5,5.53,0,0,1,-0.5000000000000004,0.8660254037844384,0
9,6,0,0,0,0,2.19,53.99,78.68,0.4013,29,5.54,36.01,0,0,1,0.7071067811865476,-0.7071067811865475,0
16,1,0,0,0,0,1.97,64.57,66.16,0.4326,4,2.42,16.81,0,0,1,-0.8660254037844385,-0.5000000000000004,0
12,4,0,0,0,0,3.87,60.57,79.59,0.3282,9,4.89,31.41,0,0,1,1.2246467991473532e-16,-1.0,0
10,6,0,0,1,0,3.79,55.56,35.72,0.6105,15,3.23,4.95,0,0,1,0.49999999999999994,-0.8660254037844387,0
13,1,1,1,0,0,2.63,24.22,49.03,0.5845,15,5.87,47.32,0,0,1,-0.2588190451025208,-0.9659258262890683,0
4,2,0,1,0,0,0.54,115.44,65.47,0.3275,11,1.43,9.8,0,0,2,0.8660254037844386,0.5000000000000001,0
10,5,0,0,0,0,4.76,77.92,59.22,0.3909,27,7.7,26.37,0,0,1,0.49999999999999994,-0.8660254037844387,0
2,5,1,1,1,5,0.2,1.61,120.3,0.0068,1,20.25,378.73,1,1,0,0.49999999999999994,0.8660254037844387,1
11,3,0,0,0,0,2.04,115.79,71.29,0.5847,6,8.54,27.75,0,0,2,0.258819045102521,-0.9659258262890682,0
9,1,0,0,0,0,3.8,107.69,66.15,0.6226,10,6.42,1.5,0,0,1,0.7071067811865476,-0.7071067811865475,0
11,3,1,1,0,3,0.67,10.01,57.48,0.2137,1,41.72,412.36,1,0,0,0.258819045102521,-0.9659258262890682,1
16,3,0,0,0,2,3.21,17.53,62.18,0.4558,6,9.72,14.9,0,0,0,-0.8660254037844385,-0.5000000000000004,0
8,5,0,0,0,0,4.2,68.27,76.37,0.4014,6,6.54,17.13,0,0,1,0.8660254037844387,-0.4999999999999998,0
16,2,0,0,1,1,0.64,63.31,55.57,0.3376,13,1.39,15.66,0,0,0,-0.8660254037844385,-0.5000000000000004,0
11,5,0,0,0,0,4.95,13.53,77.84,0.5761,5,3.39,1.68,0,0,1,0.258819045102521,-0.9659258262890682,0
12,2,0,0,0,0,2.28,65.11,65.06,0.6425,15,2.71,44.21,0,0,1,1.2246467991473532e-16,-1.0,0
14,1,1,1,1,2,0.23,3.63,133.79,0.0387,3,48.64,688.56,1,1,0,-0.4999999999999997,-0.8660254037844388,1
12,3,1,1,0,1,0.4,1.71,116.5,0.1323,4,32.97,171.13,1,1,1,1.2246467991473532e-16,-1.0,1
0,0,0,0,0,0,4.53,27.16,40.64,0.6085,28,7.57,23.23,0,0,1,0.0,1.0,0
16,4,0,0,0,1,0.55,84.81,56.02,0.4072,20,4.4,16.48,0,0,0,-0.8660254037844385,-0.5000000000000004,0
8,4,0,0,0,0,1.87,64.33,46.6,0.3032,9,7.38,19.02,0,0,0,0.8660254037844387,-0.4999999999999998,0
9,2,0,0,0,0,2.03,81.47,30.21,0.5444,6,1.11,38.9,1,0,1,0.7071067811865476,-0.7071067811865475,0
14,6,0,0,1,0,1.21,79.09,52.31,0.4235,7,4.49,8.71,0,0,2,-0.4999999999999997,-0.8660254037844388,0
0,0,1,0,1,5,0.47,5.52,128.25,0.187,4,44.34,300.17,0,1,2,0.0,1.0,1
9,2,0,0,0,0,1.94,64.92,32.35,0.6263,11,7.76,40.09,0,0,1,0.7071067811865476,-0.7071067811865475,0
11,3,0,0,0,0,4.52,98.0,59.0,0.6652,24,5.29,4.79,1,0,0,0.258819045102521,-0.9659258262890682,0
17,6,0,0,0,0,3.48,89.72,40.84,0.5054,13,6.74,30.8,0,0,1,-0.9659258262890683,-0.25881904510252063,0
10,3,0,1,0,1,3.57,62.25,40.99,0.5565,18,7.19,33.39,0,0,0,0.49999999999999994,-0.8660254037844387,0
17,3,0,0,0,0,4.04,98.26,30.86,0.5851,13,2.24,3.45,0,0,0,-0.9659258262890683,-0.25881904510252063,0
7,3,0,1,0,1,3.99,10.71,31.89,0.3053,2,7.88,35.95,0,0,1,0.9659258262890683,-0.25881904510252063,0
20,5,0,0,0,0,4.07,30.0,57.23,0.4335,6,2.53,34.13,0,0,1,-0.8660254037844386,0.5000000000000001,0
22,4,0,1,0,0,1.04,24.05,32.53,0.4989,20,8.0,29.35,0,0,0,-0.5000000000000004,0.8660254037844384,0
20,2,0,0,1,0,1.44,43.49,65.56,0.382,22,6.73,11.93,0,0,2,-0.8660254037844386,0.5000000000000001,0
18,6,0,0,0,0,3.13,47.62,54.88,0.559,19,5.83,21.9,0,0,0,-1.0,-1.8369701987210297e-16,0
2,6,1,1,1,3,0.3,7.6,130.0,0.0503,1,47.34,436.77,0,1,2,0.49999999999999994,0.8660254037844387,1
13,1,0,0,0,0,1.2,48.25,73.83,0.6572,2,6.79,8.45,1,0,0,-0.2588190451025208,-0.9659258262890683,0
19,3,0,0,0,0,0.98,39.77,44.41,0.5924,6,2.89,3.15,0,0,0,-0.9659258262890684,0.2588190451025203,0
18,4,0,0,1,0,1.11,72.59,78.59,0.4974,19,9.31,1.5,0,0,1,-1.0,-1.8369701987210297e-16,0
10,6,1,1,1,3,0.17,7.43,60.78,0.1688,2,30.69,312.86,0,1,1,0.49999999999999994,-0.8660254037844387,1
10,1,0,0,0,0,4.03,100.72,68.21,0.3695,8,6.55,42.71,0,0,1,0.49999999999999994,-0.8660254037844387,0
9,5,1,0,0,0,4.94,60.27,31.93,0.637,30,4.77,21.01,0,0,0,0.7071067811865476,-0.7071067811865475,0
11,6,0,0,0,0,0.7,116.16,67.46,0.3454,10,3.33,3.11,1,0,1,0.258819045102521,-0.9659258262890682,0
16,5,0,0,0,0,1.91,53.74,67.3,0.4743,3,8.23,43.51,0,0,1,-0.8660254037844385,-0.5000000000000004,0
5,1,0,1,1,3,0.11,2.68,117.18,0.2648,4,40.11,563.53,1,1,1,0.9659258262890683,0.25881904510252074,1
11,2,0,0,1,0,1.55,44.49,50.69,0.5354,13,7.11,45.74,0,0,1,0.258819045102521,-0.9659258262890682,0
1,0,0,0,0,0,0.87,7.86,30.67,0.3461,19,6.18,34.92,0,0,0,0.25881904510252074,0.9659258262890683,0
19,6,0,0,1,0,3.7,37.43,73.44,0.4508,22,7.39,46.15,0,0,0,-0.9659258262890684,0.2588190451025203,0
4,4,0,0,0,0,0.55,26.8,58.69,0.4033,24,4.38,40.42,0,0,1,0.8660254037844386,0.5000000000000001,0
6,6,1,1,1,5,0.66,8.65,107.88,0.0438,4,10.17,235.79,0,1,1,1.0,6.123233995736766e-17,1
12,6,0,0,1,0,4.22,103.1,46.44,0.6985,29,4.71,38.01,0,0,0,1.2246467991473532e-16,-1.0,0
14,5,0,0,0,0,2.85,26.59,72.5,0.6041,14,7.9,11.23,0,0,1,-0.4999999999999997,-0.8660254037844388,0
8,5,0,0,0,0,4.16,48.93,46.31,0.6143,22,1.79,33.61,0,0,1,0.8660254037844387,-0.4999999999999998,0
15,2,0,0,0,0,3.85,111.84,76.69,0.6447,14,6.62,39.0,0,0,2,-0.7071067811865471,-0.7071067811865479,0
13,3,0,0,0,0,4.3,84.61,65.35,0.6034,20,8.71,10.07,0,0,0,-0.2588190451025208,-0.9659258262890683,0
13,1,0,0,0,0,3.02,94.1,38.65,0.4034,25,7.33,15.3,0,0,0,-0.2588190451025208,-0.9659258262890683,0
20,5,0,0,0,0,2.49,103.38,30.59,0.6454,10,4.31,34.78,0,0,0,-0.8660254037844386,0.5000000000000001,0
8,5,0,0,0,0,2.47,24.6,48.39,0.4587,12,1.52,31.25,0,0,1,0.8660254037844387,-0.4999999999999998,0
11,4,1,0,0,0,2.36,7.6,39.87,0.5277,23,1.01,30.21,0,0,1,0.258819045102521,-0.9659258262890682,0
21,1,0,0,0,2,2.08,56.84,55.87,0.6607,10,7.33,11.05,1,0,1,-0.7071067811865477,0.7071067811865474,0
15,6,0,0,0,0,1.66,90.98,74.31,0.4512,24,8.22,29.07,0,0,1,-0.7071067811865471,-0.7071067811865479,0
21,1,0,0,0,0,4.84,104.82,34.18,0.4636,6,8.2,1.57,0,0,0,-0.7071067811865477,0.7071067811865474,0
21,6,0,0,0,0,2.64,51.77,66.44,0.4275,14,5.89,35.02,0,0,1,-0.7071067811865477,0.7071067811865474,0
18,1,0,0,0,0,4.8,34.18,76.96,0.5803,30,2.87,15.23,0,0,0,-1.0,-1.8369701987210297e-16,0
17,2,0,1,0,0,4.96,58.68,54.32,0.608,25,3.99,25.7,0,0,0,-0.9659258262890683,-0.25881904510252063,0
10,4,0,0,0,0,2.93,70.09,78.29,0.5353,14,5.53,18.3,0,0,1,0.49999999999999994,-0.8660254037844387,0
20,1,0,0,0,0,2.02,114.92,44.14,0.6365,27,7.66,16.12,0,0,0,-0.8660254037844386,0.5000000000000001,0
0,1,0,1,1,5,0.12,9.15,24.86,0.1756,1,33.02,292.42,1,1,0,0.0,1.0,1
14,3,0,0,0,0,4.8,5.1,65.33,0.5791,28,6.34,46.31,0,0,0,-0.4999999999999997,-0.8660254037844388,0
15,1,0,0,0,0,0.95,67.09,76.55,0.4483,3,8.62,9.29,0,0,1,-0.7071067811865471,-0.7071067811865479,0
16,0,0,1,0,0,4.63,11.91,39.54,0.6705,23,7.52,32.29,0,0,1,-0.8660254037844385,-0.5000000000000004,0
6,2,0,1,0,0,5.0,70.75,41.8,0.6514,14,4.66,44.46,0,0,0,1.0,6.123233995736766e-17,0
21,3,0,1,0,0,3.5,35.16,46.76,0.4668,2,8.96,21.28,0,0,2,-0.7071067811865477,0.7071067811865474,0
22,6,0,1,0,0,3.14,76.54,38.94,0.6428,3,5.65,1.23,0,0,0,-0.5000000000000004,0.8660254037844384,0
16,6,0,0,1,0,1.02,20.99,36.29,0.5296,5,3.85,24.53,0,0,2,-0.8660254037844385,-0.5000000000000004,0
15,5,0,0,0,0,3.03,112.52,45.62,0.4914,18,2.58,19.6,0,0,1,-0.7071067811865471,-0.7071067811865479,0
12,2,0,0,0,1,1.42,12.07,75.66,0.4518,7,4.22,12.83,0,0,0,1.2246467991473532e-16,-1.0,0
19,4,0,0,0,0,3.58,21.51,49.78,0.3138,26,2.41,21.76,0,0,1,-0.9659258262890684,0.2588190451025203,0
15,1,0,0,0,0,1.8,71.12,48.43,0.6876,5,7.33,22.48,0,0,0,-0.7071067811865471,-0.7071067811865479,0
15,3,0,0,0,0,2.39,30.96,55.8,0.3545,16,6.49,33.46,0,0,0,-0.7071067811865471,-0.7071067811865479,0
5,1,1,0,0,0,2.55,83.21,33.93,0.6586,7,1.65,25.52,0,0,0,0.9659258262890683,0.25881904510252074,0
4,1,0,1,1,0,0.8,79.02,62.61,0.6178,15,2.21,25.7,0,0,0,0.8660254037844386,0.5000000000000001,0
8,2,0,0,0,0,2.38,117.88,66.93,0.6232,29,6.71,34.12,0,0,1,0.8660254037844387,-0.4999999999999998,0
2,6,1,1,0,0,0.93,7.18,73.48,0.2108,3,24.75,510.93,0,1,1,0.49999999999999994,0.8660254037844387,1
22,6,0,1,0,0,1.23,72.71,59.02,0.4687,7,5.78,44.08,0,0,0,-0.5000000000000004,0.8660254037844384,0
18,0,1,0,1,3,0.86,2.91,101.09,0.2576,2,29.44,111.71,1,1,0,-1.0,-1.8369701987210297e-16,1
11,1,0,0,0,0,0.9,117.98,79.35,0.5575,22,2.22,30.39,0,0,0,0.258819045102521,-0.9659258262890682,0
13,1,0,0,0,1,4.73,117.9,38.28,0.4692,27,4.28,25.65,0,0,0,-0.2588190451025208,-0.9659258262890683,0
7,6,0,1,0,0,1.22,22.69,46.26,0.4858,19,3.03,32.11,0,0,1,0.9659258262890683,-0.25881904510252063,0
14,1,0,0,0,2,2.19,88.63,31.02,0.5157,14,1.19,43.49,1,0,1,-0.4999999999999997,-0.8660254037844388,0
11,0,0,0,0,0,2.21,108.32,41.49,0.5482,5,3.92,40.8,0,0,1,0.258819045102521,-0.9659258262890682,0
16,1,1,1,1,2,0.09,9.59,83.05,0.231,4,39.09,246.36,0,1,2,-0.8660254037844385,-0.5000000000000004,1
20,2,0,0,0,0,1.71,76.58,68.61,0.5678,14,1.0,5.77,1,0,1,-0.8660254037844386,0.5000000000000001,0
6,2,0,0,0,0,4.06,72.49,56.2,0.3351,8,9.28,37.33,0,0,0,1.0,6.123233995736766e-17,0
14,5,0,0,0,0,1.13,30.23,60.88,0.5494,5,3.65,9.28,0,0,1,-0.4999999999999997,-0.8660254037844388,0
18,0,0,0,0,0,2.98,44.61,31.99,0.4668,13,7.42,45.78,0,0,0,-1.0,-1.8369701987210297e-16,0
8,5,0,0,0,0,0.6,95.72,61.87,0.5167,6,6.54,34.66,0,0,0,0.8660254037844387,-0.4999999999999998,0
4,3,1,0,0,1,4.62,74.34,40.25,0.4169,7,7.26,15.47,1,0,0,0.8660254037844386,0.5000000000000001,0
23,4,1,0,1,3,0.74,5.24,14.35,0.1335,1,24.86,254.67,1,1,0,-0.25881904510252157,0.9659258262890681,1
21,3,0,0,0,2,4.93,44.72,46.82,0.5032,23,5.72,6.86,0,0,2,-0.7071067811865477,0.7071067811865474,0
9,6,0,0,1,1,3.56,75.14,73.42,0.487,5,4.03,11.41,0,0,0,0.7071067811865476,-0.7071067811865475,0
18,6,0,0,0,0,1.03,23.17,57.09,0.417,21,3.28,27.96,0,0,0,-1.0,-1.8369701987210297e-16,0
18,6,0,0,0,0,3.67,41.01,33.4,0.3721,22,3.04,29.58,0,0,0,-1.0,-1.8369701987210297e-16,0
2,2,0,0,0,0,2.06,103.92,62.44,0.5011,12,3.98,6.33,0,0,2,0.49999999999999994,0.8660254037844387,0
5,4,1,1,0,0,1.02,91.56,61.93,0.3953,24,3.39,24.06,0,0,2,0.9659258262890683,0.25881904510252074,0
19,4,0,1,1,0,3.64,24.65,51.57,0.6369,24,8.08,10.5,0,0,1,-0.9659258262890684,0.2588190451025203,0
16,2,0,0,0,0,1.16,23.11,41.98,0.3993,19,4.61,41.8,0,0,0,-0.8660254037844385,-0.5000000000000004,0
16,4,0,0,0,0,0.75,45.37,56.83,0.6415,22,5.84,14.77,1,0,2,-0.8660254037844385,-0.5000000000000004,0
8,2,0,0,0,0,3.18,6.18,43.12,0.4994,10,2.52,31.97,0,0,0,0.8660254037844387,-0.4999999999999998,0
15,5,0,0,0,0,4.66,47.63,64.78,0.6423,16,6.15,32.25,0,0,0,-0.7071067811865471,-0.7071067811865479,0
20,3,0,0,1,0,2.74,32.74,34.09,0.4259,17,2.73,44.7,0,0,0,-0.8660254037844386,0.5000000000000001,0
23,1,1,0,1,5,0.87,3.2,114.48,0.0644,5,36.47,265.32,0,1,0,-0.25881904510252157,0.9659258262890681,1
8,3,0,0,0,0,1.88,8.7,59.15,0.3347,2,1.89,27.47,0,0,1,0.8660254037844387,-0.4999999999999998,0
17,3,0,0,0,0,2.72,90.1,75.45,0.3077,8,3.68,2.88,0,0,2,-0.9659258262890683,-0.25881904510252063,0
14,4,0,0,0,0,2.78,89.45,62.69,0.6522,19,5.44,36.61,0,0,0,-0.4999999999999997,-0.8660254037844388,0
8,0,0,0,0,0,3.85,11.93,55.12,0.3245,18,3.61,30.17,0,0,0,0.8660254037844387,-0.4999999999999998,0
18,6,0,1,0,2,3.66,74.7,46.32,0.5036,14,6.94,22.22,0,0,1,-1.0,-1.8369701987210297e-16,0
18,6,0,0,0,0,4.05,35.15,55.83,0.3267,17,3.91,47.24,0,0,0,-1.0,-1.8369701987210297e-16,0
20,4,1,1,0,5,0.35,12.91,75.3,0.1102,1,25.33,346.46,1,0,1,-0.8660254037844386,0.5000000000000001,1
11,4,0,0,0,0,0.85,90.88,37.46,0.5828,12,7.94,42.27,0,0,1,0.258819045102521,-0.9659258262890682,0
19,4,0,0,0,0,4.39,119.51,30.24,0.3177,27,4.09,20.03,0,0,0,-0.9659258262890684,0.2588190451025203,0
15,3,1,0,0,1,2.56,66.98,45.15,0.3363,17,5.84,20.82,0,0,1,-0.7071067811865471,-0.7071067811865479,0
10,5,0,0,0,0,1.71,6.14,49.74,0.6164,18,1.47,19.23,0,0,0,0.49999999999999994,-0.8660254037844387,0
9,0,0,0,0,0,2.77,17.76,32.06,0.512,14,9.29,31.87,0,0,0,0.7071067811865476,-0.7071067811865475,0
0,0,0,0,0,2,3.54,22.89,51.41,0.6922,18,7.78,25.13,0,0,1,0.0,1.0,0
11,0,0,0,1,0,2.79,46.02,79.38,0.4619,24,2.26,6.97,0,0,0,0.258819045102521,-0.9659258262890682,0
19,2,0,0,0,1,0.94,21.5,57.49,0.3626,12,5.83,28.36,0,0,1,-0.9659258262890684,0.2588190451025203,0
11,3,0,0,1,0,2.17,58.31,64.14,0.6076,10,9.69,16.86,0,0,1,0.258819045102521,-0.9659258262890682,0
10,6,0,0,0,2,4.6,113.7,77.39,0.6462,21,1.42,6.96,0,0,1,0.49999999999999994,-0.8660254037844387,0
21,0,0,0,0,2,3.59,98.37,45.86,0.5911,18,4.72,18.91,0,0,1,-0.7071067811865477,0.7071067811865474,0
7,4,0,1,0,0,2.41,10.72,36.76,0.6087,10,6.2,34.5,0,0,1,0.9659258262890683,-0.25881904510252063,0
8,4,0,0,0,0,3.14,46.48,43.71,0.4916,26,1.84,46.33,0,0,1,0.8660254037844387,-0.4999999999999998,0
6,5,0,0,0,0,3.59,47.86,50.51,0.5933,7,1.8,13.26,0,0,1,1.0,6.123233995736766e-17,0
15,4,0,0,0,1,2.2,52.12,72.46,0.3224,16,7.38,10.01,0,0,1,-0.7071067811865471,-0.7071067811865479,0
19,6,0,0,0,0,3.97,25.58,77.29,0.6356,30,7.58,38.1,0,0,2,-0.9659258262890684,0.2588190451025203,0
8,2,0,0,0,0,1.56,92.29,38.77,0.6222,15,8.41,3.18,0,0,1,0.8660254037844387,-0.4999999999999998,0
22,1,1,1,0,2,0.79,2.33,81.14,0.0318,4,31.18,270.74,1,1,1,-0.5000000000000004,0.8660254037844384,1
14,5,1,1,1,1,0.78,7.04,50.89,0.0004,5,11.88,297.36,1,1,1,-0.4999999999999997,-0.8660254037844388,1
6,1,0,0,0,2,0.51,90.6,74.3,0.6226,18,9.91,13.98,0,0,0,1.0,6.123233995736766e-17,0
15,2,1,1,0,2,0.75,2.7,94.27,0.068,2,37.93,648.75,1,1,1,-0.7071067811865471,-0.7071067811865479,1
18,0,0,0,0,0,3.73,74.23,66.35,0.6979,14,9.84,26.85,0,0,0,-1.0,-1.8369701987210297e-16,0
6,6,0,0,0,0,4.15,98.84,45.39,0.4196,24,3.15,44.43,0,0,0,1.0,6.123233995736766e-17,0
19,3,0,0,1,0,4.79,35.61,30.25,0.672,4,5.83,37.25,0,0,1,-0.9659258262890684,0.2588190451025203,0
6,2,1,1,1,2,0.58,11.7,42.83,0.2065,5,23.79,614.44,0,1,1,1.0,6.123233995736766e-17,1
7,2,0,0,0,1,1.98,47.46,55.58,0.5253,13,1.1,14.5,0,0,0,0.9659258262890683,-0.25881904510252063,0
13,0,0,0,0,0,3.26,44.45,46.04,0.5012,8,6.74,29.39,0,0,0,-0.2588190451025208,-0.9659258262890683,0
17,0,0,0,1,0,4.43,115.34,41.12,0.3804,22,1.73,32.27,1,0,0,-0.9659258262890683,-0.25881904510252063,0
6,5,0,0,0,0,2.73,104.52,54.72,0.6769,3,1.4,34.63,0,0,2,1.0,6.123233995736766e-17,0
19,0,0,0,0,0,4.51,44.42,58.76,0.4486,28,7.52,25.0,0,0,0,-0.9659258262890684,0.2588190451025203,0
8,1,0,0,0,0,2.41,86.71,61.16,0.3131,27,8.66,10.14,0,0,0,0.8660254037844387,-0.4999999999999998,0
14,5,0,0,0,1,2.99,59.92,47.4,0.5339,8,2.56,46.07,0,0,0,-0.4999999999999997,-0.8660254037844388,0
23,3,0,0,0,0,1.59,52.69,30.24,0.6923,11,3.62,19.06,0,0,1,-0.25881904510252157,0.9659258262890681,0
18,0,1,0,0,0,3.7,87.64,65.52,0.3225,11,4.78,17.07,0,0,0,-1.0,-1.8369701987210297e-16,0
13,5,1,0,0,0,2.24,88.91,64.59,0.6528,6,7.58,34.35,0,0,0,-0.2588190451025208,-0.9659258262890683,0
18,2,0,0,0,0,3.33,27.64,51.91,0.65,5,1.81,2.11,0,0,1,-1.0,-1.8369701987210297e-16,0
8,2,0,0,0,0,2.31,113.66,39.03,0.6852,20,3.14,4.66,0,0,0,0.8660254037844387,-0.4999999999999998,0
10,4,0,0,0,0,3.01,115.68,30.83,0.4227,10,9.86,34.27,0,0,2,0.49999999999999994,-0.8660254037844387,0
17,1,0,0,0,0,4.3,10.37,60.56,0.5166,8,1.72,27.68,0,0,2,-0.9659258262890683,-0.25881904510252063,0
18,5,0,0,0,0,4.86,31.53,60.37,0.6942,6,8.92,25.63,0,0,2,-1.0,-1.8369701987210297e-16,0
17,4,0,0,1,0,4.29,24.45,36.88,0.5748,21,4.19,30.21,0,0,1,-0.9659258262890683,-0.25881904510252063,0
19,5,0,0,0,0,2.42,31.4,50.07,0.5831,29,6.3,20.03,0,0,0,-0.9659258262890684,0.2588190451025203,0
17,2,0,0,0,1,1.57,47.99,36.08,0.456,11,5.17,10.44,0,0,0,-0.9659258262890683,-0.25881904510252063,0
20,2,0,0,0,2,0.56,24.97,33.17,0.431,26,9.06,47.52,0,0,1,-0.8660254037844386,0.5000000000000001,0
21,1,0,0,1,0,2.83,8.8,53.43,0.5682,28,3.49,4.77,0,0,0,-0.7071067811865477,0.7071067811865474,0
11,4,0,0,0,1,0.85,59.87,58.68,0.5879,27,2.01,12.86,0,0,0,0.258819045102521,-0.9659258262890682,0
18,1,0,0,0,0,1.57,95.18,30.65,0.6551,14,5.07,41.44,0,0,1,-1.0,-1.8369701987210297e-16,0
10,5,0,0,0,1,4.09,42.66,52.16,0.4042,23,1.12,17.07,0,0,1,0.49999999999999994,-0.8660254037844387,0
18,2,0,0,0,0,1.06,18.15,31.99,0.59,20,5.83,36.28,0,0,1,-1.0,-1.8369701987210297e-16,0
8,5,0,0,0,0,4.73,110.19,52.18,0.6212,17,5.3,15.35,0,0,0,0.8660254037844387,-0.4999999999999998,0
10,1,1,1,1,2,0.87,5.69,64.66,0.2174,4,16.67,403.42,1,1,0,0.49999999999999994,-0.8660254037844387,1
4,2,1,0,0,1,3.28,37.81,78.39,0.4249,25,2.2,12.94,0,0,0,0.8660254037844386,0.5000000000000001,0
18,5,0,0,0,0,3.06,57.46,53.75,0.5363,20,7.22,12.6,1,0,0,-1.0,-1.8369701987210297e-16,0
18,3,0,0,0,0,2.39,27.93,32.23,0.5836,26,2.27,24.79,0,0,1,-1.0,-1.8369701987210297e-16,0
10,4,1,1,1,3,0.17,11.56,75.39,0.153,2,26.76,110.07,1,1,1,0.49999999999999994,-0.8660254037844387,1
8,4,1,0,1,0,1.02,15.04,59.58,0.6064,11,2.96,43.86,0,0,1,0.8660254037844387,-0.4999999999999998,0
22,4,1,1,0,4,0.25,3.75,89.3,0.1596,2,44.39,428.18,0,1,1,-0.5000000000000004,0.8660254037844384,1
9,3,0,0,0,0,2.35,21.96,36.57,0.3074,28,7.52,20.14,0,0,2,0.7071067811865476,-0.7071067811865475,0
15,5,0,0,0,0,3.06,96.09,31.4,0.6082,2,4.96,3.16,0,0,0,-0.7071067811865471,-0.7071067811865479,0
20,2,1,0,0,0,1.26,115.2,47.58,0.3293,5,7.01,38.17,0,0,1,-0.8660254037844386,0.5000000000000001,0
16,3,0,0,1,2,1.13,67.01,51.05,0.483,17,8.08,15.3,0,0,0,-0.8660254037844385,-0.5000000000000004,0
15,3,0,0,0,2,0.62,18.76,69.3,0.5394,22,8.25,39.33,0,0,1,-0.7071067811865471,-0.7071067811865479,0
15,1,0,0,0,1,3.3,38.59,37.58,0.6586,12,3.92,11.57,0,0,1,-0.7071067811865471,-0.7071067811865479,0
14,2,0,0,0,0,3.84,105.06,52.22,0.6313,27,7.66,40.82,1,0,1,-0.4999999999999997,-0.8660254037844388,0
19,5,0,0,0,0,3.95,76.92,59.83,0.4511,8,1.86,5.56,0,0,0,-0.9659258262890684,0.2588190451025203,0
15,3,0,1,0,1,4.87,27.04,75.28,0.3923,10,2.12,1.19,0,0,1,-0.7071067811865471,-0.7071067811865479,0
15,1,0,0,0,0,4.21,24.48,77.52,0.4679,12,3.14,23.07,0,0,1,-0.7071067811865471,-0.7071067811865479,0
17,3,0,0,0,0,2.59,77.27,39.32,0.3081,30,2.72,31.01,0,0,0,-0.9659258262890683,-0.25881904510252063,0
19,2,0,0,0,0,1.11,29.72,58.49,0.3854,24,3.32,45.41,0,0,1,-0.9659258262890684,0.2588190451025203,0
19,6,1,1,1,1,0.81,3.96,107.55,0.1037,3,14.68,488.69,1,1,0,-0.9659258262890684,0.2588190451025203,1
0,2,0,1,1,1,0.89,14.69,140.48,0.178,3,22.08,172.68,1,1,2,0.0,1.0,1
15,1,0,0,0,0,2.58,59.15,50.65,0.3227,29,6.77,14.78,0,0,0,-0.7071067811865471,-0.7071067811865479,0
13,2,0,0,0,2,3.93,22.85,49.44,0.5721,9,1.39,41.48,0,0,2,-0.2588190451025208,-0.9659258262890683,0
17,6,0,0,0,0,4.88,10.84,57.0,0.3177,16,3.7,36.43,0,0,1,-0.9659258262890683,-0.25881904510252063,0
17,6,0,0,0,0,3.26,53.57,65.17,0.4355,20,2.87,25.89,0,0,0,-0.9659258262890683,-0.25881904510252063,0
10,2,0,0,0,0,2.95,57.66,73.38,0.4351,23,6.44,27.13,1,0,0,0.49999999999999994,-0.8660254037844387,0
17,6,0,0,0,1,2.07,106.95,36.43,0.6673,16,9.24,27.43,0,0,1,-0.9659258262890683,-0.25881904510252063,0
16,2,0,0,0,0,0.71,39.01,74.55,0.5806,8,6.08,39.19,0,0,0,-0.8660254037844385,-0.5000000000000004,0
1,3,1,0,1,2,0.3,14.47,137.46,0.2041,2,18.05,431.63,1,1,1,0.25881904510252074,0.9659258262890683,1
16,4,0,1,0,1,1.78,63.49,49.22,0.4662,15,8.27,5.93,0,0,1,-0.8660254037844385,-0.5000000000000004,0
17,4,0,0,0,0,4.06,9.28,55.23,0.3881,5,9.56,16.96,0,0,2,-0.9659258262890683,-0.25881904510252063,0
10,2,0,0,0,0,0.89,114.29,42.49,0.3233,30,3.41,42.47,0,0,0,0.49999999999999994,-0.8660254037844387,0
17,1,0,0,0,1,2.82,107.14,56.64,0.5504,15,8.75,2.77,0,0,1,-0.9659258262890683,-0.25881904510252063,0
11,2,0,0,0,0,3.69,37.18,46.52,0.6089,9,5.66,41.1,1,0,0,0.258819045102521,-0.9659258262890682,0
7,0,0,0,1,0,4.57,77.64,79.66,0.3128,4,6.19,21.86,0,0,0,0.9659258262890683,-0.25881904510252063,0
20,5,0,0,0,0,0.52,92.21,68.48,0.3505,28,2.52,37.41,0,0,1,-0.8660254037844386,0.5000000000000001,0
3,1,1,1,1,4,0.71,9.32,94.07,0.2429,1,21.27,719.48,0,0,1,0.7071067811865476,0.7071067811865476,1
15,1,0,0,1,0,1.66,88.12,78.4,0.3979,6,2.09,47.04,0,0,1,-0.7071067811865471,-0.7071067811865479,0
6,4,0,0,1,0,0.51,114.09,63.12,0.5188,21,3.87,24.23,0,0,0,1.0,6.123233995736766e-17,0
2,2,1,1,1,3,0.53,9.92,73.76,0.009,2,31.01,525.02,0,1,0,0.49999999999999994,0.8660254037844387,1
16,0,0,0,0,0,1.71,53.26,45.47,0.5556,26,5.85,16.54,0,0,1,-0.8660254037844385,-0.5000000000000004,0
15,5,0,0,0,0,1.43,119.69,71.25,0.548,14,3.08,12.44,0,0,1,-0.7071067811865471,-0.7071067811865479,0
13,6,0,0,0,0,2.18,97.35,78.95,0.5872,5,2.52,33.33,0,0,1,-0.2588190451025208,-0.9659258262890683,0
7,6,0,0,0,0,2.28,14.63,52.68,0.621,12,3.59,3.23,0,0,0,0.9659258262890683,-0.25881904510252063,0
10,4,0,0,1,0,3.76,110.52,45.35,0.468,7,1.12,45.52,0,0,0,0.49999999999999994,-0.8660254037844387,0
3,3,1,1,1,3,0.67,14.58,37.33,0.215,3,43.95,629.67,0,1,0,0.7071067811865476,0.7071067811865476,1
10,2,0,0,0,0,2.64,31.38,43.43,0.3636,11,1.1,0.66,0,0,1,0.49999999999999994,-0.8660254037844387,0
18,4,0,0,0,0,4.91,116.29,47.02,0.6613,16,4.48,45.71,0,0,1,-1.0,-1.8369701987210297e-16,0
23,5,0,0,0,0,2.92,64.59,40.19,0.5936,21,2.78,21.6,0,0,0,-0.25881904510252157,0.9659258262890681,0
9,4,0,0,1,1,2.65,119.66,54.86,0.525,27,9.89,21.11,0,0,0,0.7071067811865476,-0.7071067811865475,0
20,6,0,0,0,0,3.72,50.72,75.6,0.355,23,6.21,39.15,0,0,0,-0.8660254037844386,0.5000000000000001,0
2,4,0,1,1,5,0.65,12.48,35.06,0.1401,1,47.29,600.54,1,0,0,0.49999999999999994,0.8660254037844387,1
15,1,0,0,0,0,3.02,15.14,71.54,0.5502,12,5.46,29.06,0,0,0,-0.7071067811865471,-0.7071067811865479,0
21,3,0,0,0,0,2.34,73.36,74.75,0.3333,3,3.08,25.1,0,0,1,-0.7071067811865477,0.7071067811865474,0
8,1,0,0,0,0,1.29,86.75,41.28,0.4145,24,9.78,32.3,0,0,0,0.8660254037844387,-0.4999999999999998,0
18,4,0,0,0,0,4.68,20.0,68.23,0.5486,9,3.32,12.17,0,0,1,-1.0,-1.8369701987210297e-16,0
14,5,1,0,0,0,2.77,43.59,64.07,0.5124,30,4.19,1.36,1,0,0,-0.4999999999999997,-0.8660254037844388,0
15,4,1,0,0,0,2.73,44.1,43.21,0.5594,4,1.65,30.91,0,0,0,-0.7071067811865471,-0.7071067811865479,0
15,2,0,1,0,0,2.47,91.97,33.5,0.3929,12,2.28,9.93,1,0,0,-0.7071067811865471,-0.7071067811865479,0
12,5,0,0,0,0,3.22,28.06,74.53,0.6969,8,4.32,34.98,0,0,0,1.2246467991473532e-16,-1.0,0
15,0,0,0,0,0,1.09,115.56,36.97,0.4778,2,4.7,12.72,0,0,1,-0.7071067811865471,-0.7071067811865479,0
13,2,0,0,0,0,1.24,101.24,32.97,0.3409,15,4.88,46.68,0,0,0,-0.2588190451025208,-0.9659258262890683,0
11,6,0,0,0,1,2.66,12.94,60.42,0.4343,14,2.38,30.46,0,0,1,0.258819045102521,-0.9659258262890682,0
12,0,1,1,1,5,0.56,3.48,91.2,0.2906,3,36.2,387.28,1,1,1,1.2246467991473532e-16,-1.0,1
9,0,0,0,1,0,2.02,12.3,50.0,0.6465,8,3.41,21.59,0,0,2,0.7071067811865476,-0.7071067811865475,0
11,0,0,0,0,0,4.38,69.22,65.78,0.6694,27,5.01,5.01,0,0,1,0.258819045102521,-0.9659258262890682,0
16,3,0,0,0,0,1.49,91.8,68.02,0.6148,12,9.31,17.6,0,0,1,-0.8660254037844385,-0.5000000000000004,0
14,4,1,1,1,2,0.45,3.81,22.05,0.0617,1,43.82,527.31,1,1,1,-0.4999999999999997,-0.8660254037844388,1
13,4,0,1,0,1,4.96,63.27,49.83,0.5895,2,8.11,21.11,0,0,1,-0.2588190451025208,-0.9659258262890683,0
19,3,1,1,1,3,0.75,7.82,25.12,0.2641,1,39.62,150.87,1,1,1,-0.9659258262890684,0.2588190451025203,1
0,1,0,0,0,0,4.79,85.66,60.61,0.4099,24,3.56,9.59,1,0,0,0.0,1.0,0
2,6,0,0,0,0,2.69,70.37,36.62,0.654,15,8.73,38.82,0,0,1,0.49999999999999994,0.8660254037844387,0
9,1,1,0,0,1,2.25,70.0,39.04,0.3322,11,8.6,35.67,0,0,0,0.7071067811865476,-0.7071067811865475,0
18,2,0,0,0,0,4.59,30.11,45.63,0.5939,21,8.11,27.04,0,0,0,-1.0,-1.8369701987210297e-16,0
17,2,0,0,0,0,0.73,28.3,33.69,0.3911,24,8.42,9.11,0,0,0,-0.9659258262890683,-0.25881904510252063,0
19,6,0,0,0,0,4.85,13.25,77.44,0.6074,8,3.71,6.74,0,0,2,-0.9659258262890684,0.2588190451025203,0
17,1,0,0,0,0,1.11,49.29,33.64,0.5512,29,5.34,21.56,0,0,1,-0.9659258262890683,-0.25881904510252063,0
1,3,1,1,1,5,0.77,13.3,137.6,0.0776,5,28.73,604.45,0,1,2,0.25881904510252074,0.9659258262890683,1
2,5,0,0,0,0,2.91,82.46,59.14,0.3001,15,6.47,5.36,0,0,0,0.49999999999999994,0.8660254037844387,0
22,1,1,0,0,0,4.65,27.45,50.06,0.5224,17,9.89,47.07,0,0,0,-0.5000000000000004,0.8660254037844384,0
8,2,0,0,0,1,1.23,11.76,48.51,0.3295,15,5.61,6.91,0,0,1,0.8660254037844387,-0.4999999999999998,0
8,1,0,1,0,1,0.65,32.12,38.48,0.6106,29,2.38,19.03,0,0,0,0.8660254037844387,-0.4999999999999998,0
18,3,0,0,0,0,3.5,33.34,60.11,0.6237,25,8.1,7.68,0,0,0,-1.0,-1.8369701987210297e-16,0
10,3,0,0,0,0,4.32,59.65,34.5,0.6022,26,9.58,11.99,0,0,0,0.49999999999999994,-0.8660254037844387,0
13,2,1,0,1,0,0.92,66.75,76.29,0.5775,6,2.63,13.6,0,0,0,-0.2588190451025208,-0.9659258262890683,0
0,4,1,1,1,1,0.79,13.41,22.36,0.1119,4,43.81,108.64,0,1,1,0.0,1.0,1
10,5,0,1,0,0,3.25,24.31,31.31,0.5805,13,8.62,33.89,0,0,0,0.49999999999999994,-0.8660254037844387,0
19,6,1,1,0,0,1.48,77.36,55.17,0.4033,29,1.26,30.72,0,0,0,-0.9659258262890684,0.2588190451025203,0
17,1,0,0,0,0,3.2,109.88,48.04,0.3666,14,8.34,28.33,0,0,1,-0.9659258262890683,-0.25881904510252063,0
12,0,0,0,0,0,4.78,56.75,65.18,0.3877,11,4.34,38.48,0,0,0,1.2246467991473532e-16,-1.0,0
15,2,0,0,0,0,0.99,13.11,72.33,0.4525,7,2.51,26.68,0,0,0,-0.7071067811865471,-0.7071067811865479,0
11,1,1,1,1,4,0.85,2.44,66.45,0.1476,3,19.22,715.06,0,0,0,0.258819045102521,-0.9659258262890682,1
12,6,0,0,0,0,1.59,20.73,72.45,0.4177,7,6.76,15.69,0,0,1,1.2246467991473532e-16,-1.0,0
10,4,0,0,0,0,3.27,97.76,65.92,0.3649,2,4.72,27.08,0,0,0,0.49999999999999994,-0.8660254037844387,0
20,6,0,0,0,0,1.63,111.22,59.71,0.5903,11,3.3,37.78,0,0,1,-0.8660254037844386,0.5000000000000001,0
9,6,0,0,0,0,1.6,43.44,73.24,0.547,2,7.73,5.88,0,0,2,0.7071067811865476,-0.7071067811865475,0
13,1,0,1,0,0,3.95,89.27,45.67,0.3581,12,9.47,37.34,0,0,1,-0.2588190451025208,-0.9659258262890683,0
1,4,0,0,0,0,4.35,42.24,64.37,0.6069,13,5.66,42.05,0,0,0,0.25881904510252074,0.9659258262890683,0
8,1,0,0,0,0,3.57,46.62,38.2,0.4562,14,1.02,45.13,0,0,1,0.8660254037844387,-0.4999999999999998,0
7,0,1,1,1,1,0.38,2.03,108.13,0.0556,4,15.66,609.88,1,1,1,0.9659258262890683,-0.25881904510252063,1
4,5,1,1,1,5,0.24,1.55,112.56,0.253,5,21.91,696.94,1,0,0,0.8660254037844386,0.5000000000000001,1
17,0,0,0,0,0,4.44,103.45,38.63,0.6253,30,6.25,45.0,1,0,1,-0.9659258262890683,-0.25881904510252063,0
18,3,0,0,0,0,4.4,31.78,37.76,0.6382,24,2.64,18.55,0,0,1,-1.0,-1.8369701987210297e-16,0
21,5,0,0,0,0,2.02,70.86,42.22,0.3197,6,2.84,41.23,0,0,1,-0.7071067811865477,0.7071067811865474,0
7,6,0,0,0,0,1.7,44.81,78.61,0.6217,4,6.85,6.89,0,0,1,0.9659258262890683,-0.25881904510252063,0
12,6,0,0,0,0,1.46,15.11,36.52,0.4779,30,1.35,34.06,0,0,0,1.2246467991473532e-16,-1.0,0
20,6,0,0,0,0,3.46,108.61,79.1,0.5194,16,8.67,14.13,1,0,0,-0.8660254037844386,0.5000000000000001,0
17,2,0,0,0,0,4.06,25.74,75.32,0.3616,23,6.32,1.09,0,0,0,-0.9659258262890683,-0.25881904510252063,0
9,0,0,0,0,0,2.5,44.09,60.08,0.3057,18,1.17,46.62,0,0,0,0.7071067811865476,-0.7071067811865475,0
15,6,0,0,1,0,4.73,100.9,44.7,0.6925,19,9.1,21.9,1,0,0,-0.7071067811865471,-0.7071067811865479,0
14,5,0,0,0,1,3.42,30.1,70.98,0.5113,23,9.66,42.86,1,0,0,-0.4999999999999997,-0.8660254037844388,0
18,2,0,0,0,0,1.05,71.56,44.41,0.3882,25,9.04,9.3,0,0,1,-1.0,-1.8369701987210297e-16,0
13,0,0,0,0,0,4.05,8.91,50.76,0.458,3,1.16,40.45,1,0,1,-0.2588190451025208,-0.9659258262890683,0
16,4,0,0,0,0,4.07,13.36,76.9,0.3199,14,7.95,7.98,0,0,1,-0.8660254037844385,-0.5000000000000004,0
19,3,0,0,0,1,4.59,81.98,33.02,0.6071,5,4.56,29.31,0,0,1,-0.9659258262890684,0.2588190451025203,0
11,5,1,1,1,3,0.81,5.71,24.54,0.1853,4,47.23,516.64,1,0,1,0.258819045102521,-0.9659258262890682,1
11,0,0,0,0,0,2.25,55.73,67.69,0.6687,22,2.79,27.57,0,0,1,0.258819045102521,-0.9659258262890682,0
21,5,0,0,0,0,3.65,24.48,69.79,0.6074,5,9.33,31.92,0,0,0,-0.7071067811865477,0.7071067811865474,0
9,1,1,1,1,0,0.71,1.31,114.33,0.0454,5,19.12,223.22,1,0,1,0.7071067811865476,-0.7071067811865475,1
18,0,0,0,0,0,1.56,24.25,57.07,0.3979,14,9.55,23.27,0,0,1,-1.0,-1.8369701987210297e-16,0
6,4,1,1,1,2,0.22,6.57,128.79,0.0796,1,47.53,616.92,1,1,0,1.0,6.123233995736766e-17,1
12,6,0,0,0,0,3.41,39.47,38.68,0.5681,17,9.24,36.14,0,0,1,1.2246467991473532e-16,-1.0,0
1,4,0,1,1,4,0.8,13.42,143.69,0.0174,5,42.17,505.21,1,1,1,0.25881904510252074,0.9659258262890683,1
20,5,0,0,0,2,2.72,39.5,52.61,0.6058,12,3.02,33.32,0,0,1,-0.8660254037844386,0.5000000000000001,0
10,0,0,0,0,0,1.35,119.58,41.45,0.5527,10,1.38,34.64,0,0,0,0.49999999999999994,-0.8660254037844387,0
15,4,0,0,0,0,0.84,57.91,43.68,0.6132,28,3.78,8.19,0,0,1,-0.7071067811865471,-0.7071067811865479,0
20,4,0,0,0,0,1.37,113.13,71.58,0.4263,11,7.89,12.96,0,0,0,-0.8660254037844386,0.5000000000000001,0
19,6,1,0,0,1,3.38,97.05,53.46,0.5884,3,6.2,32.79,0,0,0,-0.9659258262890684,0.2588190451025203,0
23,6,1,1,1,3,0.5,11.59,52.83,0.0076,2,29.72,237.38,1,1,1,-0.25881904510252157,0.9659258262890681,1
13,1,0,0,0,0,1.94,26.41,40.01,0.6991,25,3.56,30.51,0,0,0,-0.2588190451025208,-0.9659258262890683,0
17,0,0,0,0,0,1.82,105.58,56.06,0.6258,7,5.03,9.07,0,0,2,-0.9659258262890683,-0.25881904510252063,0
11,4,0,0,0,1,3.85,27.09,54.99,0.4482,2,9.37,43.86,0,0,0,0.258819045102521,-0.9659258262890682,0
12,5,0,1,0,0,2.53,11.04,46.23,0.5485,26,5.99,2.49,0,0,0,1.2246467991473532e-16,-1.0,0
17,5,0,1,0,0,3.66,77.15,34.75,0.6136,11,9.22,2.78,0,0,2,-0.9659258262890683,-0.25881904510252063,0
3,3,0,1,1,5,0.61,12.29,45.4,0.1045,4,29.87,536.85,1,1,2,0.7071067811865476,0.7071067811865476,1
7,4,0,0,0,1,0.89,36.21,78.66,0.4696,21,2.71,1.45,0,0,1,0.9659258262890683,-0.25881904510252063,0
22,3,0,0,0,0,4.48,33.97,67.66,0.3929,12,5.72,25.05,0,0,0,-0.5000000000000004,0.8660254037844384,0
12,4,0,0,1,0,1.99,8.46,75.17,0.3402,7,3.14,13.87,0,0,0,1.2246467991473532e-16,-1.0,0
8,0,0,0,0,0,0.85,81.87,50.29,0.6928,8,4.15,36.42,1,0,0,0.8660254037844387,-0.4999999999999998,0
16,1,0,0,0,0,3.92,28.22,33.15,0.4644,7,9.35,28.35,1,0,2,-0.8660254037844385,-0.5000000000000004,0
11,6,0,0,0,0,0.72,99.27,45.35,0.3672,21,2.48,29.65,1,0,1,0.258819045102521,-0.9659258262890682,0
18,5,0,0,0,2,4.99,38.39,38.75,0.3597,21,5.87,6.99,0,0,1,-1.0,-1.8369701987210297e-16,0
8,0,0,0,0,0,2.58,90.69,41.8,0.4306,6,9.35,42.64,0,0,0,0.8660254037844387,-0.4999999999999998,0
18,1,0,0,0,0,4.05,71.43,67.82,0.6141,20,6.53,16.22,0,0,1,-1.0,-1.8369701987210297e-16,0
18,4,0,0,0,0,4.62,66.9,42.98,0.3124,17,1.22,32.4,0,0,0,-1.0,-1.8369701987210297e-16,0
9,2,0,0,0,0,4.38,52.51,47.66,0.666,10,1.69,4.44,0,0,0,0.7071067811865476,-0.7071067811865475,0
21,1,1,1,1,1,0.65,7.2,146.11,0.1509,3,15.17,170.17,1,1,1,-0.7071067811865477,0.7071067811865474,1
17,5,0,1,0,0,1.84,83.56,42.32,0.4304,22,8.05,8.95,0,0,0,-0.9659258262890683,-0.25881904510252063,0
15,6,0,0,0,0,4.8,78.65,34.85,0.5372,18,2.01,19.2,0,0,0,-0.7071067811865471,-0.7071067811865479,0
18,2,0,0,0,0,3.54,102.85,31.42,0.56,28,1.86,4.76,0,0,1,-1.0,-1.8369701987210297e-16,0
12,0,0,1,1,0,3.41,112.17,73.27,0.6588,16,1.29,3.12,0,0,1,1.2246467991473532e-16,-1.0,0
18,4,0,0,1,0,0.99,53.26,48.25,0.4936,10,7.43,2.1,0,0,0,-1.0,-1.8369701987210297e-16,0
18,3,0,1,0,1,4.05,55.47,64.05,0.6244,15,4.58,6.86,0,0,0,-1.0,-1.8369701987210297e-16,0
17,6,0,0,0,0,3.22,64.31,69.03,0.6566,6,1.44,41.21,0,0,1,-0.9659258262890683,-0.25881904510252063,0
10,6,0,0,0,1,1.61,76.53,55.64,0.6528,7,5.27,13.61,0,0,1,0.49999999999999994,-0.8660254037844387,0
16,0,0,0,0,1,4.03,6.75,73.05,0.324,8,5.22,19.46,0,0,1,-0.8660254037844385,-0.5000000000000004,0
14,0,0,0,0,0,4.51,41.63,54.98,0.6881,13,6.84,31.26,0,0,1,-0.4999999999999997,-0.8660254037844388,0
16,2,0,0,0,0,2.32,70.83,68.97,0.5861,3,3.29,46.63,0,0,1,-0.8660254037844385,-0.5000000000000004,0
19,4,1,1,1,4,0.67,5.81,105.7,0.2125,4,37.03,713.16,0,1,0,-0.9659258262890684,0.2588190451025203,1
11,4,0,0,1,0,1.35,79.95,57.26,0.6647,6,2.99,47.04,0,0,0,0.258819045102521,-0.9659258262890682,0
23,6,0,0,1,0,4.78,77.38,52.75,0.5405,27,1.16,20.07,0,0,0,-0.25881904510252157,0.9659258262890681,0
12,3,0,1,0,0,0.92,67.96,55.2,0.5072,30,1.19,30.97,0,0,0,1.2246467991473532e-16,-1.0,0
5,2,0,0,0,1,1.18,33.13,44.12,0.3242,22,3.67,37.0,1,0,1,0.9659258262890683,0.25881904510252074,0
12,6,1,1,0,4,0.44,11.58,58.01,0.008,3,16.39,317.6,1,1,1,1.2246467991473532e-16,-1.0,1
4,6,0,0,1,0,4.5,8.38,69.84,0.3577,30,8.4,10.54,0,0,1,0.8660254037844386,0.5000000000000001,0
5,1,0,0,1,0,1.16,9.88,39.76,0.3169,8,6.15,27.14,1,0,0,0.9659258262890683,0.25881904510252074,0
21,1,0,0,0,0,1.65,39.93,69.76,0.657,15,4.75,15.06,0,0,1,-0.7071067811865477,0.7071067811865474,0
16,3,0,0,1,0,3.4,53.39,51.49,0.6329,20,4.83,23.3,0,0,1,-0.8660254037844385,-0.5000000000000004,0
14,1,0,0,0,0,2.87,92.2,52.78,0.5694,8,3.12,29.33,0,0,2,-0.4999999999999997,-0.8660254037844388,0
19,3,1,1,1,0,0.73,12.54,40.01,0.2465,1,37.1,624.54,1,1,2,-0.9659258262890684,0.2588190451025203,1
21,4,0,0,0,0,3.1,52.02,46.68,0.5928,24,8.46,27.14,0,0,1,-0.7071067811865477,0.7071067811865474,0
0,1,0,0,0,0,0.99,100.32,46.89,0.3759,18,9.74,6.15,0,0,0,0.0,1.0,0
16,0,0,0,0,0,4.34,46.33,63.63,0.5322,13,3.04,25.86,0,0,2,-0.8660254037844385,-0.5000000000000004,0
1,6,0,1,0,0,3.77,75.82,69.55,0.3021,2,9.82,6.78,0,0,2,0.25881904510252074,0.9659258262890683,0
1,5,0,0,0,0,4.81,47.21,67.16,0.5251,11,3.52,17.69,0,0,0,0.25881904510252074,0.9659258262890683,0
2,3,0,1,0,5,0.57,7.47,43.84,0.2125,1,27.38,482.76,0,0,2,0.49999999999999994,0.8660254037844387,1
22,6,1,0,1,2,0.05,7.16,143.05,0.0629,4,29.23,370.05,1,1,1,-0.5000000000000004,0.8660254037844384,1
12,2,0,0,0,0,1.52,56.49,42.64,0.326,23,3.34,35.69,0,0,0,1.2246467991473532e-16,-1.0,0
22,6,1,1,1,1,0.4,9.25,36.01,0.1851,2,19.15,220.59,1,1,1,-0.5000000000000004,0.8660254037844384,1
10,0,0,0,0,0,1.79,96.89,43.55,0.4511,4,8.85,36.69,0,0,0,0.49999999999999994,-0.8660254037844387,0
11,5,0,0,0,0,2.1,94.52,63.07,0.3443,22,3.51,36.36,0,0,2,0.258819045102521,-0.9659258262890682,0
16,3,0,0,0,0,1.08,92.19,73.98,0.3415,18,9.05,30.19,0,0,0,-0.8660254037844385,-0.5000000000000004,0
17,1,0,0,0,0,2.81,23.41,75.34,0.4312,29,9.77,28.51,0,0,1,-0.9659258262890683,-0.25881904510252063,0
6,4,0,0,0,1,3.51,13.39,50.51,0.5556,20,6.97,35.92,0,0,0,1.0,6.123233995736766e-17,0
5,3,0,0,0,0,0.62,5.16,71.69,0.4571,8,1.34,11.5,0,0,1,0.9659258262890683,0.25881904510252074,0
18,6,0,0,0,0,4.98,76.08,49.32,0.4401,2,8.22,1.42,0,0,0,-1.0,-1.8369701987210297e-16,0
2,0,0,1,1,4,0.87,7.01,75.43,0.0339,5,11.45,680.63,1,0,1,0.49999999999999994,0.8660254037844387,1
7,6,0,0,0,0,1.74,12.36,41.5,0.6774,28,9.52,15.14,0,0,1,0.9659258262890683,-0.25881904510252063,0
21,4,0,0,0,0,0.77,14.12,34.74,0.307,28,6.97,22.17,0,0,0,-0.7071067811865477,0.7071067811865474,0
18,4,0,0,0,0,2.82,27.7,52.99,0.6404,8,2.87,9.74,0,0,0,-1.0,-1.8369701987210297e-16,0
5,3,1,1,1,3,0.96,10.97,95.74,0.084,2,38.14,263.25,0,1,0,0.9659258262890683,0.25881904510252074,1
5,0,0,1,0,0,4.5,72.84,34.21,0.3412,28,1.35,30.61,0,0,0,0.9659258262890683,0.25881904510252074,0
13,5,0,0,0,1,3.71,27.83,45.83,0.6075,14,9.52,0.98,0,0,0,-0.2588190451025208,-0.9659258262890683,0
9,3,0,0,0,0,2.2,47.77,30.59,0.661,3,6.84,43.63,0,0,1,0.7071067811865476,-0.7071067811865475,0
8,6,0,0,1,0,3.67,91.04,78.33,0.3173,18,6.04,23.03,0,0,1,0.8660254037844387,-0.4999999999999998,0
9,3,0,0,0,2,3.16,117.65,57.16,0.3336,5,5.42,44.53,0,0,1,0.7071067811865476,-0.7071067811865475,0
8,0,0,0,0,0,0.54,115.19,60.42,0.3544,25,2.12,35.01,0,0,1,0.8660254037844387,-0.4999999999999998,0
13,3,0,0,0,0,1.56,43.97,64.98,0.5639,9,8.39,24.18,0,0,1,-0.2588190451025208,-0.9659258262890683,0
6,5,0,0,0,0,0.89,99.86,65.93,0.6891,23,6.91,14.73,0,0,0,1.0,6.123233995736766e-17,0
9,1,0,1,0,0,2.21,87.5,42.08,0.4609,24,2.11,23.75,0,0,1,0.7071067811865476,-0.7071067811865475,0
16,5,0,0,0,0,4.66,11.95,53.72,0.3019,23,1.15,1.25,1,0,0,-0.8660254037844385,-0.5000000000000004,0
18,4,0,0,0,0,0.95,54.87,56.43,0.5416,17,4.29,11.19,0,0,0,-1.0,-1.8369701987210297e-16,0
8,5,0,0,0,0,2.49,52.77,42.5,0.5766,30,9.42,29.22,0,0,1,0.8660254037844387,-0.4999999999999998,0
14,4,0,0,0,0,4.34,9.84,38.95,0.451,19,6.39,33.24,0,0,2,-0.4999999999999997,-0.8660254037844388,0
15,2,0,1,0,0,3.89,39.9,63.85,0.4013,7,5.98,46.94,1,0,1,-0.7071067811865471,-0.7071067811865479,0
14,0,0,0,0,0,3.24,52.01,57.43,0.5877,11,5.38,30.87,0,0,0,-0.4999999999999997,-0.8660254037844388,0
13,5,0,0,0,0,1.19,105.74,58.21,0.6057,21,4.96,6.95,0,0,0,-0.2588190451025208,-0.9659258262890683,0
20,2,1,1,1,3,0.25,5.59,43.89,0.1837,1,35.35,653.81,0,1,1,-0.8660254037844386,0.5000000000000001,1
21,5,0,0,0,0,2.72,102.83,73.88,0.3403,11,4.08,11.71,0,0,1,-0.7071067811865477,0.7071067811865474,0
14,3,0,0,0,0,4.28,86.88,55.52,0.4059,27,9.46,29.8,0,0,1,-0.4999999999999997,-0.8660254037844388,0
19,6,0,0,0,0,2.06,92.97,52.99,0.6886,8,6.64,21.12,0,0,2,-0.9659258262890684,0.2588190451025203,0
19,3,0,0,0,0,4.71,39.29,68.44,0.5094,10,8.41,34.52,0,0,2,-0.9659258262890684,0.2588190451025203,0
2,6,0,1,0,4,0.93,13.96,56.85,0.21,5,34.61,331.13,0,1,1,0.49999999999999994,0.8660254037844387,1
4,4,0,1,1,1,0.92,6.88,108.18,0.0154,5,40.5,651.76,1,0,0,0.8660254037844386,0.5000000000000001,1
22,2,1,1,0,1,0.17,5.9,33.07,0.2214,4,41.46,543.98,1,1,2,-0.5000000000000004,0.8660254037844384,1
16,0,0,1,0,0,3.67,118.86,64.44,0.5721,2,1.33,40.52,0,0,1,-0.8660254037844385,-0.5000000000000004,0
11,4,0,0,0,1,3.38,55.0,34.79,0.4525,22,8.44,39.84,0,0,0,0.258819045102521,-0.9659258262890682,0
9,6,0,0,0,0,0.72,43.18,51.61,0.6047,23,1.91,25.03,1,0,0,0.7071067811865476,-0.7071067811865475,0
15,0,0,0,0,2,1.47,71.94,46.26,0.6053,18,5.1,4.61,0,0,1,-0.7071067811865471,-0.7071067811865479,0
16,2,0,0,0,0,2.93,83.63,33.47,0.6621,12,1.99,14.69,0,0,0,-0.8660254037844385,-0.5000000000000004,0
10,0,0,0,1,0,4.14,118.12,39.86,0.671,20,1.2,22.37,0,0,0,0.49999999999999994,-0.8660254037844387,0
21,4,0,0,0,0,2.33,34.02,62.46,0.5203,30,5.0,27.31,0,0,1,-0.7071067811865477,0.7071067811865474,0
23,4,0,0,0,0,2.71,27.71,57.06,0.5086,10,9.76,15.8,1,0,0,-0.25881904510252157,0.9659258262890681,0
15,1,0,0,0,0,3.02,85.2,51.88,0.4297,20,1.92,37.74,0,0,0,-0.7071067811865471,-0.7071067811865479,0
17,2,0,0,1,1,3.18,64.19,55.46,0.6312,4,6.63,17.49,0,0,2,-0.9659258262890683,-0.25881904510252063,0
3,6,1,1,1,1,0.15,7.58,63.09,0.0146,5,28.37,127.63,0,1,1,0.7071067811865476,0.7071067811865476,1
22,2,0,0,0,0,2.27,94.43,79.24,0.5078,16,8.59,3.44,0,0,2,-0.5000000000000004,0.8660254037844384,0
2,4,0,0,0,2,1.94,82.33,47.3,0.35,13,1.56,11.11,0,0,1,0.49999999999999994,0.8660254037844387,0
20,3,0,0,0,0,2.49,40.96,62.95,0.434,11,2.15,16.23,0,0,1,-0.8660254037844386,0.5000000000000001,0
9,2,0,0,0,0,0.67,104.07,57.16,0.303,6,9.78,46.73,0,0,0,0.7071067811865476,-0.7071067811865475,0
6,0,0,1,0,5,0.31,11.31,17.59,0.2951,3,45.55,671.02,1,1,0,1.0,6.123233995736766e-17,1
8,5,0,0,1,0,0.9,38.58,69.2,0.5328,15,3.45,22.51,1,0,0,0.8660254037844387,-0.4999999999999998,0
11,6,0,0,0,0,1.93,73.86,65.01,0.3301,24,8.57,15.42,0,0,1,0.258819045102521,-0.9659258262890682,0
15,4,0,0,0,0,4.59,88.65,58.03,0.6677,8,1.58,29.58,0,0,0,-0.7071067811865471,-0.7071067811865479,0
9,4,0,0,0,0,3.62,31.29,38.57,0.4594,15,7.36,9.4,0,0,1,0.7071067811865476,-0.7071067811865475,0
2,3,0,0,1,4,0.55,0.52,37.83,0.0234,2,38.95,609.79,0,1,0,0.49999999999999994,0.8660254037844387,1
2,5,1,0,1,5,0.46,3.94,79.03,0.2331,3,26.89,595.81,1,1,2,0.49999999999999994,0.8660254037844387,1
20,0,0,0,0,0,1.92,96.0,77.67,0.352,30,2.74,24.03,0,0,0,-0.8660254037844386,0.5000000000000001,0
15,0,0,0,0,0,3.02,78.8,61.47,0.4175,29,2.79,33.51,0,0,1,-0.7071067811865471,-0.7071067811865479,0
20,0,0,0,0,2,2.3,51.62,38.43,0.6808,11,9.28,42.82,0,0,1,-0.8660254037844386,0.5000000000000001,0
0,4,1,1,1,4,0.07,13.3,92.81,0.0361,4,48.99,498.98,1,1,2,0.0,1.0,1
17,4,0,0,0,0,3.0,111.01,57.92,0.4128,11,2.7,4.58,0,0,0,-0.9659258262890683,-0.25881904510252063,0
15,2,0,0,0,0,4.8,109.04,56.38,0.6557,12,2.3,44.31,0,0,1,-0.7071067811865471,-0.7071067811865479,0
12,6,0,0,0,0,1.7,74.15,36.15,0.6253,29,9.38,26.65,0,0,0,1.2246467991473532e-16,-1.0,0
12,2,1,0,0,0,4.32,21.22,36.28,0.3909,30,3.22,25.59,0,0,1,1.2246467991473532e-16,-1.0,0
17,0,0,0,0,0,4.36,76.65,57.69,0.4163,8,6.82,6.92,0,0,1,-0.9659258262890683,-0.25881904510252063,0
15,4,0,0,0,0,1.04,103.46,33.68,0.4186,18,3.52,11.25,0,0,0,-0.7071067811865471,-0.7071067811865479,0
13,6,0,0,1,0,2.48,39.48,56.12,0.3051,29,8.42,31.15,0,0,2,-0.2588190451025208,-0.9659258262890683,0
10,2,0,0,1,0,3.39,104.17,71.7,0.3692,11,9.5,35.31,1,0,1,0.49999999999999994,-0.8660254037844387,0
11,0,0,0,0,0,4.72,54.77,62.18,0.6151,22,3.01,10.32,0,0,2,0.258819045102521,-0.9659258262890682,0
10,4,0,1,0,2,0.93,45.57,74.17,0.579,30,7.25,2.38,1,0,0,0.49999999999999994,-0.8660254037844387,0
22,5,0,0,1,0,1.42,40.0,38.73,0.3264,6,5.86,27.05,0,0,0,-0.5000000000000004,0.8660254037844384,0
22,4,0,0,1,2,0.93,44.12,62.62,0.524,25,3.89,44.42,0,0,1,-0.5000000000000004,0.8660254037844384,0
17,5,0,0,0,0,1.1,12.14,63.27,0.3324,20,5.29,14.61,0,0,0,-0.9659258262890683,-0.25881904510252063,0
14,0,0,0,0,0,4.76,14.56,59.74,0.4157,23,1.85,30.4,0,0,0,-0.4999999999999997,-0.8660254037844388,0
2,2,1,1,1,1,0.87,14.55,123.7,0.2211,4,26.94,365.8,1,1,1,0.49999999999999994,0.8660254037844387,1
13,0,0,0,0,0,2.04,107.04,30.11,0.6563,21,7.24,10.89,0,0,0,-0.2588190451025208,-0.9659258262890683,0
15,6,0,0,0,0,0.81,72.35,31.72,0.6061,6,2.89,3.19,0,0,1,-0.7071067811865471,-0.7071067811865479,0
18,5,0,1,0,0,3.23,36.01,44.55,0.5396,26,1.38,29.89,0,0,0,-1.0,-1.8369701987210297e-16,0
12,6,0,0,0,0,3.67,47.4,37.88,0.5528,2,7.16,47.82,0,0,1,1.2246467991473532e-16,-1.0,0
17,3,1,0,0,0,4.94,77.49,37.28,0.6239,18,2.28,2.39,0,0,0,-0.9659258262890683,-0.25881904510252063,0
14,6,1,0,0,0,0.82,40.59,79.97,0.3205,16,2.91,10.19,0,0,0,-0.4999999999999997,-0.8660254037844388,0
7,6,0,0,0,0,2.54,99.43,77.14,0.5275,8,3.38,30.89,0,0,1,0.9659258262890683,-0.25881904510252063,0
18,4,0,0,0,2,3.84,91.52,62.83,0.3321,4,2.36,47.52,0,0,1,-1.0,-1.8369701987210297e-16,0
13,5,0,0,0,0,4.66,50.46,61.86,0.5198,15,9.8,6.54,0,0,1,-0.2588190451025208,-0.9659258262890683,0
19,5,0,0,0,0,1.59,64.77,67.09,0.5491,14,5.37,6.38,0,0,0,-0.9659258262890684,0.2588190451025203,0
3,0,1,1,1,5,0.09,6.65,11.1,0.297,2,49.99,247.62,1,1,1,0.7071067811865476,0.7071067811865476,1
11,3,0,1,0,0,4.9,25.02,33.06,0.3147,5,1.31,44.81,0,0,1,0.258819045102521,-0.9659258262890682,0
13,6,0,0,0,0,3.26,9.92,54.35,0.6084,19,2.45,21.05,0,0,1,-0.2588190451025208,-0.9659258262890683,0
8,3,0,0,0,1,3.07,70.69,55.43,0.5016,20,9.11,8.99,0,0,0,0.8660254037844387,-0.4999999999999998,0
20,2,0,0,0,2,1.77,73.25,52.89,0.5383,16,6.33,41.74,0,0,0,-0.8660254037844386,0.5000000000000001,0
4,0,0,0,0,0,4.31,53.6,74.63,0.3176,20,5.67,33.78,1,0,0,0.8660254037844386,0.5000000000000001,0
15,1,1,1,1,3,1.0,6.6,84.61,0.1481,4,22.73,624.29,1,1,1,-0.7071067811865471,-0.7071067811865479,1
15,3,0,0,0,0,4.01,31.31,73.42,0.5889,10,9.96,24.9,0,0,2,-0.7071067811865471,-0.7071067811865479,0
21,0,0,0,0,0,2.65,56.53,70.49,0.4164,15,1.84,7.81,0,0,0,-0.7071067811865477,0.7071067811865474,0
3,3,0,0,0,0,1.57,34.34,71.5,0.5626,9,3.72,32.59,0,0,0,0.7071067811865476,0.7071067811865476,0
17,6,0,0,1,0,2.43,19.21,42.61,0.5138,26,5.35,44.44,0,0,0,-0.9659258262890683,-0.25881904510252063,0
18,3,0,0,0,2,1.4,46.02,35.4,0.3275,27,2.99,42.74,0,0,0,-1.0,-1.8369701987210297e-16,0
14,2,0,0,0,0,0.64,47.09,60.32,0.4239,16,2.97,28.59,0,0,0,-0.4999999999999997,-0.8660254037844388,0
19,3,0,0,0,0,4.24,49.44,60.67,0.5149,11,9.77,17.73,0,0,2,-0.9659258262890684,0.2588190451025203,0
7,2,0,0,0,0,0.98,89.5,45.53,0.4427,4,8.63,16.86,0,0,0,0.9659258262890683,-0.25881904510252063,0
17,1,0,0,0,0,0.82,34.14,62.48,0.5754,15,9.24,4.47,0,0,1,-0.9659258262890683,-0.25881904510252063,0
14,1,0,0,0,0,2.92,61.98,68.8,0.4901,21,9.56,30.99,0,0,1,-0.4999999999999997,-0.8660254037844388,0
14,1,0,0,0,1,0.53,8.8,32.41,0.5706,30,3.76,3.56,0,0,1,-0.4999999999999997,-0.8660254037844388,0
15,1,0,0,0,1,1.85,105.35,62.89,0.5484,4,9.61,36.48,0,0,1,-0.7071067811865471,-0.7071067811865479,0
23,1,1,1,1,1,0.41,5.96,51.99,0.0417,4,45.31,486.51,0,1,2,-0.25881904510252157,0.9659258262890681,1
19,5,0,0,0,0,1.22,99.85,53.73,0.6033,20,2.11,31.42,0,0,1,-0.9659258262890684,0.2588190451025203,0
14,3,0,0,0,1,1.52,34.21,30.54,0.5725,3,4.11,21.34,0,0,0,-0.4999999999999997,-0.8660254037844388,0
6,6,0,0,0,0,4.19,60.48,57.01,0.6311,6,3.94,24.42,0,0,1,1.0,6.123233995736766e-17,0
12,6,0,1,0,1,4.33,78.66,75.54,0.4831,15,2.95,35.96,0,0,1,1.2246467991473532e-16,-1.0,0
6,6,0,0,0,0,1.56,69.41,37.66,0.5325,16,6.05,35.48,1,0,0,1.0,6.123233995736766e-17,0
12,2,0,0,0,0,1.58,95.3,74.82,0.3485,19,8.49,41.08,0,0,1,1.2246467991473532e-16,-1.0,0
18,2,1,1,1,4,0.51,3.45,141.32,0.1545,1,35.69,675.09,1,1,1,-1.0,-1.8369701987210297e-16,1
9,6,1,1,0,4,0.59,10.85,143.95,0.2991,3,34.69,385.27,1,1,2,0.7071067811865476,-0.7071067811865475,1
19,3,0,0,0,1,1.9,92.33,34.7,0.5801,11,8.47,12.17,0,0,2,-0.9659258262890684,0.2588190451025203,0
8,3,0,0,0,0,3.2,8.23,65.87,0.4556,15,9.74,46.96,0,0,0,0.8660254037844387,-0.4999999999999998,0
6,4,1,1,1,5,0.24,14.1,32.95,0.1533,5,39.62,581.99,0,1,0,1.0,6.123233995736766e-17,1
21,6,0,0,0,0,1.61,87.94,53.92,0.6466,2,3.01,40.51,0,0,1,-0.7071067811865477,0.7071067811865474,0
10,3,0,0,0,0,2.65,110.38,65.29,0.3904,14,7.06,42.18,0,0,1,0.49999999999999994,-0.8660254037844387,0
23,6,1,1,1,0,0.65,6.3,133.08,0.2061,1,10.18,548.8,0,1,1,-0.25881904510252157,0.9659258262890681,1
1,1,1,1,1,3,0.31,6.14,63.59,0.1346,3,31.56,663.28,1,1,2,0.25881904510252074,0.9659258262890683,1
22,4,0,1,0,0,3.94,106.43,73.09,0.4437,5,8.72,35.45,0,0,0,-0.5000000000000004,0.8660254037844384,0
7,1,0,0,0,1,1.56,55.4,45.0,0.3692,28,5.77,31.3,1,0,0,0.9659258262890683,-0.25881904510252063,0
13,5,0,0,0,1,3.82,88.72,35.22,0.5196,4,3.89,6.89,0,0,1,-0.2588190451025208,-0.9659258262890683,0
4,6,1,1,0,5,0.16,12.58,17.98,0.2091,1,16.32,431.43,0,1,2,0.8660254037844386,0.5000000000000001,1
20,6,0,0,0,0,2.72,44.19,36.36,0.6229,30,2.12,14.43,0,0,0,-0.8660254037844386,0.5000000000000001,0
18,1,0,0,0,0,0.75,44.9,43.48,0.6696,3,2.32,26.08,0,0,1,-1.0,-1.8369701987210297e-16,0
12,1,0,0,0,0,1.05,44.07,39.29,0.4385,17,8.8,23.96,0,0,1,1.2246467991473532e-16,-1.0,0
9,3,0,0,0,0,2.92,37.08,46.99,0.3416,2,7.11,31.12,0,0,0,0.7071067811865476,-0.7071067811865475,0
7,4,0,1,0,1,1.94,104.58,73.7,0.4925,16,1.78,18.58,0,0,1,0.9659258262890683,-0.25881904510252063,0
18,4,0,0,0,0,1.84,36.33,32.09,0.4206,6,5.2,3.29,0,0,0,-1.0,-1.8369701987210297e-16,0
15,0,0,0,0,0,2.92,34.04,32.41,0.6793,9,3.72,10.79,0,0,0,-0.7071067811865471,-0.7071067811865479,0
20,5,0,0,0,0,3.23,50.11,46.91,0.6521,19,5.27,17.24,0,0,0,-0.8660254037844386,0.5000000000000001,0
11,0,0,0,0,0,2.65,67.68,34.91,0.3622,26,7.15,0.59,0,0,1,0.258819045102521,-0.9659258262890682,0
1,2,0,1,1,4,0.57,14.42,100.89,0.2881,2,32.88,549.05,0,1,1,0.25881904510252074,0.9659258262890683,1
5,2,0,0,1,1,2.4,90.56,60.35,0.351,23,6.21,46.35,0,0,1,0.9659258262890683,0.25881904510252074,0
15,2,0,0,0,0,0.58,40.27,65.07,0.6112,16,7.91,18.32,0,0,1,-0.7071067811865471,-0.7071067811865479,0
3,6,0,1,0,0,2.79,109.35,43.76,0.6422,11,5.89,45.51,0,0,1,0.7071067811865476,0.7071067811865476,0
18,1,0,1,0,0,4.02,8.65,68.54,0.6465,28,8.33,25.27,0,0,0,-1.0,-1.8369701987210297e-16,0
18,1,0,0,0,0,2.61,88.11,48.62,0.3461,26,3.51,2.98,0,0,1,-1.0,-1.8369701987210297e-16,0
7,4,0,1,0,0,2.92,48.16,75.39,0.6704,4,3.02,27.63,0,0,1,0.9659258262890683,-0.25881904510252063,0
16,1,0,0,0,3,0.21,0.51,26.19,0.0489,5,31.71,108.85,1,0,1,-0.8660254037844385,-0.5000000000000004,1
7,4,1,1,1,5,0.27,12.53,126.03,0.124,1,16.35,689.17,1,1,1,0.9659258262890683,-0.25881904510252063,1
15,5,0,1,1,0,3.54,95.54,75.39,0.4532,14,1.04,18.17,0,0,1,-0.7071067811865471,-0.7071067811865479,0
16,0,0,0,0,0,4.75,89.85,61.91,0.6752,23,2.73,15.56,0,0,0,-0.8660254037844385,-0.5000000000000004,0
21,5,1,1,1,1,0.19,5.99,11.89,0.1865,4,36.3,650.58,1,1,1,-0.7071067811865477,0.7071067811865474,1
14,1,0,0,1,0,3.97,49.2,68.91,0.3074,13,1.44,35.55,0,0,1,-0.4999999999999997,-0.8660254037844388,0
2,2,1,1,0,0,0.29,1.6,92.78,0.1542,2,28.54,626.6,0,0,1,0.49999999999999994,0.8660254037844387,1
12,4,0,1,1,1,0.84,37.07,37.15,0.5236,22,3.41,8.47,0,0,0,1.2246467991473532e-16,-1.0,0
10,2,0,0,0,0,2.87,110.48,55.02,0.3103,12,6.84,34.58,0,0,0,0.49999999999999994,-0.8660254037844387,0
9,3,0,0,0,1,3.51,49.84,33.53,0.5593,13,5.95,25.33,0,0,0,0.7071067811865476,-0.7071067811865475,0
22,3,0,0,0,0,4.62,73.81,64.41,0.6129,24,3.51,26.44,0,0,0,-0.5000000000000004,0.8660254037844384,0
10,5,0,0,0,0,4.46,103.85,46.41,0.6097,3,7.69,22.81,0,0,2,0.49999999999999994,-0.8660254037844387,0
22,6,0,0,0,1,2.72,50.63,65.21,0.6321,18,2.08,23.72,0,0,0,-0.5000000000000004,0.8660254037844384,0
18,0,0,0,0,0,1.1,46.69,53.45,0.5995,3,6.88,29.4,0,0,2,-1.0,-1.8369701987210297e-16,0
9,6,0,0,0,0,2.38,99.47,37.28,0.3892,24,5.09,10.8,0,0,1,0.7071067811865476,-0.7071067811865475,0
16,2,0,0,0,0,1.31,49.5,55.83,0.3324,27,4.18,38.09,0,0,0,-0.8660254037844385,-0.5000000000000004,0
14,5,0,0,0,0,4.82,112.2,54.77,0.567,10,5.74,12.16,0,0,0,-0.4999999999999997,-0.8660254037844388,0
7,2,0,0,0,0,3.35,64.34,41.89,0.3911,20,6.98,3.85,0,0,0,0.9659258262890683,-0.25881904510252063,0
6,2,0,0,0,0,3.65,67.69,75.99,0.6147,20,6.66,20.79,0,0,0,1.0,6.123233995736766e-17,0
18,6,0,0,0,1,4.69,100.76,51.92,0.3732,4,8.39,27.13,0,0,0,-1.0,-1.8369701987210297e-16,0
13,0,0,0,0,0,3.15,80.3,71.32,0.6297,18,5.42,35.12,0,0,1,-0.2588190451025208,-0.9659258262890683,0
16,1,0,0,0,0,4.77,15.26,44.64,0.5003,14,4.51,12.73,0,0,1,-0.8660254037844385,-0.5000000000000004,0
19,0,0,0,0,1,2.01,63.42,39.94,0.5709,12,8.49,29.78,0,0,0,-0.9659258262890684,0.2588190451025203,0
10,4,0,0,0,0,2.92,62.51,65.65,0.4722,22,5.38,10.92,0,0,1,0.49999999999999994,-0.8660254037844387,0
11,1,0,0,0,0,4.59,56.76,40.07,0.3707,12,2.63,8.7,0,0,1,0.258819045102521,-0.9659258262890682,0
7,4,0,0,0,0,4.39,17.46,63.46,0.4514,6,4.57,4.06,0,0,0,0.9659258262890683,-0.25881904510252063,0
17,2,0,0,0,0,1.33,82.32,40.12,0.5096,18,5.36,9.8,0,0,0,-0.9659258262890683,-0.25881904510252063,0
7,0,0,0,0,0,0.68,30.68,42.69,0.3745,30,5.41,10.74,0,0,0,0.9659258262890683,-0.25881904510252063,0
15,1,1,0,0,1,0.5,6.24,78.32,0.0132,2,11.22,684.95,0,0,1,-0.7071067811865471,-0.7071067811865479,1
10,1,0,0,0,0,0.67,16.83,37.4,0.4253,26,6.87,9.71,0,0,1,0.49999999999999994,-0.8660254037844387,0
15,3,0,0,1,0,4.15,48.33,32.19,0.5488,21,3.39,9.54,1,0,1,-0.7071067811865471,-0.7071067811865479,0
11,0,0,0,0,0,3.81,115.66,56.66,0.6368,18,6.17,17.88,0,0,0,0.258819045102521,-0.9659258262890682,0
3,2,1,1,1,3,0.16,13.4,145.26,0.1389,2,41.9,683.07,1,1,2,0.7071067811865476,0.7071067811865476,1
16,1,0,1,0,0,0.68,19.48,49.41,0.3492,15,9.36,43.34,0,0,1,-0.8660254037844385,-0.5000000000000004,0
13,3,0,1,0,1,1.67,16.17,39.39,0.4037,25,1.4,35.14,0,0,0,-0.2588190451025208,-0.9659258262890683,0
15,5,0,0,0,0,4.83,30.7,58.51,0.6685,11,9.36,34.11,0,0,0,-0.7071067811865471,-0.7071067811865479,0
12,6,0,0,0,0,0.54,38.92,78.35,0.6373,16,4.53,46.61,0,0,0,1.2246467991473532e-16,-1.0,0
23,0,0,0,0,0,4.35,40.55,76.17,0.4164,15,7.79,32.9,0,0,2,-0.25881904510252157,0.9659258262890681,0
5,0,0,0,0,0,2.38,97.11,70.87,0.5357,7,5.2,9.06,0,0,1,0.9659258262890683,0.25881904510252074,0
13,4,0,0,0,0,4.51,38.06,46.21,0.3142,28,6.97,26.29,0,0,1,-0.2588190451025208,-0.9659258262890683,0
20,4,0,1,0,0,3.55,12.38,45.64,0.5832,24,9.13,8.52,0,0,2,-0.8660254037844386,0.5000000000000001,0
11,5,0,0,0,0,2.52,8.49,58.35,0.4708,21,4.04,15.63,0,0,1,0.258819045102521,-0.9659258262890682,0
23,5,0,0,0,0,1.75,104.03,72.83,0.5384,13,1.78,42.77,0,0,0,-0.25881904510252157,0.9659258262890681,0
3,3,1,1,1,1,0.86,1.49,74.9,0.0071,2,12.46,220.37,1,1,1,0.7071067811865476,0.7071067811865476,1
23,1,0,0,0,1,4.16,71.15,30.47,0.5148,4,7.37,15.54,0,0,0,-0.25881904510252157,0.9659258262890681,0
21,2,0,0,0,0,2.59,76.78,75.56,0.3702,20,2.67,2.02,0,0,0,-0.7071067811865477,0.7071067811865474,0
16,1,0,0,0,0,3.67,96.85,67.34,0.5398,2,1.85,1.28,0,0,0,-0.8660254037844385,-0.5000000000000004,0
8,0,0,0,0,0,1.05,16.22,52.19,0.4511,19,7.94,41.66,0,0,1,0.8660254037844387,-0.4999999999999998,0
23,6,0,0,0,0,1.56,6.68,34.45,0.3065,26,2.69,31.04,0,0,1,-0.25881904510252157,0.9659258262890681,0
16,3,0,0,0,0,4.56,87.33,56.37,0.4728,7,6.35,14.3,0,0,1,-0.8660254037844385,-0.5000000000000004,0
21,2,0,0,0,0,2.88,68.82,48.25,0.633,27,9.43,12.53,1,0,2,-0.7071067811865477,0.7071067811865474,0
3,0,0,0,1,0,2.62,44.94,74.57,0.4921,25,6.92,2.34,0,0,1,0.7071067811865476,0.7071067811865476,0
20,2,0,1,1,0,1.31,96.25,77.46,0.6732,25,1.06,17.38,0,0,0,-0.8660254037844386,0.5000000000000001,0
1,0,1,1,1,2,0.45,0.86,77.55,0.1398,2,29.7,685.73,0,1,1,0.25881904510252074,0.9659258262890683,1
16,1,0,0,0,0,0.56,40.12,61.35,0.5581,8,4.02,35.41,0,0,1,-0.8660254037844385,-0.5000000000000004,0
14,2,0,0,0,0,2.07,114.61,78.01,0.5184,14,2.64,12.34,0,0,1,-0.4999999999999997,-0.8660254037844388,0
16,6,0,0,0,0,4.91,37.9,33.62,0.6543,12,3.63,28.53,0,0,0,-0.8660254037844385,-0.5000000000000004,0
7,2,0,0,0,0,3.52,62.81,69.29,0.5254,10,9.05,27.73,0,0,1,0.9659258262890683,-0.25881904510252063,0
21,5,0,0,0,0,4.8,59.41,74.71,0.4309,3,3.18,22.77,0,0,0,-0.7071067811865477,0.7071067811865474,0
1,5,1,1,1,3,0.66,9.88,87.55,0.2673,3,37.79,308.0,0,1,0,0.25881904510252074,0.9659258262890683,1
17,4,0,0,0,0,3.37,88.43,48.99,0.4372,17,8.63,47.37,0,0,1,-0.9659258262890683,-0.25881904510252063,0
6,2,0,0,0,1,1.4,90.46,45.8,0.6865,7,5.55,45.43,0,0,0,1.0,6.123233995736766e-17,0
18,4,0,0,0,2,2.69,49.37,48.98,0.3881,20,8.18,26.07,0,0,1,-1.0,-1.8369701987210297e-16,0
2,0,0,0,0,2,0.64,49.72,59.51,0.3595,13,6.85,47.7,0,0,1,0.49999999999999994,0.8660254037844387,0
22,1,0,0,0,0,3.43,88.26,30.8,0.5195,11,5.21,47.57,0,0,0,-0.5000000000000004,0.8660254037844384,0
16,2,0,0,0,0,1.25,79.9,78.94,0.3299,3,8.61,46.34,0,0,0,-0.8660254037844385,-0.5000000000000004,0
7,6,0,0,0,0,4.08,33.23,35.49,0.5309,3,2.61,43.77,0,0,0,0.9659258262890683,-0.25881904510252063,0
9,1,1,0,0,0,3.82,22.37,73.57,0.3039,15,9.6,27.85,0,0,0,0.7071067811865476,-0.7071067811865475,0
10,6,0,0,0,0,2.19,92.58,30.81,0.5655,2,1.11,40.97,0,0,0,0.49999999999999994,-0.8660254037844387,0
15,2,0,0,0,0,2.42,72.56,62.03,0.4202,29,3.89,25.62,0,0,0,-0.7071067811865471,-0.7071067811865479,0
6,3,0,0,0,0,4.21,50.19,53.49,0.4875,6,3.67,19.16,0,0,0,1.0,6.123233995736766e-17,0
9,5,0,0,0,0,0.81,62.1,71.76,0.4976,28,8.61,36.63,0,0,2,0.7071067811865476,-0.7071067811865475,0
20,1,0,0,0,1,2.37,119.69,43.54,0.5382,16,9.65,45.5,0,0,1,-0.8660254037844386,0.5000000000000001,0
3,3,1,1,1,1,0.4,2.49,79.07,0.1348,5,43.27,279.54,1,1,0,0.7071067811865476,0.7071067811865476,1
20,3,0,1,0,0,2.87,112.25,75.41,0.4968,16,4.63,2.21,0,0,1,-0.8660254037844386,0.5000000000000001,0
7,5,0,0,0,0,3.5,46.8,56.24,0.6497,7,4.32,42.9,1,0,0,0.9659258262890683,-0.25881904510252063,0
21,6,0,0,0,0,2.37,110.9,47.58,0.3747,7,5.42,16.76,0,0,1,-0.7071067811865477,0.7071067811865474,0
7,6,0,0,0,0,4.22,64.68,59.59,0.3542,5,2.4,38.89,0,0,1,0.9659258262890683,-0.25881904510252063,0
17,2,0,0,0,0,4.33,71.81,40.05,0.4173,10,2.13,16.87,0,0,1,-0.9659258262890683,-0.25881904510252063,0
20,0,1,1,1,4,0.19,8.24,59.81,0.0346,4,19.34,399.62,0,1,2,-0.8660254037844386,0.5000000000000001,1
13,2,0,0,0,0,1.57,71.14,65.29,0.5947,9,3.91,1.82,0,0,0,-0.2588190451025208,-0.9659258262890683,0
8,3,0,0,0,1,3.05,49.84,71.13,0.4422,9,9.84,43.09,0,0,1,0.8660254037844387,-0.4999999999999998,0
18,4,0,0,0,0,4.27,115.49,46.35,0.3218,15,1.12,37.75,0,0,1,-1.0,-1.8369701987210297e-16,0
8,4,0,0,0,2,3.45,107.87,43.38,0.3563,9,9.79,19.18,0,0,0,0.8660254037844387,-0.4999999999999998,0
1,3,0,0,0,2,2.28,26.79,43.62,0.6798,12,1.07,42.38,0,0,1,0.25881904510252074,0.9659258262890683,0
23,1,1,1,1,0,0.48,9.35,90.53,0.1688,2,22.79,702.86,1,1,1,-0.25881904510252157,0.9659258262890681,1
20,0,1,0,0,0,1.96,55.54,58.02,0.3812,22,6.95,5.44,0,0,1,-0.8660254037844386,0.5000000000000001,0
18,4,0,0,0,0,3.24,63.92,52.15,0.5562,13,6.98,39.85,0,0,1,-1.0,-1.8369701987210297e-16,0
17,3,0,0,0,0,3.31,108.67,71.39,0.3989,10,8.35,11.21,0,0,1,-0.9659258262890683,-0.25881904510252063,0
10,6,0,0,0,0,2.11,94.27,53.67,0.3381,22,2.49,18.57,0,0,1,0.49999999999999994,-0.8660254037844387,0
7,1,1,1,1,3,0.9,5.6,144.95,0.0095,4,17.57,635.6,1,1,1,0.9659258262890683,-0.25881904510252063,1
22,2,0,0,1,0,0.31,11.99,132.14,0.2113,3,35.52,203.96,1,1,0,-0.5000000000000004,0.8660254037844384,1
9,0,0,0,0,0,4.58,18.79,56.26,0.6864,22,6.68,14.61,0,0,0,0.7071067811865476,-0.7071067811865475,0
4,4,1,1,0,5,0.67,14.6,38.79,0.1763,5,44.38,536.43,0,1,2,0.8660254037844386,0.5000000000000001,1
4,3,1,1,1,0,0.36,13.94,148.13,0.2395,2,39.88,506.93,1,1,1,0.8660254037844386,0.5000000000000001,1
15,3,0,0,0,0,0.95,52.68,38.67,0.5765,26,3.12,39.61,0,0,1,-0.7071067811865471,-0.7071067811865479,0
14,1,0,0,1,1,1.8,11.37,63.79,0.3613,4,9.26,22.83,0,0,0,-0.4999999999999997,-0.8660254037844388,0
10,1,0,0,0,0,2.3,56.99,54.74,0.5106,18,6.86,20.18,0,0,0,0.49999999999999994,-0.8660254037844387,0
18,2,0,0,0,0,1.2,8.39,70.02,0.3156,15,6.24,30.07,0,0,0,-1.0,-1.8369701987210297e-16,0
5,1,0,0,0,0,1.62,14.65,47.65,0.3902,29,7.47,33.65,0,0,1,0.9659258262890683,0.25881904510252074,0
4,0,0,0,0,2,3.23,38.75,67.24,0.5246,2,6.42,26.23,0,0,0,0.8660254037844386,0.5000000000000001,0
4,1,0,0,0,0,1.41,65.46,65.87,0.6216,4,4.52,2.36,0,0,0,0.8660254037844386,0.5000000000000001,0
4,5,1,0,0,4,0.32,1.37,13.29,0.2061,1,13.22,457.09,1,1,1,0.8660254037844386,0.5000000000000001,1
15,5,1,1,0,0,2.63,56.14,58.36,0.5797,29,3.27,14.57,0,0,1,-0.7071067811865471,-0.7071067811865479,0
17,6,0,0,0,0,0.54,69.08,77.48,0.3491,30,9.11,32.63,0,0,2,-0.9659258262890683,-0.25881904510252063,0
16,0,0,0,0,0,2.58,69.61,46.55,0.416,11,8.09,30.6,0,0,0,-0.8660254037844385,-0.5000000000000004,0
10,6,0,1,0,0,3.3,5.32,65.97,0.5763,19,8.85,16.87,0,0,0,0.49999999999999994,-0.8660254037844387,0
17,1,0,1,0,0,1.87,80.51,57.89,0.5762,28,8.77,2.04,1,0,0,-0.9659258262890683,-0.25881904510252063,0
21,6,0,0,0,0,3.58,51.91,68.5,0.3124,11,4.81,26.73,0,0,1,-0.7071067811865477,0.7071067811865474,0
13,3,0,0,0,0,4.65,64.71,72.19,0.4567,8,1.19,9.32,0,0,0,-0.2588190451025208,-0.9659258262890683,0
18,6,0,0,0,0,0.73,48.96,40.79,0.4036,10,5.82,20.08,0,0,0,-1.0,-1.8369701987210297e-16,0
20,1,0,0,0,1,2.7,111.24,49.0,0.3921,14,1.19,36.78,0,0,1,-0.8660254037844386,0.5000000000000001,0
8,3,0,1,0,0,3.65,45.82,56.9,0.6056,25,3.27,0.61,0,0,0,0.8660254037844387,-0.4999999999999998,0
13,3,0,0,0,1,2.62,43.24,35.1,0.5862,24,5.09,43.56,0,0,0,-0.2588190451025208,-0.9659258262890683,0
20,3,1,1,0,5,0.5,8.01,21.29,0.2213,4,20.62,104.33,1,1,1,-0.8660254037844386,0.5000000000000001,1
16,4,0,0,0,0,0.69,94.76,56.76,0.3828,22,5.12,27.32,0,0,0,-0.8660254037844385,-0.5000000000000004,0
8,2,0,0,1,0,1.95,47.74,38.44,0.3831,11,8.89,11.04,0,0,1,0.8660254037844387,-0.4999999999999998,0
18,2,0,0,0,0,2.38,75.88,48.79,0.6057,9,9.97,44.14,0,0,2,-1.0,-1.8369701987210297e-16,0
9,0,0,0,0,0,4.42,40.82,64.45,0.4731,5,6.74,29.67,0,0,0,0.7071067811865476,-0.7071067811865475,0
16,4,0,0,0,2,0.75,91.4,57.15,0.6512,14,3.83,38.23,0,0,0,-0.8660254037844385,-0.5000000000000004,0
11,4,0,1,0,0,4.15,50.41,44.45,0.685,9,4.23,2.15,0,0,0,0.258819045102521,-0.9659258262890682,0
20,5,0,0,0,0,4.76,83.81,68.14,0.6213,3,9.49,19.87,0,0,0,-0.8660254037844386,0.5000000000000001,0
16,2,0,0,1,1,4.65,45.22,38.96,0.4836,13,2.09,29.0,0,0,0,-0.8660254037844385,-0.5000000000000004,0
3,1,1,0,1,5,0.16,12.96,147.86,0.0064,3,16.33,244.73,1,0,2,0.7071067811865476,0.7071067811865476,1
11,4,0,0,0,0,4.99,33.78,78.31,0.5542,7,8.93,3.17,0,0,1,0.258819045102521,-0.9659258262890682,0
17,4,0,0,0,1,4.17,111.6,33.61,0.4123,23,2.97,46.03,0,0,0,-0.9659258262890683,-0.25881904510252063,0
6,3,0,0,0,0,3.24,16.75,51.66,0.6019,27,4.51,38.45,0,0,2,1.0,6.123233995736766e-17,0
12,1,0,0,0,0,0.66,16.61,52.68,0.5208,18,2.9,15.84,1,0,0,1.2246467991473532e-16,-1.0,0
8,4,0,0,1,1,1.72,45.64,51.03,0.4651,10,7.22,21.62,0,0,0,0.8660254037844387,-0.4999999999999998,0
17,6,0,0,0,0,3.99,105.38,68.6,0.3869,5,2.01,13.43,0,0,0,-0.9659258262890683,-0.25881904510252063,0
3,5,1,1,1,3,0.02,13.33,46.38,0.1091,2,14.01,451.95,1,1,0,0.7071067811865476,0.7071067811865476,1
10,6,0,1,0,0,4.45,7.07,56.13,0.3127,11,3.75,42.11,1,0,0,0.49999999999999994,-0.8660254037844387,0
8,2,0,0,0,0,3.67,92.97,63.91,0.5312,15,1.02,15.25,0,0,1,0.8660254037844387,-0.4999999999999998,0
23,4,0,0,0,0,2.47,95.44,51.32,0.4697,28,7.42,46.95,0,0,0,-0.25881904510252157,0.9659258262890681,0
11,3,0,0,0,0,0.51,87.49,39.01,0.6353,23,3.87,33.97,0,0,1,0.258819045102521,-0.9659258262890682,0
20,2,0,0,0,0,0.92,92.91,59.97,0.5246,7,5.92,2.04,0,0,1,-0.8660254037844386,0.5000000000000001,0
18,6,1,0,0,0,1.19,111.33,69.03,0.5642,9,2.8,22.82,1,0,1,-1.0,-1.8369701987210297e-16,0
8,3,0,0,0,0,2.03,55.44,67.29,0.4,15,7.67,42.99,0,0,0,0.8660254037844387,-0.4999999999999998,0
0,6,1,1,0,3,0.17,13.25,132.48,0.0958,3,37.74,345.74,1,1,1,0.0,1.0,1
15,2,0,0,1,0,2.02,62.05,48.8,0.3515,9,1.92,14.86,0,0,1,-0.7071067811865471,-0.7071067811865479,0
7,1,0,0,0,0,2.17,36.96,79.56,0.3422,17,7.69,42.93,0,0,2,0.9659258262890683,-0.25881904510252063,0
10,4,0,1,0,0,1.25,73.14,63.2,0.3262,22,5.11,42.02,1,0,1,0.49999999999999994,-0.8660254037844387,0
15,3,1,1,0,1,4.99,11.16,30.78,0.3375,27,5.0,31.7,0,0,0,-0.7071067811865471,-0.7071067811865479,0
15,1,1,1,1,2,0.26,4.04,90.44,0.2512,2,39.45,140.82,1,1,1,-0.7071067811865471,-0.7071067811865479,1
22,3,0,1,0,1,4.88,33.83,30.71,0.5832,29,4.22,38.24,0,0,0,-0.5000000000000004,0.8660254037844384,0
10,5,0,0,0,0,1.43,5.64,32.78,0.521,10,6.36,40.29,1,0,2,0.49999999999999994,-0.8660254037844387,0
17,3,0,0,0,2,1.14,6.44,59.89,0.394,21,9.79,8.34,0,0,0,-0.9659258262890683,-0.25881904510252063,0
18,1,0,0,0,0,0.51,96.44,71.35,0.5615,8,5.62,32.89,0,0,1,-1.0,-1.8369701987210297e-16,0
17,3,0,0,0,0,4.99,13.29,63.43,0.3022,29,8.18,28.63,0,0,1,-0.9659258262890683,-0.25881904510252063,0
4,4,1,1,1,3,0.1,10.84,102.49,0.0869,1,31.92,565.31,0,0,1,0.8660254037844386,0.5000000000000001,1
21,1,0,0,0,1,4.42,39.02,48.22,0.5472,2,8.26,39.96,0,0,2,-0.7071067811865477,0.7071067811865474,0
10,4,0,0,0,0,2.98,95.93,54.46,0.5733,13,6.07,3.86,0,0,0,0.49999999999999994,-0.8660254037844387,0
0,3,0,1,1,0,2.63,84.0,79.86,0.3999,9,3.45,7.25,0,0,1,0.0,1.0,0
16,1,0,0,0,0,1.64,87.8,58.34,0.6939,15,2.88,18.21,0,0,0,-0.8660254037844385,-0.5000000000000004,0
22,1,0,0,0,0,1.82,68.85,33.24,0.6633,4,5.08,35.15,0,0,1,-0.5000000000000004,0.8660254037844384,0
21,0,0,0,0,0,4.9,46.97,70.55,0.5988,11,6.71,36.29,0,0,0,-0.7071067811865477,0.7071067811865474,0
20,2,0,1,1,0,0.8,13.23,77.58,0.6627,7,7.06,7.27,0,0,1,-0.8660254037844386,0.5000000000000001,0
17,6,0,0,0,0,0.9,95.4,73.97,0.3521,30,1.81,12.29,0,0,0,-0.9659258262890683,-0.25881904510252063,0
10,1,0,0,0,0,2.38,30.71,67.63,0.3266,20,5.98,43.9,0,0,0,0.49999999999999994,-0.8660254037844387,0
9,2,0,0,0,0,1.63,58.16,36.4,0.3967,6,9.76,42.6,0,0,2,0.7071067811865476,-0.7071067811865475,0
22,1,1,1,1,3,0.04,15.0,13.94,0.1114,1,33.92,585.34,1,1,0,-0.5000000000000004,0.8660254037844384,1
20,2,0,0,0,0,1.18,48.02,53.76,0.4929,29,1.22,27.25,0,0,1,-0.8660254037844386,0.5000000000000001,0
4,5,1,1,0,3,0.58,9.59,108.18,0.2892,1,15.92,677.2,1,1,1,0.8660254037844386,0.5000000000000001,1
11,4,0,0,0,2,1.27,74.2,68.22,0.6805,8,3.25,34.13,1,0,1,0.258819045102521,-0.9659258262890682,0
12,0,0,0,0,0,0.72,84.26,39.15,0.6641,22,5.35,8.6,0,0,1,1.2246467991473532e-16,-1.0,0
17,2,0,0,0,0,3.53,25.77,44.98,0.4826,17,2.32,10.16,0,0,1,-0.9659258262890683,-0.25881904510252063,0
15,0,0,0,0,1,3.31,17.56,63.1,0.4683,25,4.87,30.94,0,0,1,-0.7071067811865471,-0.7071067811865479,0
7,0,0,0,0,1,3.68,48.1,57.51,0.6077,10,5.71,26.38,0,0,1,0.9659258262890683,-0.25881904510252063,0
18,0,0,1,0,0,2.91,43.22,36.76,0.543,24,7.66,40.86,0,0,0,-1.0,-1.8369701987210297e-16,0
8,5,0,0,0,0,0.75,24.48,50.91,0.4597,28,9.05,27.73,0,0,1,0.8660254037844387,-0.4999999999999998,0
6,2,0,0,0,0,1.57,36.44,76.91,0.5699,8,3.26,36.59,0,0,1,1.0,6.123233995736766e-17,0
20,0,0,0,0,0,1.89,49.6,51.7,0.3432,6,6.8,30.61,0,0,1,-0.8660254037844386,0.5000000000000001,0
20,3,1,0,0,0,2.19,81.71,50.95,0.5007,25,6.02,42.79,0,0,0,-0.8660254037844386,0.5000000000000001,0
8,3,0,1,0,0,1.82,12.87,51.57,0.6141,12,2.32,8.12,0,0,1,0.8660254037844387,-0.4999999999999998,0
16,0,0,0,0,0,0.71,108.07,62.14,0.592,15,2.28,22.99,0,0,0,-0.8660254037844385,-0.5000000000000004,0
15,5,0,0,1,0,4.26,54.16,66.92,0.6234,17,9.68,9.98,0,0,0,-0.7071067811865471,-0.7071067811865479,0
13,2,0,0,0,0,1.1,60.3,66.14,0.311,23,9.01,45.04,0,0,0,-0.2588190451025208,-0.9659258262890683,0
9,0,0,0,0,0,2.67,21.5,56.56,0.5947,3,7.81,40.6,0,0,1,0.7071067811865476,-0.7071067811865475,0
20,4,1,1,0,0,4.95,93.94,34.37,0.6959,23,1.17,10.95,0,0,1,-0.8660254037844386,0.5000000000000001,0
10,2,0,0,0,0,3.32,88.57,73.87,0.4819,26,7.79,14.98,0,0,0,0.49999999999999994,-0.8660254037844387,0
6,6,0,0,0,1,1.92,47.44,48.97,0.6707,2,4.45,32.06,0,0,0,1.0,6.123233995736766e-17,0
1,2,0,0,1,0,0.8,40.03,54.16,0.6185,7,9.77,31.5,0,0,0,0.25881904510252074,0.9659258262890683,0
9,2,0,0,0,0,4.09,70.3,78.99,0.6003,2,3.67,15.61,0,0,0,0.7071067811865476,-0.7071067811865475,0
15,1,0,0,0,0,3.85,12.75,76.34,0.6057,22,7.98,26.53,0,0,0,-0.7071067811865471,-0.7071067811865479,0
18,2,0,0,0,0,1.51,25.84,34.45,0.5265,5,6.13,26.69,0,0,0,-1.0,-1.8369701987210297e-16,0
18,1,0,0,0,0,4.6,63.46,48.73,0.6111,18,6.61,38.95,0,0,0,-1.0,-1.8369701987210297e-16,0
20,2,0,0,0,1,2.58,81.25,68.93,0.4346,29,6.41,30.99,1,0,1,-0.8660254037844386,0.5000000000000001,0
18,0,0,0,0,0,3.63,103.28,63.43,0.4619,3,9.9,35.58,0,0,1,-1.0,-1.8369701987210297e-16,0
1,4,0,0,0,0,1.65,27.73,76.98,0.3407,30,3.02,24.73,0,0,1,0.25881904510252074,0.9659258262890683,0
7,0,0,0,0,0,4.03,17.85,34.17,0.5981,28,9.44,5.05,0,0,1,0.9659258262890683,-0.25881904510252063,0
15,2,0,1,0,0,0.75,103.48,49.44,0.6526,10,3.7,6.52,0,0,0,-0.7071067811865471,-0.7071067811865479,0
17,2,1,0,0,0,2.48,76.15,41.82,0.6474,26,8.92,10.21,0,0,0,-0.9659258262890683,-0.25881904510252063,0
7,3,0,0,0,0,0.98,57.85,31.8,0.4522,8,8.87,9.62,0,0,2,0.9659258262890683,-0.25881904510252063,0
10,4,0,0,0,0,2.53,34.44,32.86,0.4717,27,4.71,23.36,0,0,0,0.49999999999999994,-0.8660254037844387,0
16,2,0,0,0,0,2.56,92.62,32.31,0.678,11,1.14,44.52,1,0,1,-0.8660254037844385,-0.5000000000000004,0
13,6,0,0,1,1,1.77,77.06,30.26,0.3863,16,1.44,44.24,0,0,0,-0.2588190451025208,-0.9659258262890683,0
20,6,1,1,0,0,3.49,105.78,78.58,0.5508,20,2.99,28.75,0,0,0,-0.8660254037844386,0.5000000000000001,0
5,2,1,0,1,4,0.36,14.77,105.4,0.2349,3,41.32,388.08,1,1,1,0.9659258262890683,0.25881904510252074,1
22,2,0,1,0,0,2.28,98.14,57.72,0.606,23,8.22,31.61,0,0,1,-0.5000000000000004,0.8660254037844384,0
15,4,1,0,0,0,4.43,73.39,63.61,0.6095,11,4.78,28.28,0,0,0,-0.7071067811865471,-0.7071067811865479,0
21,6,0,1,0,0,2.08,70.6,33.62,0.435,7,1.95,43.76,0,0,0,-0.7071067811865477,0.7071067811865474,0
15,2,0,0,0,0,3.28,75.65,33.41,0.4001,13,4.67,34.33,0,0,1,-0.7071067811865471,-0.7071067811865479,0
3,6,1,1,1,0,0.86,6.03,71.21,0.2308,5,32.13,577.14,1,1,1,0.7071067811865476,0.7071067811865476,1
2,2,1,1,1,3,0.9,5.23,79.49,0.2328,3,33.18,615.69,0,1,1,0.49999999999999994,0.8660254037844387,1
9,4,0,0,0,0,3.42,82.25,41.18,0.4564,2,9.62,31.25,0,0,0,0.7071067811865476,-0.7071067811865475,0
13,5,0,0,0,1,3.06,57.28,71.81,0.588,10,4.92,41.69,0,0,1,-0.2588190451025208,-0.9659258262890683,0
7,3,0,0,0,0,1.79,77.71,51.89,0.5044,16,8.42,46.91,1,0,1,0.9659258262890683,-0.25881904510252063,0
23,6,0,0,0,0,2.53,71.76,58.97,0.5264,4,8.89,20.48,0,0,0,-0.25881904510252157,0.9659258262890681,0
8,1,0,1,0,0,2.12,22.12,35.18,0.3206,21,9.47,26.39,0,0,0,0.8660254037844387,-0.4999999999999998,0
1,5,1,1,0,2,0.83,11.42,108.19,0.2707,5,25.78,449.45,1,1,1,0.25881904510252074,0.9659258262890683,1
19,5,0,0,0,2,3.96,52.0,74.04,0.6718,29,3.45,43.54,0,0,1,-0.9659258262890684,0.2588190451025203,0
19,2,1,1,1,5,0.57,11.65,109.84,0.2998,1,15.09,189.23,1,1,0,-0.9659258262890684,0.2588190451025203,1
20,4,0,0,0,0,1.4,88.64,37.66,0.5935,9,8.04,29.08,0,0,0,-0.8660254037844386,0.5000000000000001,0
2,0,1,1,1,3,0.64,10.41,110.78,0.0031,3,33.51,207.49,1,0,1,0.49999999999999994,0.8660254037844387,1
16,0,0,0,0,1,0.6,69.83,62.76,0.468,2,7.07,20.09,0,0,1,-0.8660254037844385,-0.5000000000000004,0
9,4,0,0,0,0,4.95,105.2,64.98,0.5394,28,4.15,38.21,0,0,0,0.7071067811865476,-0.7071067811865475,0
17,1,0,0,0,1,4.65,67.66,52.22,0.426,17,7.42,26.22,0,0,0,-0.9659258262890683,-0.25881904510252063,0
3,0,1,1,1,3,0.14,12.56,115.21,0.2521,1,35.72,216.68,1,1,0,0.7071067811865476,0.7071067811865476,1
18,0,0,0,1,0,0.68,31.12,45.4,0.5382,8,5.01,13.1,0,0,1,-1.0,-1.8369701987210297e-16,0
5,2,1,0,0,0,0.91,105.35,39.66,0.4704,6,4.71,2.02,0,0,1,0.9659258262890683,0.25881904510252074,0
10,3,0,0,0,0,2.51,73.29,50.62,0.4958,27,2.65,6.81,0,0,0,0.49999999999999994,-0.8660254037844387,0
14,0,0,0,0,0,2.17,42.24,51.53,0.5023,30,3.0,27.18,0,0,0,-0.4999999999999997,-0.8660254037844388,0
23,0,0,0,0,0,4.55,22.77,35.75,0.6218,22,8.5,17.15,1,0,0,-0.25881904510252157,0.9659258262890681,0
14,4,0,0,0,1,4.49,119.13,48.3,0.6584,25,7.43,18.8,0,0,1,-0.4999999999999997,-0.8660254037844388,0
16,1,0,1,0,0,4.26,68.61,66.25,0.4214,10,5.64,16.67,0,0,1,-0.8660254037844385,-0.5000000000000004,0
19,0,0,0,0,0,2.89,25.88,58.4,0.5098,10,8.24,44.31,0,0,0,-0.9659258262890684,0.2588190451025203,0
8,0,0,0,0,0,3.22,14.48,76.18,0.3305,3,7.86,34.85,1,0,0,0.8660254037844387,-0.4999999999999998,0
5,6,1,1,1,2,0.6,10.69,59.82,0.1213,2,35.72,641.9,0,1,1,0.9659258262890683,0.25881904510252074,1
16,5,0,0,0,0,3.04,71.99,59.67,0.3319,28,7.68,16.4,0,0,1,-0.8660254037844385,-0.5000000000000004,0
13,3,0,0,0,0,2.13,50.02,78.16,0.6371,12,2.43,13.08,0,0,2,-0.2588190451025208,-0.9659258262890683,0
3,3,1,1,1,2,0.2,2.41,79.51,0.2175,5,12.11,392.95,1,1,0,0.7071067811865476,0.7071067811865476,1
5,6,0,0,0,0,4.46,49.54,72.08,0.3514,19,5.8,0.82,0,0,0,0.9659258262890683,0.25881904510252074,0
11,3,0,0,0,0,3.98,101.2,51.9,0.606,8,7.58,17.28,0,0,1,0.258819045102521,-0.9659258262890682,0
12,4,0,0,0,1,1.99,90.52,75.3,0.6441,2,8.71,27.12,0,0,1,1.2246467991473532e-16,-1.0,0
11,2,0,0,0,0,2.78,33.32,36.47,0.359,14,7.41,6.52,0,0,0,0.258819045102521,-0.9659258262890682,0
14,3,0,1,0,0,2.21,27.25,69.5,0.3332,30,6.26,37.63,0,0,0,-0.4999999999999997,-0.8660254037844388,0
10,2,0,0,0,0,1.5,83.77,38.86,0.3147,15,6.91,8.93,0,0,1,0.49999999999999994,-0.8660254037844387,0
8,0,0,0,0,1,2.14,57.6,43.79,0.4283,11,1.61,43.44,0,0,0,0.8660254037844387,-0.4999999999999998,0
20,0,0,0,1,0,4.87,48.26,52.87,0.5285,2,7.54,21.71,0,0,1,-0.8660254037844386,0.5000000000000001,0
12,5,0,0,0,0,3.67,113.31,63.38,0.6705,8,9.03,28.59,0,0,1,1.2246467991473532e-16,-1.0,0
11,5,0,0,0,0,4.62,82.75,43.39,0.5006,20,3.04,47.1,0,0,0,0.258819045102521,-0.9659258262890682,0
1,0,0,1,1,4,0.24,6.87,59.69,0.24,5,34.6,143.16,1,1,2,0.25881904510252074,0.9659258262890683,1
21,1,0,0,0,0,1.29,49.84,48.42,0.3961,27,4.99,30.04,0,0,1,-0.7071067811865477,0.7071067811865474,0
8,1,0,0,0,1,4.7,60.88,58.72,0.5161,21,8.14,47.07,1,0,0,0.8660254037844387,-0.4999999999999998,0
17,1,0,0,0,0,2.09,37.54,52.4,0.3736,11,7.37,10.41,0,0,0,-0.9659258262890683,-0.25881904510252063,0
8,4,0,0,0,1,1.61,26.85,60.75,0.5334,28,2.28,8.72,0,0,1,0.8660254037844387,-0.4999999999999998,0
4,6,1,1,1,3,0.52,8.34,44.8,0.0413,4,31.0,320.61,1,1,0,0.8660254037844386,0.5000000000000001,1
12,0,0,1,1,5,0.03,3.28,33.67,0.0817,1,42.13,102.54,1,1,0,1.2246467991473532e-16,-1.0,1
16,0,0,0,0,0,3.46,47.76,52.14,0.4715,15,2.47,4.26,0,0,1,-0.8660254037844385,-0.5000000000000004,0
16,4,0,0,0,0,2.31,92.29,43.42,0.6847,28,4.6,21.1,0,0,0,-0.8660254037844385,-0.5000000000000004,0
23,3,1,1,1,5,0.04,7.85,137.59,0.1809,3,18.31,242.49,1,1,0,-0.25881904510252157,0.9659258262890681,1
2,3,1,1,1,4,0.8,3.65,54.56,0.249,2,37.55,336.71,1,0,1,0.49999999999999994,0.8660254037844387,1
3,6,1,1,1,2,0.93,4.18,83.09,0.1371,1,24.99,450.19,1,1,1,0.7071067811865476,0.7071067811865476,1
13,2,0,0,0,0,3.95,59.24,51.41,0.6684,16,2.24,8.11,0,0,0,-0.2588190451025208,-0.9659258262890683,0
16,6,0,0,0,0,1.06,31.91,67.89,0.6488,5,7.34,13.56,0,0,0,-0.8660254037844385,-0.5000000000000004,0
21,2,0,0,0,0,2.68,74.77,49.27,0.4263,7,5.51,11.42,0,0,0,-0.7071067811865477,0.7071067811865474,0
22,4,1,1,1,5,0.81,9.7,130.21,0.0171,4,43.37,204.38,1,1,1,-0.5000000000000004,0.8660254037844384,1
19,1,0,1,0,0,3.14,32.56,62.36,0.4558,4,5.94,28.39,0,0,1,-0.9659258262890684,0.2588190451025203,0
5,3,0,0,0,0,1.67,79.12,45.34,0.62,23,3.71,6.3,0,0,1,0.9659258262890683,0.25881904510252074,0
13,1,0,0,0,0,1.17,53.08,63.33,0.4049,5,9.11,8.32,0,0,2,-0.2588190451025208,-0.9659258262890683,0
3,1,1,1,0,2,0.68,10.66,11.23,0.0841,4,16.75,516.61,1,1,2,0.7071067811865476,0.7071067811865476,1
6,2,0,0,0,0,2.65,19.77,35.04,0.4042,22,8.43,13.36,0,0,1,1.0,6.123233995736766e-17,0
9,0,0,0,0,0,4.92,66.03,40.1,0.6837,18,5.16,47.02,0,0,1,0.7071067811865476,-0.7071067811865475,0
0,1,0,0,0,0,2.14,6.18,68.46,0.5952,26,8.75,24.95,0,0,0,0.0,1.0,0
8,2,0,0,0,1,3.06,66.58,34.34,0.5631,24,4.44,6.6,0,0,1,0.8660254037844387,-0.4999999999999998,0
15,3,0,0,1,1,4.99,51.42,79.51,0.3344,25,3.11,20.86,0,0,1,-0.7071067811865471,-0.7071067811865479,0
0,2,0,0,0,1,3.18,98.72,75.24,0.5748,8,7.23,6.92,0,0,0,0.0,1.0,0
7,0,0,0,1,1,2.74,67.52,49.93,0.4292,9,6.65,47.95,0,0,1,0.9659258262890683,-0.25881904510252063,0
2,3,0,1,1,2,0.85,14.32,135.03,0.0694,5,29.92,480.51,0,0,0,0.49999999999999994,0.8660254037844387,1
8,5,0,0,0,0,0.96,70.64,47.6,0.4925,14,8.16,1.87,0,0,1,0.8660254037844387,-0.4999999999999998,0
4,3,0,0,0,0,1.18,8.79,58.23,0.6015,17,8.39,11.63,0,0,1,0.8660254037844386,0.5000000000000001,0
11,1,0,0,0,1,0.54,27.19,55.72,0.6277,23,5.28,33.76,0,0,1,0.258819045102521,-0.9659258262890682,0
9,1,0,0,0,0,2.54,99.72,47.85,0.6078,23,2.96,42.63,0,0,1,0.7071067811865476,-0.7071067811865475,0
16,0,0,0,0,0,0.68,59.41,68.89,0.3302,21,8.36,19.66,1,0,2,-0.8660254037844385,-0.5000000000000004,0
21,2,0,0,0,0,1.64,25.2,48.02,0.3431,4,5.74,26.76,0,0,0,-0.7071067811865477,0.7071067811865474,0
2,6,1,1,1,0,0.45,1.22,16.52,0.2234,3,21.3,289.07,0,1,0,0.49999999999999994,0.8660254037844387,1
22,3,1,1,0,0,3.05,97.44,55.94,0.3531,30,1.14,0.75,0,0,0,-0.5000000000000004,0.8660254037844384,0
17,5,0,0,1,0,0.84,116.37,69.5,0.6929,23,3.71,26.44,0,0,1,-0.9659258262890683,-0.25881904510252063,0
19,0,1,1,1,2,0.78,11.11,59.64,0.1125,1,35.47,384.6,1,1,0,-0.9659258262890684,0.2588190451025203,1
6,4,0,0,0,2,1.83,54.95,53.01,0.5222,6,9.76,14.83,0,0,0,1.0,6.123233995736766e-17,0
8,4,0,0,0,0,1.32,78.89,70.37,0.5468,20,1.85,26.58,0,0,0,0.8660254037844387,-0.4999999999999998,0
16,0,0,0,0,0,2.04,97.16,41.68,0.3014,19,8.22,22.8,0,0,0,-0.8660254037844385,-0.5000000000000004,0
4,0,1,1,1,2,0.84,2.68,13.1,0.1309,4,49.38,637.27,1,0,1,0.8660254037844386,0.5000000000000001,1
11,5,0,0,0,0,2.05,117.77,38.49,0.5787,24,6.41,5.38,1,0,0,0.258819045102521,-0.9659258262890682,0
4,5,1,1,1,0,0.27,5.18,35.25,0.1269,1,32.6,172.65,0,0,2,0.8660254037844386,0.5000000000000001,1
18,4,0,0,0,0,2.6,88.71,30.93,0.3882,6,4.03,38.51,0,0,0,-1.0,-1.8369701987210297e-16,0
1,0,0,1,1,4,0.64,6.64,83.87,0.2447,3,25.26,347.7,0,1,0,0.25881904510252074,0.9659258262890683,1
18,1,0,0,0,0,1.85,96.03,71.7,0.5641,21,1.28,30.04,1,0,1,-1.0,-1.8369701987210297e-16,0
16,1,0,0,0,2,1.35,57.34,51.26,0.3339,22,6.75,45.39,0,0,1,-0.8660254037844385,-0.5000000000000004,0
17,4,0,0,0,0,2.61,57.09,59.79,0.4836,30,6.29,7.96,0,0,1,-0.9659258262890683,-0.25881904510252063,0
12,1,0,0,0,0,3.08,98.71,30.84,0.326,4,5.66,29.54,0,0,0,1.2246467991473532e-16,-1.0,0
12,4,0,0,0,0,4.28,100.62,55.14,0.5851,7,7.11,7.33,0,0,0,1.2246467991473532e-16,-1.0,0
8,2,0,0,0,2,3.47,8.22,44.88,0.5986,21,5.33,41.46,0,0,1,0.8660254037844387,-0.4999999999999998,0
9,4,0,0,0,0,2.65,95.8,68.9,0.3034,18,4.57,35.17,0,0,2,0.7071067811865476,-0.7071067811865475,0
9,3,0,0,0,0,4.41,67.36,58.6,0.4945,2,5.25,8.09,0,0,1,0.7071067811865476,-0.7071067811865475,0
15,1,0,0,0,0,0.55,95.66,74.51,0.4328,15,1.45,12.83,0,0,1,-0.7071067811865471,-0.7071067811865479,0
11,0,0,0,0,0,1.67,84.02,51.84,0.4721,20,9.61,36.45,0,0,0,0.258819045102521,-0.9659258262890682,0
8,2,0,0,0,0,3.27,98.45,76.63,0.5717,5,8.95,39.42,1,0,1,0.8660254037844387,-0.4999999999999998,0
17,0,0,0,0,0,3.9,73.79,48.68,0.3052,4,6.74,20.7,0,0,1,-0.9659258262890683,-0.25881904510252063,0
17,6,0,0,0,0,2.34,12.49,71.69,0.3123,27,4.98,45.23,0,0,0,-0.9659258262890683,-0.25881904510252063,0
15,3,0,0,0,0,3.44,98.86,36.06,0.3468,15,6.9,16.06,0,0,2,-0.7071067811865471,-0.7071067811865479,0
19,5,0,0,0,0,1.59,8.47,30.62,0.6794,2,1.45,19.75,0,0,1,-0.9659258262890684,0.2588190451025203,0
8,3,0,0,0,0,3.76,50.45,67.42,0.5182,13,3.75,5.13,0,0,1,0.8660254037844387,-0.4999999999999998,0
17,2,0,0,0,0,3.74,116.21,59.39,0.6679,22,1.8,41.56,0,0,2,-0.9659258262890683,-0.25881904510252063,0
6,5,0,1,0,0,1.75,32.11,67.04,0.6577,5,6.8,43.94,0,0,1,1.0,6.123233995736766e-17,0
20,5,1,0,0,0,4.03,60.21,58.84,0.6665,27,6.77,40.03,0,0,0,-0.8660254037844386,0.5000000000000001,0
1,5,1,1,1,0,0.15,12.77,70.88,0.0248,3,35.4,332.12,1,0,0,0.25881904510252074,0.9659258262890683,1
7,2,0,0,0,0,2.75,37.42,66.53,0.4309,22,8.73,10.51,0,0,1,0.9659258262890683,-0.25881904510252063,0
5,6,1,0,0,0,0.53,9.52,123.91,0.1016,2,34.89,213.48,1,1,2,0.9659258262890683,0.25881904510252074,1
12,6,0,0,0,0,2.8,104.86,58.77,0.5472,16,7.61,1.91,0,0,0,1.2246467991473532e-16,-1.0,0
19,6,0,0,0,0,1.0,85.9,65.67,0.5521,30,4.14,18.26,0,0,1,-0.9659258262890684,0.2588190451025203,0
19,4,0,0,0,2,4.32,6.17,47.16,0.5501,27,8.21,17.35,0,0,0,-0.9659258262890684,0.2588190451025203,0
8,4,0,0,0,0,1.96,112.21,63.21,0.5621,14,3.21,20.75,0,0,0,0.8660254037844387,-0.4999999999999998,0
17,4,0,0,0,0,1.25,112.35,66.35,0.3379,22,3.39,47.65,0,0,1,-0.9659258262890683,-0.25881904510252063,0
20,1,0,0,0,0,2.3,83.53,50.14,0.4375,24,5.24,37.91,0,0,2,-0.8660254037844386,0.5000000000000001,0
0,3,1,1,1,0,0.57,2.61,128.98,0.0156,3,28.2,198.03,1,1,2,0.0,1.0,1
10,3,0,0,0,0,4.39,12.38,79.54,0.3403,25,8.14,28.07,0,0,1,0.49999999999999994,-0.8660254037844387,0
18,1,0,0,1,0,2.03,47.06,70.61,0.3942,21,2.29,41.65,0,0,0,-1.0,-1.8369701987210297e-16,0
2,5,0,0,0,0,3.96,13.55,78.95,0.6168,26,3.24,14.4,0,0,1,0.49999999999999994,0.8660254037844387,0
6,0,0,0,1,0,1.55,5.88,79.35,0.3991,13,5.2,5.9,0,0,0,1.0,6.123233995736766e-17,0
5,4,0,1,1,3,0.13,2.6,138.38,0.1006,1,37.52,632.68,1,1,1,0.9659258262890683,0.25881904510252074,1
14,3,0,0,0,0,2.05,72.41,36.5,0.6534,12,4.8,44.2,1,0,0,-0.4999999999999997,-0.8660254037844388,0
4,1,1,1,0,3,0.28,14.96,117.61,0.2636,5,20.56,622.1,1,1,2,0.8660254037844386,0.5000000000000001,1
22,1,0,0,0,0,1.54,12.61,64.85,0.6109,7,9.55,23.96,0,0,1,-0.5000000000000004,0.8660254037844384,0
7,0,0,0,0,0,3.65,46.05,63.82,0.4389,14,9.37,35.82,0,0,2,0.9659258262890683,-0.25881904510252063,0
17,0,0,0,0,1,0.84,84.97,68.31,0.6312,27,7.62,47.01,1,0,1,-0.9659258262890683,-0.25881904510252063,0
15,0,0,0,0,0,2.38,60.02,47.43,0.5086,21,5.79,22.95,0,0,0,-0.7071067811865471,-0.7071067811865479,0
8,4,0,0,1,1,2.7,57.3,71.99,0.6783,24,1.31,33.17,0,0,1,0.8660254037844387,-0.4999999999999998,0
17,5,1,0,0,2,2.92,45.67,32.14,0.4291,30,8.86,14.28,0,0,1,-0.9659258262890683,-0.25881904510252063,0
8,0,0,0,0,2,3.86,51.65,36.86,0.4904,16,8.18,0.99,0,0,1,0.8660254037844387,-0.4999999999999998,0
9,2,0,0,0,1,3.34,62.23,53.44,0.6568,22,8.41,33.02,0,0,1,0.7071067811865476,-0.7071067811865475,0
14,6,0,0,0,0,0.98,41.55,35.5,0.3736,19,7.4,19.41,0,0,0,-0.4999999999999997,-0.8660254037844388,0
10,3,0,0,0,0,3.82,94.57,31.94,0.4219,11,5.63,2.73,0,0,0,0.49999999999999994,-0.8660254037844387,0
18,5,0,0,0,0,5.0,10.38,53.3,0.5685,25,4.64,3.07,0,0,0,-1.0,-1.8369701987210297e-16,0
16,1,0,0,0,0,2.79,21.74,54.54,0.5474,20,3.67,46.65,0,0,0,-0.8660254037844385,-0.5000000000000004,0
12,1,0,0,0,0,1.56,54.53,75.22,0.6368,7,8.74,36.89,0,0,0,1.2246467991473532e-16,-1.0,0
23,1,0,1,0,0,0.9,2.06,50.81,0.0181,4,37.17,200.02,1,0,1,-0.25881904510252157,0.9659258262890681,1
13,4,0,0,0,0,4.86,40.51,62.87,0.6318,18,8.58,34.56,0,0,1,-0.2588190451025208,-0.9659258262890683,0
16,2,0,0,0,0,2.53,69.03,53.4,0.6822,10,9.94,43.9,0,0,1,-0.8660254037844385,-0.5000000000000004,0
19,6,1,0,0,0,4.76,51.89,43.54,0.3806,18,6.04,25.49,0,0,1,-0.9659258262890684,0.2588190451025203,0
14,5,0,0,0,1,3.61,38.14,65.68,0.5415,6,6.43,4.83,0,0,1,-0.4999999999999997,-0.8660254037844388,0
9,6,0,0,0,2,4.94,83.64,30.95,0.6286,15,5.12,38.89,0,0,1,0.7071067811865476,-0.7071067811865475,0
6,5,1,1,1,3,0.24,12.83,95.6,0.1246,4,46.06,533.5,1,1,0,1.0,6.123233995736766e-17,1
6,6,0,0,1,2,4.45,96.61,32.92,0.4803,6,8.11,23.51,1,0,1,1.0,6.123233995736766e-17,0
5,4,0,0,1,0,1.08,58.55,43.84,0.484,29,1.62,46.29,0,0,0,0.9659258262890683,0.25881904510252074,0
7,5,0,0,0,0,1.73,40.59,61.45,0.6167,13,5.34,32.59,0,0,1,0.9659258262890683,-0.25881904510252063,0
4,0,1,1,0,5,0.67,2.71,134.87,0.1211,1,36.24,228.37,1,0,1,0.8660254037844386,0.5000000000000001,1
2,3,1,1,1,3,0.17,7.91,29.68,0.2334,1,31.48,295.05,1,0,1,0.49999999999999994,0.8660254037844387,1
11,2,0,0,0,0,3.93,77.7,58.24,0.548,2,3.6,43.5,0,0,1,0.258819045102521,-0.9659258262890682,0
18,5,0,0,0,1,2.46,39.39,72.26,0.4859,12,1.13,23.96,0,0,1,-1.0,-1.8369701987210297e-16,0
2,0,1,1,0,1,0.65,3.96,121.95,0.1395,2,27.55,662.43,1,1,2,0.49999999999999994,0.8660254037844387,1
19,1,0,0,0,0,2.35,48.72,76.48,0.5338,19,5.21,9.02,0,0,1,-0.9659258262890684,0.2588190451025203,0
21,5,0,0,0,0,0.59,54.79,54.17,0.3419,17,8.93,26.79,0,0,1,-0.7071067811865477,0.7071067811865474,0
10,1,0,0,1,0,4.54,87.75,66.94,0.6078,15,4.51,15.58,0,0,0,0.49999999999999994,-0.8660254037844387,0
18,1,0,0,0,0,4.5,93.93,68.14,0.3829,13,7.79,28.94,0,0,1,-1.0,-1.8369701987210297e-16,0
17,5,0,0,1,0,4.72,100.62,40.53,0.4084,29,9.65,38.52,0,0,0,-0.9659258262890683,-0.25881904510252063,0
12,4,0,0,1,0,1.54,104.74,61.15,0.5851,5,2.16,5.96,1,0,2,1.2246467991473532e-16,-1.0,0
22,0,0,0,0,0,3.73,70.27,37.16,0.3113,10,5.04,8.88,0,0,1,-0.5000000000000004,0.8660254037844384,0
17,0,0,0,0,0,3.63,52.6,68.32,0.5563,24,1.52,39.14,0,0,1,-0.9659258262890683,-0.25881904510252063,0
9,3,0,0,0,2,1.64,56.33,40.68,0.3312,24,2.61,20.14,0,0,1,0.7071067811865476,-0.7071067811865475,0
9,4,0,0,0,0,1.23,11.44,48.72,0.5562,24,9.17,32.47,1,0,1,0.7071067811865476,-0.7071067811865475,0
6,1,0,0,1,0,2.43,54.19,49.12,0.3831,27,4.15,28.08,0,0,0,1.0,6.123233995736766e-17,0
5,6,0,0,0,0,4.53,32.34,40.75,0.4819,29,2.48,30.73,1,0,1,0.9659258262890683,0.25881904510252074,0
4,5,1,1,1,3,0.48,10.29,128.97,0.1505,2,33.63,196.99,0,0,1,0.8660254037844386,0.5000000000000001,1
2,4,0,1,1,5,0.21,3.75,103.48,0.0072,1,23.04,380.95,0,1,1,0.49999999999999994,0.8660254037844387,1
14,2,0,0,0,0,3.71,111.42,35.24,0.6186,3,3.24,11.66,0,0,1,-0.4999999999999997,-0.8660254037844388,0
23,4,1,0,1,3,0.4,12.71,65.8,0.1527,2,42.11,145.05,1,1,1,-0.25881904510252157,0.9659258262890681,1
11,2,0,0,0,0,4.07,27.66,48.74,0.4983,24,2.19,33.92,0,0,1,0.258819045102521,-0.9659258262890682,0
1,5,0,0,0,1,1.22,114.85,41.96,0.3956,29,6.53,16.13,0,0,0,0.25881904510252074,0.9659258262890683,0
19,1,1,0,0,0,3.16,87.62,71.34,0.4255,7,3.6,25.51,0,0,1,-0.9659258262890684,0.2588190451025203,0
10,3,1,0,0,1,2.1,31.34,55.35,0.6265,28,2.54,2.06,0,0,2,0.49999999999999994,-0.8660254037844387,0
15,5,0,0,0,0,2.99,119.61,70.46,0.6879,3,2.46,15.55,0,0,1,-0.7071067811865471,-0.7071067811865479,0
20,3,0,0,0,0,3.62,84.56,68.67,0.3513,12,6.6,37.12,0,0,1,-0.8660254037844386,0.5000000000000001,0
21,1,0,0,0,0,0.92,78.5,51.88,0.6135,3,1.67,5.37,0,0,0,-0.7071067811865477,0.7071067811865474,0
6,6,0,0,0,0,0.68,119.27,37.65,0.5163,7,9.01,8.24,0,0,2,1.0,6.123233995736766e-17,0
16,4,0,0,0,0,4.54,39.15,56.43,0.3461,10,8.55,46.13,0,0,0,-0.8660254037844385,-0.5000000000000004,0
7,5,0,0,1,0,2.44,73.44,66.22,0.6599,14,6.34,34.56,0,0,1,0.9659258262890683,-0.25881904510252063,0
18,2,0,0,0,0,3.08,19.17,40.51,0.535,25,9.19,32.22,1,0,1,-1.0,-1.8369701987210297e-16,0
15,4,0,0,0,0,2.44,53.82,33.74,0.497,14,8.72,47.69,0,0,2,-0.7071067811865471,-0.7071067811865479,0
12,0,1,1,1,4,0.43,12.83,13.27,0.2346,2,38.99,405.34,1,1,1,1.2246467991473532e-16,-1.0,1
17,6,0,0,0,0,2.55,42.75,32.48,0.3692,10,6.01,40.11,0,0,0,-0.9659258262890683,-0.25881904510252063,0
7,3,0,1,1,4,0.23,12.43,17.76,0.1066,5,37.83,389.84,0,0,0,0.9659258262890683,-0.25881904510252063,1
1,5,1,1,0,4,0.5,13.92,91.92,0.1052,2,11.6,621.47,1,0,1,0.25881904510252074,0.9659258262890683,1
7,2,1,1,0,0,0.36,11.47,97.73,0.1762,4,30.62,565.26,1,1,0,0.9659258262890683,-0.25881904510252063,1
11,4,0,0,1,0,2.68,37.69,62.52,0.4054,23,7.15,10.19,0,0,0,0.258819045102521,-0.9659258262890682,0
19,1,0,0,0,2,1.88,75.53,50.57,0.668,20,5.11,15.5,0,0,0,-0.9659258262890684,0.2588190451025203,0
18,6,1,1,1,4,0.32,2.47,43.16,0.0455,1,49.83,582.63,0,1,0,-1.0,-1.8369701987210297e-16,1
20,2,0,1,0,0,4.44,115.1,39.58,0.5153,26,4.56,44.24,0,0,1,-0.8660254037844386,0.5000000000000001,0
2,1,1,1,1,3,0.58,9.49,134.32,0.0208,1,19.75,537.91,1,1,1,0.49999999999999994,0.8660254037844387,1
19,0,0,1,0,0,3.62,22.99,56.73,0.4651,19,4.79,16.45,0,0,1,-0.9659258262890684,0.2588190451025203,0
9,0,0,1,0,0,3.04,88.61,48.59,0.69,28,7.41,15.78,1,0,0,0.7071067811865476,-0.7071067811865475,0
8,2,0,0,0,0,2.91,33.04,69.08,0.3968,25,9.72,25.23,0,0,1,0.8660254037844387,-0.4999999999999998,0
7,3,0,0,0,0,4.92,70.58,72.08,0.3247,19,7.1,20.93,0,0,1,0.9659258262890683,-0.25881904510252063,0
7,1,0,0,0,0,3.35,110.6,62.88,0.4723,28,8.08,39.76,0,0,0,0.9659258262890683,-0.25881904510252063,0
17,1,0,0,0,0,2.42,19.06,36.46,0.5707,23,9.56,37.75,0,0,1,-0.9659258262890683,-0.25881904510252063,0
14,5,0,0,0,0,1.41,112.98,65.63,0.4409,18,4.7,25.85,0,0,0,-0.4999999999999997,-0.8660254037844388,0
18,2,0,0,1,0,2.52,117.36,31.12,0.6809,8,6.42,39.66,0,0,1,-1.0,-1.8369701987210297e-16,0
9,3,0,0,0,0,3.59,57.97,60.72,0.5917,5,8.27,5.17,0,0,1,0.7071067811865476,-0.7071067811865475,0
18,6,0,0,0,0,4.52,109.03,39.92,0.39,12,5.38,39.43,0,0,1,-1.0,-1.8369701987210297e-16,0
21,5,0,0,0,0,4.53,118.13,64.77,0.638,10,8.4,23.68,0,0,1,-0.7071067811865477,0.7071067811865474,0
7,2,0,0,1,0,4.61,22.44,60.29,0.6097,18,6.89,30.92,1,0,0,0.9659258262890683,-0.25881904510252063,0
8,0,0,0,0,0,1.56,38.05,70.04,0.5361,28,2.56,11.54,0,0,1,0.8660254037844387,-0.4999999999999998,0
6,5,0,0,0,0,4.36,35.29,32.52,0.4689,3,9.22,40.48,0,0,0,1.0,6.123233995736766e-17,0
5,6,0,0,0,0,4.78,56.57,31.12,0.3733,8,4.5,39.51,1,0,1,0.9659258262890683,0.25881904510252074,0
21,5,0,0,0,0,4.28,20.35,57.09,0.6232,7,5.36,18.88,0,0,0,-0.7071067811865477,0.7071067811865474,0
10,5,0,0,0,0,4.05,73.56,50.87,0.5527,10,7.66,45.16,0,0,1,0.49999999999999994,-0.8660254037844387,0
19,1,0,0,0,0,4.9,83.53,43.77,0.541,11,1.43,32.86,0,0,1,-0.9659258262890684,0.2588190451025203,0
15,5,0,1,0,0,2.69,93.35,62.7,0.4704,9,7.6,7.17,0,0,0,-0.7071067811865471,-0.7071067811865479,0
4,5,0,1,1,1,0.28,13.72,100.84,0.2233,5,34.4,644.93,1,1,1,0.8660254037844386,0.5000000000000001,1
16,0,0,0,0,0,0.76,21.85,71.0,0.4527,12,7.1,42.01,0,0,2,-0.8660254037844385,-0.5000000000000004,0
4,6,1,0,0,0,2.32,65.76,30.41,0.5624,21,7.87,26.74,0,0,0,0.8660254037844386,0.5000000000000001,0
13,3,0,0,0,0,0.59,34.08,43.89,0.6528,22,8.1,1.43,1,0,1,-0.2588190451025208,-0.9659258262890683,0
17,2,0,0,0,0,3.41,90.34,71.65,0.5745,16,1.34,13.09,0,0,1,-0.9659258262890683,-0.25881904510252063,0
12,3,0,1,0,0,2.99,100.95,47.98,0.6113,13,6.58,17.75,0,0,0,1.2246467991473532e-16,-1.0,0
12,5,0,0,0,0,2.14,11.61,78.19,0.6676,6,2.77,28.8,0,0,0,1.2246467991473532e-16,-1.0,0
21,3,0,0,0,0,3.71,6.17,53.95,0.6715,3,1.74,34.2,0,0,1,-0.7071067811865477,0.7071067811865474,0
3,1,1,1,1,2,0.31,7.86,130.75,0.2321,1,34.32,678.21,1,0,1,0.7071067811865476,0.7071067811865476,1
15,2,1,0,0,0,1.9,31.39,65.1,0.3462,4,6.89,8.59,0,0,2,-0.7071067811865471,-0.7071067811865479,0
23,4,0,1,1,3,0.13,8.2,19.1,0.1405,3,43.57,510.65,1,1,1,-0.25881904510252157,0.9659258262890681,1
18,4,0,1,0,0,1.69,19.13,33.8,0.6267,15,4.82,24.17,1,0,1,-1.0,-1.8369701987210297e-16,0
8,3,0,0,0,0,1.99,45.99,38.16,0.3723,4,9.32,24.06,1,0,1,0.8660254037844387,-0.4999999999999998,0
14,2,0,0,0,0,3.09,5.62,70.16,0.6295,3,1.8,3.57,0,0,0,-0.4999999999999997,-0.8660254037844388,0
12,5,0,0,0,0,2.96,35.87,58.61,0.4259,18,2.25,12.89,0,0,1,1.2246467991473532e-16,-1.0,0
18,2,0,0,0,0,3.34,12.48,57.05,0.4136,28,2.59,6.93,1,0,0,-1.0,-1.8369701987210297e-16,0
5,1,0,0,0,0,2.76,106.58,79.19,0.4921,23,3.74,34.68,0,0,2,0.9659258262890683,0.25881904510252074,0
8,6,0,0,0,0,3.85,72.91,78.3,0.6896,6,7.46,24.33,0,0,2,0.8660254037844387,-0.4999999999999998,0
5,1,1,1,0,0,0.55,10.33,33.87,0.0756,4,21.22,389.11,1,0,1,0.9659258262890683,0.25881904510252074,1
8,6,0,0,0,2,1.06,70.88,74.58,0.6744,26,8.73,36.2,0,0,0,0.8660254037844387,-0.4999999999999998,0
16,0,0,0,0,0,4.08,94.41,35.54,0.5386,18,6.4,34.34,0,0,1,-0.8660254037844385,-0.5000000000000004,0
18,0,0,0,0,0,2.39,116.81,68.11,0.4709,17,2.26,24.54,0,0,2,-1.0,-1.8369701987210297e-16,0
17,2,1,0,1,2,0.65,10.39,86.42,0.0831,4,11.37,223.16,0,1,1,-0.9659258262890683,-0.25881904510252063,1
14,3,0,0,0,1,3.97,71.39,50.27,0.5628,13,8.85,7.31,0,0,1,-0.4999999999999997,-0.8660254037844388,0
15,2,0,0,0,0,2.98,53.83,61.11,0.3823,16,2.72,17.32,0,0,0,-0.7071067811865471,-0.7071067811865479,0
17,5,0,0,0,0,0.9,21.89,62.88,0.3869,15,5.38,16.8,0,0,2,-0.9659258262890683,-0.25881904510252063,0
17,4,0,0,0,0,2.78,21.95,58.16,0.5275,4,4.42,24.0,0,0,2,-0.9659258262890683,-0.25881904510252063,0
5,0,1,1,1,1,0.84,3.23,40.12,0.0232,4,11.54,406.51,0,1,2,0.9659258262890683,0.25881904510252074,1
16,6,0,0,0,0,4.69,91.52,66.81,0.3773,2,5.94,1.19,0,0,1,-0.8660254037844385,-0.5000000000000004,0
17,2,0,0,0,0,1.56,22.06,77.47,0.5763,22,7.05,4.45,0,0,0,-0.9659258262890683,-0.25881904510252063,0
17,1,0,1,0,0,2.73,93.42,44.33,0.6598,2,7.73,46.27,0,0,1,-0.9659258262890683,-0.25881904510252063,0
17,2,0,0,0,0,0.81,119.41,43.69,0.3092,13,4.5,35.74,0,0,1,-0.9659258262890683,-0.25881904510252063,0
16,0,0,0,0,0,2.34,6.01,59.52,0.4597,16,4.85,20.91,1,0,1,-0.8660254037844385,-0.5000000000000004,0
9,2,0,0,0,0,2.29,84.38,59.94,0.45,5,6.39,39.21,0,0,0,0.7071067811865476,-0.7071067811865475,0
14,5,0,0,0,0,2.62,84.31,78.48,0.425,19,8.94,20.01,0,0,0,-0.4999999999999997,-0.8660254037844388,0
7,0,0,0,0,0,2.1,85.06,30.12,0.4096,22,4.44,34.51,0,0,1,0.9659258262890683,-0.25881904510252063,0
10,3,1,1,1,5,0.25,5.85,146.48,0.107,4,26.66,653.17,1,1,1,0.49999999999999994,-0.8660254037844387,1
1,4,0,1,1,2,0.59,14.33,72.62,0.2438,2,47.54,570.84,1,1,2,0.25881904510252074,0.9659258262890683,1
20,4,0,0,0,0,4.66,13.07,62.26,0.4062,8,8.39,39.22,0,0,1,-0.8660254037844386,0.5000000000000001,0
15,6,0,0,0,0,2.29,6.62,44.23,0.3732,14,4.8,4.67,0,0,1,-0.7071067811865471,-0.7071067811865479,0
9,3,0,1,0,0,3.21,72.45,66.58,0.3564,8,1.5,39.62,0,0,1,0.7071067811865476,-0.7071067811865475,0
9,0,0,0,0,0,3.97,85.39,37.72,0.6406,12,8.41,22.97,0,0,0,0.7071067811865476,-0.7071067811865475,0
17,5,1,0,0,0,4.25,64.41,37.98,0.3148,25,7.27,1.21,0,0,1,-0.9659258262890683,-0.25881904510252063,0
4,6,1,1,1,2,0.1,7.99,23.23,0.1972,1,17.87,135.07,1,1,0,0.8660254037844386,0.5000000000000001,1
8,2,0,1,0,0,2.59,62.23,32.77,0.5114,19,3.79,32.59,0,0,0,0.8660254037844387,-0.4999999999999998,0
19,2,0,0,0,0,2.77,65.08,31.07,0.3895,13,4.8,5.32,0,0,0,-0.9659258262890684,0.2588190451025203,0
22,6,0,1,0,0,0.97,99.68,56.7,0.6196,3,1.49,42.07,0,0,1,-0.5000000000000004,0.8660254037844384,0
12,3,0,0,0,1,4.65,91.57,45.74,0.3862,2,2.13,26.87,0,0,1,1.2246467991473532e-16,-1.0,0
9,1,0,0,0,0,1.89,21.04,53.73,0.6354,24,2.44,39.8,0,0,1,0.7071067811865476,-0.7071067811865475,0
8,0,0,0,0,0,4.62,63.49,63.01,0.641,10,4.56,1.88,0,0,1,0.8660254037844387,-0.4999999999999998,0
2,6,0,0,0,0,2.11,17.08,47.6,0.4107,18,5.78,37.61,0,0,1,0.49999999999999994,0.8660254037844387,0
13,5,0,0,0,0,2.93,72.04,47.74,0.4456,23,7.79,26.46,0,0,0,-0.2588190451025208,-0.9659258262890683,0
16,1,0,0,0,1,2.63,82.49,46.72,0.5187,18,1.86,15.67,0,0,0,-0.8660254037844385,-0.5000000000000004,0
10,2,0,0,0,0,3.96,64.41,63.14,0.4889,28,9.56,6.61,0,0,2,0.49999999999999994,-0.8660254037844387,0
17,6,0,0,0,0,4.46,21.23,70.23,0.4865,20,3.8,44.13,0,0,2,-0.9659258262890683,-0.25881904510252063,0
17,4,0,0,0,0,4.48,116.03,36.65,0.6914,7,1.84,15.41,0,0,0,-0.9659258262890683,-0.25881904510252063,0
11,2,0,0,0,0,4.47,9.03,62.92,0.6355,4,2.79,3.52,1,0,1,0.258819045102521,-0.9659258262890682,0
5,2,0,0,0,0,3.69,73.93,32.94,0.5549,27,6.2,16.62,0,0,1,0.9659258262890683,0.25881904510252074,0
8,3,0,0,0,0,2.56,51.53,41.63,0.3519,3,2.68,32.83,0,0,2,0.8660254037844387,-0.4999999999999998,0
19,6,0,0,0,0,1.95,58.37,30.33,0.5828,29,1.51,46.69,0,0,0,-0.9659258262890684,0.2588190451025203,0
12,3,0,1,0,0,2.17,116.18,58.26,0.564,13,2.31,32.6,0,0,1,1.2246467991473532e-16,-1.0,0
10,4,0,0,0,0,2.68,12.5,47.95,0.6444,2,5.39,16.1,0,0,0,0.49999999999999994,-0.8660254037844387,0
1,4,1,1,0,4,0.16,10.61,74.61,0.1597,4,22.74,493.69,1,1,1,0.25881904510252074,0.9659258262890683,1
2,4,0,0,0,0,1.11,55.04,32.35,0.5753,11,1.68,27.89,0,0,1,0.49999999999999994,0.8660254037844387,0
1,3,0,1,1,2,0.24,10.49,100.93,0.2818,4,20.5,386.44,0,0,1,0.25881904510252074,0.9659258262890683,1
14,3,0,0,0,1,2.13,112.93,48.92,0.5999,3,6.38,12.85,0,0,1,-0.4999999999999997,-0.8660254037844388,0
11,4,0,0,0,0,3.34,45.54,33.61,0.3623,2,1.92,46.33,0,0,0,0.258819045102521,-0.9659258262890682,0
20,0,0,0,0,1,3.61,36.44,35.85,0.4318,4,7.15,9.39,0,0,0,-0.8660254037844386,0.5000000000000001,0
16,6,0,0,0,2,3.87,44.86,55.44,0.4901,12,9.87,1.8,0,0,1,-0.8660254037844385,-0.5000000000000004,0
5,0,0,0,0,2,4.22,7.1,30.48,0.6418,29,8.62,28.62,0,0,0,0.9659258262890683,0.25881904510252074,0
11,4,0,0,0,0,2.02,47.45,49.48,0.6183,11,5.83,41.68,0,0,0,0.258819045102521,-0.9659258262890682,0
11,4,0,0,0,0,1.75,54.88,59.43,0.4494,16,7.23,14.76,0,0,1,0.258819045102521,-0.9659258262890682,0
8,0,0,0,0,0,0.9,19.45,35.73,0.5113,12,4.05,31.78,0,0,0,0.8660254037844387,-0.4999999999999998,0
2,2,1,1,1,4,0.06,8.97,139.02,0.1689,1,39.8,340.35,0,1,1,0.49999999999999994,0.8660254037844387,1
13,1,0,0,0,0,1.77,34.16,41.73,0.4666,20,8.13,36.22,0,0,1,-0.2588190451025208,-0.9659258262890683,0
9,2,0,0,0,0,0.6,20.58,40.58,0.4332,9,1.67,11.09,0,0,1,0.7071067811865476,-0.7071067811865475,0
20,0,0,0,0,0,3.68,66.55,68.39,0.4887,15,2.85,9.2,0,0,0,-0.8660254037844386,0.5000000000000001,0
10,4,0,0,0,0,4.68,73.73,34.15,0.6627,2,9.05,15.99,1,0,1,0.49999999999999994,-0.8660254037844387,0
23,5,1,1,1,3,0.19,13.6,103.14,0.0913,3,38.64,614.44,0,1,0,-0.25881904510252157,0.9659258262890681,1
4,6,1,1,1,2,0.3,1.17,21.35,0.0235,4,38.83,397.14,1,0,1,0.8660254037844386,0.5000000000000001,1
11,3,1,1,0,0,4.8,80.41,35.94,0.3606,26,9.15,9.95,0,0,0,0.258819045102521,-0.9659258262890682,0
17,6,0,0,0,0,4.44,62.0,34.41,0.3977,27,9.16,19.47,0,0,0,-0.9659258262890683,-0.25881904510252063,0
0,4,1,1,1,3,0.74,8.72,122.64,0.0241,3,14.59,504.79,1,1,1,0.0,1.0,1
6,2,0,0,0,0,3.11,72.5,43.98,0.6199,15,8.43,19.06,0,0,0,1.0,6.123233995736766e-17,0
8,1,0,0,0,2,4.14,101.97,63.8,0.4333,19,7.21,19.89,0,0,2,0.8660254037844387,-0.4999999999999998,0
13,5,0,0,0,0,0.88,72.03,78.25,0.5907,3,6.09,29.31,0,0,0,-0.2588190451025208,-0.9659258262890683,0
14,4,0,0,0,0,2.18,54.56,45.65,0.525,9,3.7,33.03,0,0,0,-0.4999999999999997,-0.8660254037844388,0
7,6,0,0,0,0,0.75,82.98,72.74,0.3874,7,8.15,13.13,0,0,1,0.9659258262890683,-0.25881904510252063,0
21,1,0,0,0,0,2.05,13.46,70.98,0.4442,7,7.77,32.01,0,0,0,-0.7071067811865477,0.7071067811865474,0
15,6,1,1,0,1,0.78,14.69,37.4,0.2489,3,28.51,536.95,0,1,1,-0.7071067811865471,-0.7071067811865479,1
20,1,1,1,1,3,0.45,1.82,146.44,0.2121,4,49.69,501.19,0,0,0,-0.8660254037844386,0.5000000000000001,1
3,4,1,1,1,1,0.6,14.27,149.38,0.1721,2,33.74,462.95,1,1,1,0.7071067811865476,0.7071067811865476,1
16,4,0,0,0,0,2.19,5.47,49.24,0.3752,2,9.8,7.55,0,0,0,-0.8660254037844385,-0.5000000000000004,0
17,4,0,0,1,2,2.45,64.56,48.14,0.6638,25,8.8,1.65,1,0,1,-0.9659258262890683,-0.25881904510252063,0
18,4,1,1,0,2,0.04,8.18,141.12,0.2396,5,23.52,693.83,1,0,1,-1.0,-1.8369701987210297e-16,1
14,5,0,0,0,0,4.2,42.99,69.18,0.4109,4,6.56,36.0,0,0,0,-0.4999999999999997,-0.8660254037844388,0
20,2,1,1,1,2,0.98,11.17,66.17,0.1356,2,27.0,459.33,1,0,1,-0.8660254037844386,0.5000000000000001,1
9,4,0,0,0,0,2.53,34.49,68.68,0.491,14,7.16,15.29,1,0,0,0.7071067811865476,-0.7071067811865475,0
16,5,0,1,0,0,2.2,51.21,60.43,0.4467,18,2.18,8.44,0,0,1,-0.8660254037844385,-0.5000000000000004,0
3,1,0,0,0,0,4.59,19.04,38.48,0.437,13,8.42,47.99,0,0,0,0.7071067811865476,0.7071067811865476,0
17,2,0,0,0,0,4.26,28.79,69.3,0.5262,19,3.24,0.56,0,0,0,-0.9659258262890683,-0.25881904510252063,0
7,2,0,0,0,0,1.58,62.28,30.32,0.6883,9,7.02,45.77,0,0,1,0.9659258262890683,-0.25881904510252063,0
23,4,0,0,0,0,0.52,90.93,53.94,0.4976,24,3.21,24.1,0,0,0,-0.25881904510252157,0.9659258262890681,0
16,1,0,0,0,0,1.61,88.25,66.0,0.6339,15,8.73,19.2,0,0,0,-0.8660254037844385,-0.5000000000000004,0
8,3,0,0,0,1,3.98,15.68,60.64,0.5171,21,2.05,42.86,0,0,0,0.8660254037844387,-0.4999999999999998,0
2,5,1,1,0,4,0.81,6.46,103.36,0.0096,2,27.43,695.43,1,1,1,0.49999999999999994,0.8660254037844387,1
17,4,0,0,0,0,1.11,45.99,37.02,0.4383,4,6.09,15.64,0,0,0,-0.9659258262890683,-0.25881904510252063,0
21,5,0,1,0,0,1.91,5.89,63.29,0.3013,16,2.9,43.68,0,0,0,-0.7071067811865477,0.7071067811865474,0
21,1,1,1,1,4,0.17,3.45,19.43,0.2518,2,46.7,548.87,1,1,1,-0.7071067811865477,0.7071067811865474,1
17,2,0,0,0,1,4.27,51.27,31.48,0.6819,11,2.04,42.64,0,0,0,-0.9659258262890683,-0.25881904510252063,0
9,1,0,0,0,0,2.27,44.16,77.49,0.332,23,3.7,11.94,0,0,1,0.7071067811865476,-0.7071067811865475,0
17,1,0,0,0,0,1.48,5.6,73.24,0.3248,8,6.14,24.43,0,0,1,-0.9659258262890683,-0.25881904510252063,0
0,6,0,0,1,0,2.53,82.29,57.89,0.5413,25,8.11,2.28,0,0,0,0.0,1.0,0
18,6,0,0,1,0,1.47,36.83,70.75,0.6603,16,1.35,23.14,0,0,1,-1.0,-1.8369701987210297e-16,0
18,0,0,0,0,0,2.49,22.71,60.64,0.5849,3,4.05,2.5,1,0,0,-1.0,-1.8369701987210297e-16,0
9,0,0,0,0,0,0.91,38.17,55.08,0.5084,24,1.68,2.9,1,0,0,0.7071067811865476,-0.7071067811865475,0
8,5,1,1,1,3,0.7,11.97,139.07,0.1692,4,12.25,685.87,0,1,1,0.8660254037844387,-0.4999999999999998,1
0,0,0,0,0,0,0.51,41.38,60.35,0.3286,14,8.98,32.62,0,0,0,0.0,1.0,0
18,5,0,0,0,0,1.81,9.1,64.26,0.5588,9,5.51,17.5,0,0,0,-1.0,-1.8369701987210297e-16,0
12,6,0,0,0,0,1.88,101.15,33.76,0.4465,6,3.83,25.11,0,0,1,1.2246467991473532e-16,-1.0,0
9,3,0,0,0,0,4.02,56.0,61.1,0.5255,18,9.05,18.19,0,0,0,0.7071067811865476,-0.7071067811865475,0
17,0,0,0,0,0,4.35,105.32,65.09,0.3643,3,1.85,17.9,1,0,0,-0.9659258262890683,-0.25881904510252063,0
9,5,0,0,0,0,4.93,27.64,35.72,0.5589,5,5.99,29.91,0,0,0,0.7071067811865476,-0.7071067811865475,0
9,2,0,0,0,0,2.32,15.71,67.66,0.5157,28,8.15,23.47,0,0,1,0.7071067811865476,-0.7071067811865475,0
18,3,0,0,0,0,0.62,24.08,79.39,0.5388,26,7.86,11.08,0,0,0,-1.0,-1.8369701987210297e-16,0
18,4,0,0,1,0,1.71,75.45,78.58,0.5202,2,3.06,18.49,0,0,1,-1.0,-1.8369701987210297e-16,0
9,1,0,0,0,0,3.3,90.3,76.46,0.6846,10,5.24,47.06,0,0,0,0.7071067811865476,-0.7071067811865475,0
16,3,0,0,0,0,2.6,90.59,36.83,0.6739,20,1.98,35.14,0,0,1,-0.8660254037844385,-0.5000000000000004,0
3,6,1,1,1,2,0.87,4.92,117.42,0.023,4,11.18,456.75,1,1,2,0.7071067811865476,0.7071067811865476,1
22,3,0,0,0,0,2.09,31.03,62.26,0.6782,8,9.21,35.49,0,0,2,-0.5000000000000004,0.8660254037844384,0
17,5,0,0,0,0,2.96,42.45,35.83,0.4657,6,7.94,42.77,0,0,2,-0.9659258262890683,-0.25881904510252063,0
8,2,0,0,0,0,2.89,68.26,51.16,0.4238,11,2.67,33.4,1,0,1,0.8660254037844387,-0.4999999999999998,0
15,3,0,0,1,0,2.82,109.05,67.5,0.4582,21,9.02,36.26,0,0,1,-0.7071067811865471,-0.7071067811865479,0
7,0,0,0,0,0,2.45,100.5,39.48,0.4094,2,8.03,14.11,0,0,0,0.9659258262890683,-0.25881904510252063,0
7,5,0,0,0,0,2.55,52.75,62.68,0.5529,26,7.07,5.66,0,0,0,0.9659258262890683,-0.25881904510252063,0
11,5,0,1,0,0,2.96,26.78,68.23,0.3589,16,8.93,38.29,0,0,2,0.258819045102521,-0.9659258262890682,0
13,0,0,0,0,0,3.92,78.76,71.29,0.6423,26,4.42,42.38,0,0,0,-0.2588190451025208,-0.9659258262890683,0
22,5,1,1,1,3,0.09,3.69,22.54,0.2825,5,13.09,382.64,1,0,0,-0.5000000000000004,0.8660254037844384,1
9,1,0,0,0,0,0.93,109.83,74.46,0.5632,9,1.08,44.46,0,0,0,0.7071067811865476,-0.7071067811865475,0
8,5,0,0,0,0,1.26,88.73,37.22,0.3307,18,3.46,40.19,0,0,0,0.8660254037844387,-0.4999999999999998,0
19,1,0,0,0,0,2.88,116.29,37.92,0.644,15,2.54,18.11,0,0,1,-0.9659258262890684,0.2588190451025203,0
15,5,0,0,0,0,1.06,48.77,67.96,0.6406,5,5.69,22.76,0,0,1,-0.7071067811865471,-0.7071067811865479,0
8,2,0,0,0,0,3.68,103.12,67.41,0.6034,19,3.69,16.8,0,0,0,0.8660254037844387,-0.4999999999999998,0
16,3,0,0,0,0,1.58,72.35,47.28,0.4171,27,7.79,2.11,0,0,1,-0.8660254037844385,-0.5000000000000004,0
2,6,0,0,0,0,1.0,91.7,43.18,0.5445,27,4.28,41.51,0,0,1,0.49999999999999994,0.8660254037844387,0
17,1,0,0,1,0,1.24,41.49,68.24,0.3734,9,8.59,18.88,0,0,1,-0.9659258262890683,-0.25881904510252063,0
6,5,1,1,1,1,0.17,2.1,132.02,0.0463,3,17.79,391.88,0,1,2,1.0,6.123233995736766e-17,1
19,1,0,0,0,0,2.64,101.24,64.21,0.3577,6,4.34,31.28,0,0,0,-0.9659258262890684,0.2588190451025203,0
16,4,0,0,1,0,1.5,6.02,58.47,0.6241,28,2.49,35.29,0,0,0,-0.8660254037844385,-0.5000000000000004,0
10,1,0,0,0,0,4.29,75.35,32.82,0.4784,10,2.82,17.37,0,0,1,0.49999999999999994,-0.8660254037844387,0
19,1,1,1,0,3,0.88,13.52,78.52,0.184,5,14.58,452.31,1,0,1,-0.9659258262890684,0.2588190451025203,1
9,0,0,0,0,0,4.14,103.92,66.59,0.472,8,6.18,10.66,0,0,1,0.7071067811865476,-0.7071067811865475,0
18,4,0,1,1,0,4.52,108.13,30.5,0.5962,26,6.97,16.88,0,0,1,-1.0,-1.8369701987210297e-16,0
4,3,1,0,1,4,0.5,3.36,36.3,0.1595,2,33.15,366.32,0,1,1,0.8660254037844386,0.5000000000000001,1
4,5,0,0,1,0,3.29,45.1,63.4,0.558,29,6.41,9.28,0,0,1,0.8660254037844386,0.5000000000000001,0
18,5,0,1,1,0,3.35,35.38,79.71,0.6306,5,9.44,32.6,1,0,0,-1.0,-1.8369701987210297e-16,0
19,1,1,0,1,2,0.9,11.96,63.45,0.121,2,32.65,617.78,1,0,1,-0.9659258262890684,0.2588190451025203,1
21,5,0,0,1,1,2.54,114.16,60.5,0.3665,26,2.67,42.58,1,0,0,-0.7071067811865477,0.7071067811865474,0
20,3,0,0,0,0,2.72,64.34,30.21,0.4884,30,6.47,1.48,0,0,0,-0.8660254037844386,0.5000000000000001,0
17,5,0,0,0,0,1.27,36.99,41.91,0.541,10,4.74,34.01,0,0,1,-0.9659258262890683,-0.25881904510252063,0
6,4,0,0,0,0,4.64,89.45,48.3,0.6565,30,1.82,31.93,0,0,0,1.0,6.123233995736766e-17,0
20,0,0,0,0,0,3.07,67.72,51.27,0.67,6,4.15,1.83,0,0,1,-0.8660254037844386,0.5000000000000001,0
11,1,0,0,0,1,3.93,9.69,35.15,0.6338,7,7.38,27.13,0,0,0,0.258819045102521,-0.9659258262890682,0
18,6,0,0,0,0,1.75,94.15,62.97,0.3097,18,7.37,40.47,0,0,0,-1.0,-1.8369701987210297e-16,0
1,2,1,1,1,4,0.47,11.09,115.92,0.1223,5,23.95,471.89,1,1,1,0.25881904510252074,0.9659258262890683,1
13,3,0,0,0,0,1.2,27.79,65.01,0.4479,16,8.66,31.05,0,0,0,-0.2588190451025208,-0.9659258262890683,0
8,2,0,0,0,0,0.96,112.43,54.35,0.6547,5,2.87,16.5,0,0,2,0.8660254037844387,-0.4999999999999998,0
10,4,0,0,0,0,2.9,20.0,57.74,0.36,6,9.99,6.3,0,0,2,0.49999999999999994,-0.8660254037844387,0
14,0,1,0,0,0,3.18,113.54,52.26,0.4324,9,8.45,32.79,0,0,2,-0.4999999999999997,-0.8660254037844388,0
16,2,0,0,0,0,2.44,64.98,72.12,0.5687,8,9.96,20.4,0,0,1,-0.8660254037844385,-0.5000000000000004,0
12,0,1,1,1,2,0.56,8.29,75.58,0.1396,5,49.77,165.47,1,1,1,1.2246467991473532e-16,-1.0,1
7,6,1,1,0,0,0.73,11.28,99.92,0.143,1,20.06,138.58,1,0,0,0.9659258262890683,-0.25881904510252063,1
14,4,0,0,0,0,1.13,25.08,71.64,0.3741,18,9.49,22.84,0,0,1,-0.4999999999999997,-0.8660254037844388,0
21,1,1,1,1,5,0.55,9.17,125.2,0.117,3,31.72,663.36,0,1,0,-0.7071067811865477,0.7071067811865474,1
14,3,0,1,0,1,1.28,7.17,62.78,0.4663,30,9.07,26.83,1,0,0,-0.4999999999999997,-0.8660254037844388,0
18,3,0,0,1,0,2.53,112.03,65.11,0.3017,5,2.25,11.73,0,0,0,-1.0,-1.8369701987210297e-16,0
20,6,0,1,0,0,4.74,60.83,75.65,0.6589,4,1.32,14.26,0,0,1,-0.8660254037844386,0.5000000000000001,0
4,4,1,1,1,3,0.27,12.08,28.61,0.0922,2,40.15,689.59,1,1,0,0.8660254037844386,0.5000000000000001,1
18,5,0,0,0,1,3.12,85.87,61.23,0.4613,23,5.57,40.76,0,0,1,-1.0,-1.8369701987210297e-16,0
17,3,0,0,0,0,3.37,22.5,32.59,0.492,17,7.0,1.25,0,0,1,-0.9659258262890683,-0.25881904510252063,0
3,3,1,1,0,3,0.45,8.2,52.84,0.1253,3,24.06,637.56,0,1,1,0.7071067811865476,0.7071067811865476,1
18,3,0,0,0,0,2.62,31.62,66.16,0.6576,26,9.28,21.41,0,0,1,-1.0,-1.8369701987210297e-16,0
23,6,0,0,0,0,1.8,66.01,53.37,0.577,18,4.59,12.99,0,0,0,-0.25881904510252157,0.9659258262890681,0
14,0,0,0,0,0,1.19,114.84,76.72,0.4482,26,5.96,17.08,0,0,0,-0.4999999999999997,-0.8660254037844388,0
6,6,0,0,0,1,4.72,96.11,71.93,0.561,30,7.36,12.37,0,0,0,1.0,6.123233995736766e-17,0
17,1,1,0,0,0,2.32,50.33,47.3,0.6062,29,9.56,16.56,0,0,0,-0.9659258262890683,-0.25881904510252063,0
21,2,0,0,0,0,1.91,57.56,64.49,0.3151,23,7.16,31.22,0,0,1,-0.7071067811865477,0.7071067811865474,0
19,0,0,0,0,0,4.8,17.93,63.08,0.5583,19,4.62,7.67,0,0,0,-0.9659258262890684,0.2588190451025203,0
13,2,0,0,0,0,1.77,50.67,70.69,0.5733,26,7.37,42.29,0,0,1,-0.2588190451025208,-0.9659258262890683,0
13,4,0,0,0,0,3.13,114.55,78.14,0.5724,23,1.3,25.75,0,0,0,-0.2588190451025208,-0.9659258262890683,0
16,6,0,0,0,0,2.24,7.08,58.59,0.6068,30,5.51,6.99,0,0,1,-0.8660254037844385,-0.5000000000000004,0
22,4,0,0,1,0,1.51,68.61,78.58,0.5458,5,8.89,23.9,0,0,0,-0.5000000000000004,0.8660254037844384,0
13,5,0,0,0,0,4.3,98.78,46.68,0.5922,21,4.81,9.06,0,0,0,-0.2588190451025208,-0.9659258262890683,0
21,0,0,0,0,0,4.02,51.23,58.68,0.6761,11,3.57,20.13,0,0,1,-0.7071067811865477,0.7071067811865474,0
4,3,1,0,1,2,0.31,2.99,17.07,0.0005,2,25.45,307.49,1,1,1,0.8660254037844386,0.5000000000000001,1
23,2,0,1,1,1,0.55,9.44,19.3,0.0279,3,40.38,470.49,0,1,1,-0.25881904510252157,0.9659258262890681,1
20,4,0,0,0,0,1.44,57.7,62.05,0.4352,16,7.02,12.36,0,0,0,-0.8660254037844386,0.5000000000000001,0
17,0,0,0,0,0,4.29,6.36,45.62,0.5929,21,2.68,3.42,1,0,1,-0.9659258262890683,-0.25881904510252063,0
20,0,1,1,1,4,0.34,4.82,141.56,0.1059,4,12.23,570.22,0,1,2,-0.8660254037844386,0.5000000000000001,1
21,0,1,1,1,4,0.18,3.45,108.06,0.2165,5,21.01,262.28,1,1,2,-0.7071067811865477,0.7071067811865474,1
17,2,0,0,0,0,1.99,72.42,76.42,0.5231,18,5.48,14.29,0,0,0,-0.9659258262890683,-0.25881904510252063,0
21,1,0,0,0,0,1.92,26.15,78.53,0.5402,19,5.7,3.52,0,0,2,-0.7071067811865477,0.7071067811865474,0
17,2,0,0,0,0,3.66,34.01,36.44,0.4872,8,1.13,12.12,0,0,1,-0.9659258262890683,-0.25881904510252063,0
9,1,0,0,0,0,4.84,42.82,46.34,0.3497,3,9.95,5.87,0,0,1,0.7071067811865476,-0.7071067811865475,0
0,0,1,1,1,2,0.8,11.61,131.7,0.2043,2,14.09,133.15,0,1,0,0.0,1.0,1
1,3,0,0,0,0,3.1,46.94,32.66,0.4539,24,9.89,45.42,0,0,0,0.25881904510252074,0.9659258262890683,0
19,6,0,0,0,0,1.3,9.85,50.01,0.6267,5,6.34,4.54,0,0,1,-0.9659258262890684,0.2588190451025203,0
7,2,1,0,1,1,0.77,4.68,11.97,0.2562,3,23.2,618.18,1,1,2,0.9659258262890683,-0.25881904510252063,1
18,1,0,0,0,0,0.91,45.95,60.43,0.6387,11,3.76,25.64,0,0,0,-1.0,-1.8369701987210297e-16,0
11,5,0,1,1,5,0.18,11.37,66.69,0.137,2,31.9,440.14,1,1,1,0.258819045102521,-0.9659258262890682,1
12,3,0,0,0,0,3.66,33.37,42.26,0.6338,15,5.72,35.75,0,0,0,1.2246467991473532e-16,-1.0,0
9,3,0,0,0,0,3.86,20.57,59.63,0.3823,14,2.58,33.24,0,0,1,0.7071067811865476,-0.7071067811865475,0
8,5,1,0,1,0,4.76,46.03,31.23,0.674,29,9.51,4.79,0,0,0,0.8660254037844387,-0.4999999999999998,0
6,4,1,1,1,0,0.71,8.02,10.03,0.2742,2,35.63,265.6,1,1,1,1.0,6.123233995736766e-17,1
13,0,0,0,0,0,2.29,8.12,31.57,0.4043,22,8.35,32.94,0,0,0,-0.2588190451025208,-0.9659258262890683,0
2,6,0,1,1,4,0.83,8.81,43.09,0.0165,5,28.84,471.66,1,0,2,0.49999999999999994,0.8660254037844387,1
9,3,0,0,0,0,1.33,46.05,37.24,0.577,12,9.34,5.77,0,0,1,0.7071067811865476,-0.7071067811865475,0
16,5,0,1,0,0,3.68,110.57,44.76,0.6469,5,1.09,38.13,0,0,0,-0.8660254037844385,-0.5000000000000004,0
14,4,1,0,1,0,1.13,89.08,47.36,0.4548,2,4.33,23.44,0,0,0,-0.4999999999999997,-0.8660254037844388,0
9,5,0,0,0,0,4.06,37.48,58.89,0.3849,8,1.42,35.39,0,0,1,0.7071067811865476,-0.7071067811865475,0
0,0,1,1,0,2,0.74,11.32,13.35,0.029,4,16.55,101.29,1,1,2,0.0,1.0,1
21,5,0,0,0,1,2.14,101.87,61.83,0.4407,18,7.21,13.81,0,0,0,-0.7071067811865477,0.7071067811865474,0
2,1,1,0,0,3,0.65,3.49,41.65,0.047,3,42.49,441.88,1,0,0,0.49999999999999994,0.8660254037844387,1
12,2,0,0,0,0,1.95,24.67,65.99,0.4029,19,2.17,20.03,0,0,0,1.2246467991473532e-16,-1.0,0
14,4,0,0,0,0,1.41,69.44,34.23,0.3839,12,7.81,13.19,0,0,1,-0.4999999999999997,-0.8660254037844388,0
18,6,1,1,1,5,0.66,0.74,110.67,0.1837,2,20.23,492.72,1,1,1,-1.0,-1.8369701987210297e-16,1
20,3,0,0,0,1,3.85,62.41,49.64,0.5793,12,1.32,44.25,0,0,1,-0.8660254037844386,0.5000000000000001,0
17,0,0,0,1,0,2.3,59.11,38.41,0.4751,10,6.05,25.95,0,0,1,-0.9659258262890683,-0.25881904510252063,0
6,2,0,0,0,0,3.22,77.34,41.33,0.6887,27,7.57,37.68,0,0,1,1.0,6.123233995736766e-17,0
19,6,0,0,0,0,3.98,48.84,67.26,0.3968,4,5.38,25.19,0,0,0,-0.9659258262890684,0.2588190451025203,0
10,3,0,0,0,0,4.25,50.13,76.53,0.3048,7,2.01,4.16,0,0,0,0.49999999999999994,-0.8660254037844387,0
12,6,0,0,1,0,2.63,42.31,77.87,0.4287,20,3.42,10.73,0,0,0,1.2246467991473532e-16,-1.0,0
1,1,0,0,0,0,3.25,69.24,58.96,0.5387,9,4.82,43.03,0,0,2,0.25881904510252074,0.9659258262890683,0
8,0,0,0,0,0,3.78,117.78,66.95,0.5621,8,3.59,16.29,0,0,0,0.8660254037844387,-0.4999999999999998,0
14,5,0,0,1,1,2.26,99.8,51.13,0.3883,27,6.65,13.02,1,0,1,-0.4999999999999997,-0.8660254037844388,0
16,6,0,0,0,0,1.4,66.01,74.5,0.6707,9,7.51,2.44,0,0,1,-0.8660254037844385,-0.5000000000000004,0
15,3,0,0,0,0,4.91,57.79,65.61,0.4487,15,8.4,14.52,0,0,1,-0.7071067811865471,-0.7071067811865479,0
4,5,0,0,0,0,1.31,90.75,30.32,0.462,6,6.82,47.72,0,0,0,0.8660254037844386,0.5000000000000001,0
10,0,0,0,0,0,3.34,109.94,66.46,0.6103,21,1.49,43.31,0,0,1,0.49999999999999994,-0.8660254037844387,0
7,5,1,1,0,0,0.68,6.37,48.88,0.2882,5,35.89,115.36,1,1,0,0.9659258262890683,-0.25881904510252063,1
9,4,0,1,0,0,2.84,72.31,61.84,0.6469,2,3.72,18.02,0,0,2,0.7071067811865476,-0.7071067811865475,0
22,6,0,1,1,3,0.54,3.5,44.9,0.0084,4,42.77,218.35,1,1,2,-0.5000000000000004,0.8660254037844384,1
20,4,0,0,0,0,0.91,104.32,50.36,0.5665,25,7.63,47.51,0,0,1,-0.8660254037844386,0.5000000000000001,0
4,6,0,0,0,0,1.69,88.59,60.73,0.3738,18,9.32,5.58,0,0,0,0.8660254037844386,0.5000000000000001,0
23,6,0,0,1,0,3.18,21.14,65.38,0.3837,8,2.67,26.0,0,0,0,-0.25881904510252157,0.9659258262890681,0
14,6,0,0,0,1,2.64,71.35,59.83,0.6646,27,2.39,8.44,0,0,0,-0.4999999999999997,-0.8660254037844388,0
22,5,0,0,0,1,0.86,17.84,59.66,0.4327,15,3.6,36.74,0,0,1,-0.5000000000000004,0.8660254037844384,0
9,1,0,0,1,1,3.21,16.6,40.22,0.6695,10,4.99,30.22,0,0,1,0.7071067811865476,-0.7071067811865475,0
12,1,1,1,0,1,0.88,7.39,134.21,0.028,5,35.08,534.76,1,0,0,1.2246467991473532e-16,-1.0,1
18,3,0,1,0,2,0.92,21.86,50.14,0.5734,18,7.53,9.11,0,0,0,-1.0,-1.8369701987210297e-16,0
1,3,0,0,0,0,3.73,9.3,39.88,0.6678,18,7.35,41.79,0,0,1,0.25881904510252074,0.9659258262890683,0
14,2,0,0,0,0,3.48,21.05,65.16,0.3151,2,8.68,41.83,0,0,1,-0.4999999999999997,-0.8660254037844388,0
19,2,0,0,0,0,2.92,96.3,75.23,0.5562,7,2.78,45.78,0,0,1,-0.9659258262890684,0.2588190451025203,0
2,6,0,0,0,0,0.98,61.98,33.46,0.4523,7,1.58,19.65,0,0,0,0.49999999999999994,0.8660254037844387,0
8,2,0,0,1,0,2.52,16.06,66.87,0.3029,23,1.12,40.7,0,0,1,0.8660254037844387,-0.4999999999999998,0
8,2,0,0,0,2,2.09,15.65,77.28,0.3279,10,7.63,47.86,0,0,0,0.8660254037844387,-0.4999999999999998,0
16,0,0,1,1,0,0.65,10.84,56.59,0.3526,6,6.24,3.22,0,0,0,-0.8660254037844385,-0.5000000000000004,0
19,6,0,0,0,0,4.36,113.79,43.85,0.4715,8,3.29,25.91,0,0,1,-0.9659258262890684,0.2588190451025203,0
21,0,1,1,1,2,0.29,12.34,31.56,0.0103,2,39.57,644.01,0,1,1,-0.7071067811865477,0.7071067811865474,1
19,4,0,0,0,1,4.44,85.98,55.15,0.5985,14,9.37,24.6,0,0,0,-0.9659258262890684,0.2588190451025203,0
0,4,0,1,1,4,0.78,10.04,114.48,0.0915,2,36.85,618.79,1,1,2,0.0,1.0,1
17,3,0,0,0,0,2.29,14.4,55.9,0.4393,7,4.58,21.4,0,0,1,-0.9659258262890683,-0.25881904510252063,0
14,0,0,0,0,2,3.6,83.15,37.64,0.681,12,1.3,22.11,0,0,1,-0.4999999999999997,-0.8660254037844388,0
9,5,0,0,0,0,3.61,12.67,47.11,0.5005,22,3.7,39.28,0,0,0,0.7071067811865476,-0.7071067811865475,0
9,0,0,0,0,0,1.0,24.42,49.97,0.4979,6,3.41,33.19,0,0,1,0.7071067811865476,-0.7071067811865475,0
9,2,0,0,0,0,3.61,83.44,57.43,0.4767,30,2.16,39.09,0,0,2,0.7071067811865476,-0.7071067811865475,0
4,0,0,0,0,0,3.61,11.27,62.14,0.3582,25,3.31,43.83,0,0,0,0.8660254037844386,0.5000000000000001,0
20,4,0,0,0,1,4.3,86.02,54.99,0.6239,10,4.9,13.47,0,0,1,-0.8660254037844386,0.5000000000000001,0
8,6,0,0,0,0,2.21,8.52,37.31,0.3939,13,8.04,39.71,0,0,0,0.8660254037844387,-0.4999999999999998,0
20,3,1,0,0,2,2.52,13.23,74.71,0.5625,4,9.38,45.77,0,0,2,-0.8660254037844386,0.5000000000000001,0
6,0,0,0,0,0,1.96,78.61,35.19,0.5828,4,7.66,5.98,1,0,0,1.0,6.123233995736766e-17,0
14,1,0,0,0,0,1.57,43.55,52.51,0.5968,27,8.46,10.85,0,0,0,-0.4999999999999997,-0.8660254037844388,0
0,1,0,0,0,0,3.56,55.54,52.43,0.5067,23,5.13,43.64,0,0,1,0.0,1.0,0
17,2,0,1,0,0,4.04,77.64,54.81,0.4041,5,9.83,3.73,1,0,1,-0.9659258262890683,-0.25881904510252063,0
8,3,0,0,0,0,2.77,14.1,78.47,0.3452,4,1.11,35.41,0,0,0,0.8660254037844387,-0.4999999999999998,0
8,4,0,0,0,0,3.85,77.17,76.94,0.4994,30,6.18,13.86,0,0,1,0.8660254037844387,-0.4999999999999998,0
17,4,0,0,0,0,1.57,79.87,54.88,0.4034,25,4.66,42.5,0,0,0,-0.9659258262890683,-0.25881904510252063,0
19,0,0,0,0,0,3.01,110.58,64.86,0.3859,29,6.06,39.91,0,0,0,-0.9659258262890684,0.2588190451025203,0
15,6,0,0,0,0,3.0,105.9,31.9,0.3552,14,5.81,46.32,0,0,1,-0.7071067811865471,-0.7071067811865479,0
14,3,0,0,1,0,3.16,62.52,57.28,0.4574,30,5.87,28.56,0,0,2,-0.4999999999999997,-0.8660254037844388,0
17,2,0,0,0,0,2.04,11.04,65.78,0.6692,3,5.47,4.27,0,0,0,-0.9659258262890683,-0.25881904510252063,0
18,6,0,0,0,1,3.73,118.88,42.82,0.5932,17,9.6,45.34,1,0,1,-1.0,-1.8369701987210297e-16,0
10,0,1,0,0,0,4.66,33.38,34.01,0.3982,3,2.27,27.08,0,0,2,0.49999999999999994,-0.8660254037844387,0
2,0,0,0,0,0,4.78,33.7,65.41,0.5271,5,1.41,8.9,0,0,0,0.49999999999999994,0.8660254037844387,0
7,0,0,0,0,0,4.71,111.55,77.41,0.4415,29,4.07,23.2,0,0,0,0.9659258262890683,-0.25881904510252063,0
4,6,1,1,0,4,0.81,2.53,11.35,0.1711,4,36.37,190.39,0,1,2,0.8660254037844386,0.5000000000000001,1
20,1,0,0,0,0,1.7,51.3,50.2,0.3137,16,7.96,40.37,0,0,0,-0.8660254037844386,0.5000000000000001,0
0,4,1,1,1,3,0.1,11.62,119.14,0.0524,4,42.85,115.18,1,0,1,0.0,1.0,1
3,4,0,0,0,2,3.5,35.93,71.28,0.5231,12,4.75,29.89,1,0,0,0.7071067811865476,0.7071067811865476,0
9,6,0,0,0,0,0.64,95.72,79.38,0.4239,11,7.1,6.07,0,0,1,0.7071067811865476,-0.7071067811865475,0
3,3,0,0,0,0,3.14,109.79,42.71,0.6394,10,1.79,10.11,0,0,0,0.7071067811865476,0.7071067811865476,0
8,6,0,0,0,1,1.03,103.41,64.28,0.6536,11,8.35,43.21,0,0,0,0.8660254037844387,-0.4999999999999998,0
11,1,0,0,0,1,2.01,29.98,39.09,0.3851,19,9.83,28.07,0,0,0,0.258819045102521,-0.9659258262890682,0
17,0,0,0,0,1,3.02,99.91,79.04,0.3025,25,8.6,5.17,0,0,0,-0.9659258262890683,-0.25881904510252063,0
20,5,0,0,0,0,1.52,110.6,44.69,0.539,27,5.09,23.29,0,0,0,-0.8660254037844386,0.5000000000000001,0
9,2,0,0,0,0,0.59,37.41,62.92,0.5561,26,9.37,11.03,0,0,0,0.7071067811865476,-0.7071067811865475,0
4,1,1,1,1,3,0.74,7.33,120.16,0.1131,4,17.56,141.26,0,1,1,0.8660254037844386,0.5000000000000001,1
18,0,0,0,0,1,4.71,77.9,51.86,0.3291,10,2.73,13.71,0,0,1,-1.0,-1.8369701987210297e-16,0
8,0,0,0,0,0,2.61,60.72,72.98,0.6035,16,4.19,14.5,0,0,1,0.8660254037844387,-0.4999999999999998,0
9,3,0,0,0,0,2.82,43.71,56.27,0.428,25,3.56,43.57,0,0,1,0.7071067811865476,-0.7071067811865475,0
20,5,0,0,0,0,4.06,34.18,75.94,0.4072,11,4.83,10.02,0,0,0,-0.8660254037844386,0.5000000000000001,0
4,1,0,0,1,0,0.92,94.14,38.51,0.3837,30,2.84,5.36,0,0,1,0.8660254037844386,0.5000000000000001,0
3,5,1,1,0,5,0.94,10.06,34.58,0.1562,1,35.49,318.77,0,0,1,0.7071067811865476,0.7071067811865476,1
15,0,1,1,1,4,0.09,4.07,107.95,0.0878,5,38.15,576.47,0,0,1,-0.7071067811865471,-0.7071067811865479,1
9,5,0,0,0,0,2.87,72.65,78.49,0.4262,4,8.25,26.37,0,0,1,0.7071067811865476,-0.7071067811865475,0
21,5,0,0,0,1,2.74,45.9,42.63,0.501,3,4.55,4.41,0,0,2,-0.7071067811865477,0.7071067811865474,0
8,2,0,0,0,0,1.21,10.33,61.66,0.6471,10,4.36,17.17,0,0,1,0.8660254037844387,-0.4999999999999998,0
15,1,0,1,0,0,4.57,62.05,61.14,0.6836,24,5.18,25.29,1,0,0,-0.7071067811865471,-0.7071067811865479,0
17,0,0,0,0,0,3.91,69.8,32.36,0.4821,14,9.99,9.82,0,0,1,-0.9659258262890683,-0.25881904510252063,0
10,4,1,1,0,2,0.21,3.89,70.19,0.1457,2,16.16,196.95,0,0,1,0.49999999999999994,-0.8660254037844387,1
17,6,0,0,0,0,2.7,31.15,34.01,0.3374,26,5.51,3.51,0,0,0,-0.9659258262890683,-0.25881904510252063,0
8,2,0,0,0,0,4.75,29.76,79.5,0.5715,13,2.37,42.08,0,0,1,0.8660254037844387,-0.4999999999999998,0
17,2,0,1,0,0,4.02,29.81,58.07,0.3656,29,8.01,24.77,0,0,2,-0.9659258262890683,-0.25881904510252063,0
19,4,0,0,1,1,2.0,63.74,30.79,0.5761,22,1.76,11.02,0,0,0,-0.9659258262890684,0.2588190451025203,0
14,4,0,0,0,1,4.61,12.28,76.11,0.3857,29,2.72,9.11,1,0,0,-0.4999999999999997,-0.8660254037844388,0
8,2,0,0,0,2,0.97,60.93,71.34,0.6574,28,4.79,23.08,0,0,0,0.8660254037844387,-0.4999999999999998,0
8,3,1,1,1,3,0.28,3.12,54.52,0.2387,4,27.58,495.78,0,1,2,0.8660254037844387,-0.4999999999999998,1
14,5,0,1,0,2,0.13,8.58,62.65,0.1769,5,43.77,530.87,1,1,0,-0.4999999999999997,-0.8660254037844388,1
9,6,0,0,0,2,0.86,94.12,60.85,0.665,30,2.99,37.66,0,0,0,0.7071067811865476,-0.7071067811865475,0
16,6,0,0,0,1,1.23,59.73,42.71,0.6593,5,3.34,10.6,0,0,0,-0.8660254037844385,-0.5000000000000004,0
5,4,0,0,1,2,0.91,9.62,134.81,0.0648,5,19.38,481.47,0,1,0,0.9659258262890683,0.25881904510252074,1
11,3,0,0,0,1,2.85,87.65,39.31,0.5448,30,4.54,41.43,0,0,0,0.258819045102521,-0.9659258262890682,0
19,1,1,0,0,0,2.52,13.01,53.65,0.4227,10,4.29,44.93,0,0,1,-0.9659258262890684,0.2588190451025203,0
19,5,0,0,0,0,3.44,69.94,60.93,0.4049,21,4.84,44.16,0,0,0,-0.9659258262890684,0.2588190451025203,0
21,5,1,0,0,0,3.15,44.61,37.21,0.673,9,7.57,7.53,0,0,0,-0.7071067811865477,0.7071067811865474,0
9,3,0,0,0,0,3.8,103.23,48.04,0.5789,11,3.69,33.65,0,0,1,0.7071067811865476,-0.7071067811865475,0
7,2,0,0,0,0,2.32,107.42,44.94,0.6037,28,2.32,38.1,0,0,1,0.9659258262890683,-0.25881904510252063,0
5,3,0,0,0,0,4.9,45.59,60.09,0.5262,12,5.88,35.17,0,0,1,0.9659258262890683,0.25881904510252074,0
9,2,0,0,0,1,0.67,65.13,77.65,0.3052,27,3.19,40.44,0,0,0,0.7071067811865476,-0.7071067811865475,0
11,6,0,0,0,0,1.9,105.33,78.07,0.3287,29,5.6,22.77,0,0,2,0.258819045102521,-0.9659258262890682,0
19,2,0,0,0,0,2.21,89.47,37.21,0.5477,7,4.88,15.4,0,0,1,-0.9659258262890684,0.2588190451025203,0
12,6,0,0,0,0,4.41,61.56,63.43,0.4176,18,5.12,45.5,0,0,0,1.2246467991473532e-16,-1.0,0
9,1,0,0,0,0,1.4,64.61,55.01,0.6804,23,1.78,33.44,0,0,1,0.7071067811865476,-0.7071067811865475,0
4,0,0,0,0,0,2.66,48.99,57.56,0.5078,19,5.42,20.49,0,0,2,0.8660254037844386,0.5000000000000001,0
4,6,1,1,1,1,0.13,10.83,118.42,0.2358,2,41.73,404.39,1,1,1,0.8660254037844386,0.5000000000000001,1
4,4,1,1,1,3,0.67,11.77,57.44,0.1474,2,17.41,151.48,1,1,2,0.8660254037844386,0.5000000000000001,1
13,2,0,0,0,0,3.69,7.53,71.45,0.6606,21,9.66,26.3,0,0,2,-0.2588190451025208,-0.9659258262890683,0
14,4,0,0,0,1,3.72,49.21,42.98,0.6618,5,3.87,24.01,0,0,1,-0.4999999999999997,-0.8660254037844388,0
19,5,0,0,0,0,3.69,66.5,60.33,0.4768,6,4.22,28.83,0,0,1,-0.9659258262890684,0.2588190451025203,0
22,1,0,0,0,0,2.62,117.67,76.56,0.5535,18,7.72,35.63,0,0,0,-0.5000000000000004,0.8660254037844384,0
3,0,1,1,1,3,0.88,14.98,89.7,0.2546,5,17.99,653.74,0,1,2,0.7071067811865476,0.7071067811865476,1
21,5,0,0,0,0,1.74,61.35,39.93,0.4704,24,6.41,13.21,0,0,0,-0.7071067811865477,0.7071067811865474,0
14,5,0,0,0,1,0.72,106.16,63.11,0.3945,13,2.72,21.23,0,0,0,-0.4999999999999997,-0.8660254037844388,0
15,0,0,0,0,0,4.44,40.37,58.54,0.4472,4,4.42,45.06,0,0,0,-0.7071067811865471,-0.7071067811865479,0
14,6,0,0,0,0,2.0,116.11,78.9,0.5614,4,5.11,40.65,0,0,0,-0.4999999999999997,-0.8660254037844388,0
17,1,0,0,0,0,1.08,49.84,62.42,0.3038,30,6.42,5.66,0,0,1,-0.9659258262890683,-0.25881904510252063,0
21,5,1,1,1,4,0.92,4.06,57.13,0.2035,3,23.35,379.85,0,1,1,-0.7071067811865477,0.7071067811865474,1
17,5,0,0,1,0,2.9,116.1,35.88,0.5614,6,3.6,41.38,0,0,0,-0.9659258262890683,-0.25881904510252063,0
11,4,0,1,0,2,0.7,44.33,70.34,0.3218,14,9.1,4.0,0,0,1,0.258819045102521,-0.9659258262890682,0
9,3,1,0,0,0,1.84,28.71,37.15,0.5168,19,5.42,37.63,0,0,0,0.7071067811865476,-0.7071067811865475,0
19,3,0,0,1,1,4.2,73.85,78.98,0.4647,4,1.22,42.05,0,0,0,-0.9659258262890684,0.2588190451025203,0
12,3,0,0,0,0,1.92,31.27,70.5,0.6758,24,5.31,5.84,1,0,1,1.2246467991473532e-16,-1.0,0
12,0,0,0,0,1,4.04,39.33,73.85,0.6876,9,6.78,37.88,0,0,2,1.2246467991473532e-16,-1.0,0
15,3,0,0,0,1,1.51,40.86,36.7,0.638,5,9.75,34.71,0,0,0,-0.7071067811865471,-0.7071067811865479,0
8,0,0,0,0,0,0.51,111.81,43.53,0.3083,9,2.81,1.97,0,0,1,0.8660254037844387,-0.4999999999999998,0
14,2,0,0,1,0,2.31,28.85,43.35,0.5119,8,1.61,40.05,0,0,2,-0.4999999999999997,-0.8660254037844388,0
7,6,0,0,0,0,2.43,88.31,69.53,0.5096,17,8.7,4.46,0,0,2,0.9659258262890683,-0.25881904510252063,0
7,4,0,0,0,0,1.11,91.48,51.78,0.4919,13,3.41,31.25,0,0,1,0.9659258262890683,-0.25881904510252063,0
13,6,0,0,0,1,2.61,31.68,57.01,0.4029,18,1.94,39.11,0,0,2,-0.2588190451025208,-0.9659258262890683,0
18,2,1,0,1,0,0.86,40.82,47.67,0.4063,8,2.91,24.76,0,0,1,-1.0,-1.8369701987210297e-16,0
14,6,1,0,1,3,0.22,4.99,71.77,0.1462,1,41.16,322.96,1,1,1,-0.4999999999999997,-0.8660254037844388,1
23,6,0,0,0,0,1.7,72.5,60.05,0.639,2,9.8,45.08,1,0,0,-0.25881904510252157,0.9659258262890681,0
21,0,0,0,0,0,2.82,10.82,64.01,0.4045,28,2.25,43.94,0,0,0,-0.7071067811865477,0.7071067811865474,0
0,2,0,0,0,0,0.57,25.82,45.54,0.5033,22,7.94,23.32,0,0,0,0.0,1.0,0
20,2,0,0,0,0,4.17,72.5,48.99,0.4475,27,1.29,44.97,0,0,1,-0.8660254037844386,0.5000000000000001,0
18,5,0,0,0,0,1.19,101.74,62.44,0.4667,23,5.07,33.38,1,0,1,-1.0,-1.8369701987210297e-16,0
7,1,0,0,0,0,4.54,77.55,59.73,0.3631,21,9.9,23.47,1,0,1,0.9659258262890683,-0.25881904510252063,0
12,1,0,0,0,0,3.89,55.43,50.44,0.5453,28,5.54,34.75,0,0,0,1.2246467991473532e-16,-1.0,0
21,5,1,1,1,4,0.07,11.77,146.71,0.0968,3,21.27,275.54,1,1,1,-0.7071067811865477,0.7071067811865474,1
20,3,0,0,0,1,2.93,83.49,66.31,0.3998,10,6.38,34.11,0,0,0,-0.8660254037844386,0.5000000000000001,0
11,5,0,0,0,0,2.98,103.9,57.16,0.6401,25,6.01,35.36,0,0,1,0.258819045102521,-0.9659258262890682,0
12,2,0,0,0,0,1.37,46.33,38.94,0.625,21,4.38,5.5,0,0,0,1.2246467991473532e-16,-1.0,0
1,2,1,0,0,0,4.06,64.65,79.72,0.6937,26,8.15,40.95,1,0,1,0.25881904510252074,0.9659258262890683,0
17,5,0,0,0,0,1.63,66.62,30.69,0.4216,25,5.51,27.67,0,0,0,-0.9659258262890683,-0.25881904510252063,0
1,0,1,1,1,2,0.81,8.53,98.52,0.1244,4,42.08,643.29,1,0,1,0.25881904510252074,0.9659258262890683,1
10,3,0,0,0,0,4.26,87.34,46.88,0.4607,16,6.03,26.43,0,0,2,0.49999999999999994,-0.8660254037844387,0
9,2,0,0,0,0,4.49,46.49,30.22,0.3597,3,9.06,27.81,0,0,0,0.7071067811865476,-0.7071067811865475,0
18,2,0,0,1,0,2.35,90.17,39.67,0.3289,6,5.32,9.71,0,0,0,-1.0,-1.8369701987210297e-16,0
10,4,0,0,0,0,0.55,43.57,70.26,0.3334,21,9.44,38.66,0,0,0,0.49999999999999994,-0.8660254037844387,0
19,4,0,0,0,0,2.45,74.4,38.92,0.3636,13,3.14,7.45,1,0,0,-0.9659258262890684,0.2588190451025203,0
11,1,0,0,0,0,0.93,23.29,68.8,0.6627,22,7.3,7.65,0,0,0,0.258819045102521,-0.9659258262890682,0
2,3,1,1,0,4,0.22,11.36,77.66,0.0239,1,35.15,317.95,1,1,1,0.49999999999999994,0.8660254037844387,1
5,0,1,1,0,3,0.53,9.62,14.36,0.0203,2,32.92,457.82,1,0,1,0.9659258262890683,0.25881904510252074,1
9,6,0,0,0,1,1.75,16.78,38.91,0.3207,28,8.98,21.88,0,0,0,0.7071067811865476,-0.7071067811865475,0
8,3,1,0,0,2,1.03,49.31,68.95,0.6151,2,1.49,44.14,0,0,0,0.8660254037844387,-0.4999999999999998,0
13,3,0,0,0,0,2.1,68.66,65.8,0.3876,3,7.02,28.77,0,0,0,-0.2588190451025208,-0.9659258262890683,0
12,5,0,0,0,2,3.4,83.84,56.92,0.3908,15,9.54,47.94,0,0,0,1.2246467991473532e-16,-1.0,0
11,4,0,0,0,0,1.13,85.1,72.83,0.6296,15,3.29,36.54,0,0,1,0.258819045102521,-0.9659258262890682,0
0,5,1,1,1,3,0.97,8.79,135.15,0.0583,5,12.31,506.99,1,0,1,0.0,1.0,1
4,3,0,1,0,0,1.49,15.38,38.68,0.482,4,5.95,24.9,0,0,1,0.8660254037844386,0.5000000000000001,0
9,5,0,0,0,0,1.45,17.91,39.4,0.4145,23,6.02,30.35,0,0,0,0.7071067811865476,-0.7071067811865475,0
18,4,0,0,0,0,3.98,50.32,58.49,0.6329,10,3.13,33.94,0,0,0,-1.0,-1.8369701987210297e-16,0
11,3,0,1,0,0,2.48,39.11,73.25,0.4662,13,9.9,47.22,0,0,0,0.258819045102521,-0.9659258262890682,0
3,1,1,1,0,0,0.82,12.82,94.64,0.2042,3,41.37,638.84,1,0,0,0.7071067811865476,0.7071067811865476,1
6,2,0,0,0,1,3.43,7.72,67.6,0.4295,7,2.73,47.59,0,0,0,1.0,6.123233995736766e-17,0
15,4,0,0,0,0,2.41,107.54,33.68,0.3739,24,5.67,29.6,0,0,1,-0.7071067811865471,-0.7071067811865479,0
13,6,0,0,0,0,3.66,94.52,36.31,0.5062,17,6.68,9.72,1,0,0,-0.2588190451025208,-0.9659258262890683,0
17,4,1,0,0,0,3.4,51.15,63.93,0.6397,25,7.12,42.58,0,0,2,-0.9659258262890683,-0.25881904510252063,0
9,1,0,0,0,1,2.98,54.88,65.87,0.4309,14,2.66,29.12,0,0,0,0.7071067811865476,-0.7071067811865475,0
8,2,0,0,0,0,3.22,81.92,61.99,0.4412,22,6.5,11.77,0,0,1,0.8660254037844387,-0.4999999999999998,0
10,3,0,0,0,0,4.37,55.83,58.75,0.3885,20,2.01,45.06,0,0,0,0.49999999999999994,-0.8660254037844387,0
1,2,0,1,1,0,0.7,10.68,18.91,0.202,2,14.21,385.7,1,1,0,0.25881904510252074,0.9659258262890683,1
9,5,0,0,0,0,0.55,95.91,61.04,0.4062,7,6.62,39.36,0,0,0,0.7071067811865476,-0.7071067811865475,0
9,0,0,0,0,0,1.27,33.55,43.6,0.5851,20,2.51,35.77,0,0,1,0.7071067811865476,-0.7071067811865475,0
20,0,0,0,0,0,2.73,31.32,74.35,0.3286,9,8.77,29.79,0,0,0,-0.8660254037844386,0.5000000000000001,0
18,0,0,1,0,0,2.53,103.29,67.08,0.647,13,2.21,17.89,0,0,0,-1.0,-1.8369701987210297e-16,0
18,1,0,0,0,0,1.25,5.16,77.47,0.5492,17,6.53,7.09,1,0,1,-1.0,-1.8369701987210297e-16,0
16,4,0,0,0,0,0.73,101.53,52.03,0.4793,10,6.49,30.99,0,0,1,-0.8660254037844385,-0.5000000000000004,0
14,3,0,0,0,0,3.74,39.2,32.84,0.444,28,3.92,26.32,0,0,1,-0.4999999999999997,-0.8660254037844388,0
0,3,0,1,0,2,0.73,10.12,134.72,0.0056,5,48.04,186.57,1,1,2,0.0,1.0,1
16,4,0,0,0,0,4.09,114.95,73.68,0.3505,3,1.88,2.69,0,0,2,-0.8660254037844385,-0.5000000000000004,0
16,5,1,0,0,2,2.06,26.73,56.9,0.4555,10,2.81,28.92,0,0,1,-0.8660254037844385,-0.5000000000000004,0
11,4,0,0,0,0,1.25,59.82,56.55,0.3567,27,4.04,42.49,0,0,1,0.258819045102521,-0.9659258262890682,0
22,4,1,0,1,2,0.37,8.65,81.5,0.1069,5,32.0,164.54,1,1,0,-0.5000000000000004,0.8660254037844384,1
17,5,0,0,1,0,4.86,82.66,45.37,0.5497,27,8.6,19.7,1,0,0,-0.9659258262890683,-0.25881904510252063,0
10,2,0,0,1,0,1.58,46.64,47.91,0.461,7,1.01,2.19,1,0,1,0.49999999999999994,-0.8660254037844387,0
6,3,0,0,0,0,0.68,75.52,54.37,0.4513,4,9.62,42.85,0,0,2,1.0,6.123233995736766e-17,0
14,6,0,0,0,0,3.47,18.44,34.22,0.3411,2,4.92,8.32,0,0,2,-0.4999999999999997,-0.8660254037844388,0
10,5,0,0,0,0,3.98,75.61,55.36,0.6783,7,3.57,33.36,0,0,1,0.49999999999999994,-0.8660254037844387,0
7,4,1,1,0,5,0.99,4.89,36.53,0.2402,1,48.51,365.7,1,1,2,0.9659258262890683,-0.25881904510252063,1
16,4,0,0,0,1,4.24,74.75,74.42,0.6191,18,1.21,1.37,0,0,0,-0.8660254037844385,-0.5000000000000004,0
8,4,0,0,0,0,4.7,79.56,63.76,0.6413,22,1.49,10.92,0,0,1,0.8660254037844387,-0.4999999999999998,0
10,4,0,1,1,3,0.9,6.18,74.21,0.028,1,27.51,531.04,1,1,1,0.49999999999999994,-0.8660254037844387,1
13,0,0,0,0,0,4.6,25.38,61.62,0.6112,21,9.44,7.4,0,0,1,-0.2588190451025208,-0.9659258262890683,0
15,1,0,0,0,0,2.57,30.57,46.43,0.5075,14,5.86,13.51,0,0,0,-0.7071067811865471,-0.7071067811865479,0
11,0,0,0,0,2,3.22,17.5,35.13,0.4679,15,1.65,44.31,0,0,0,0.258819045102521,-0.9659258262890682,0
7,4,0,0,0,0,2.44,91.25,44.27,0.5084,22,4.73,9.93,0,0,0,0.9659258262890683,-0.25881904510252063,0
8,0,0,0,0,0,3.95,21.03,41.96,0.423,21,8.67,7.77,0,0,1,0.8660254037844387,-0.4999999999999998,0
5,1,0,0,0,0,0.71,57.95,60.11,0.3817,20,1.91,20.61,0,0,0,0.9659258262890683,0.25881904510252074,0
19,0,0,0,0,0,0.59,102.88,71.9,0.5424,30,7.13,45.84,0,0,2,-0.9659258262890684,0.2588190451025203,0
10,2,0,0,0,0,3.42,66.64,31.32,0.3603,20,6.86,3.94,0,0,0,0.49999999999999994,-0.8660254037844387,0
11,4,0,1,0,1,4.55,93.96,68.07,0.3597,26,9.0,34.03,0,0,0,0.258819045102521,-0.9659258262890682,0
6,1,0,0,0,0,2.03,78.03,56.71,0.3889,18,5.92,24.68,0,0,1,1.0,6.123233995736766e-17,0
14,4,0,0,0,1,2.98,66.56,58.45,0.3489,3,7.54,33.21,0,0,1,-0.4999999999999997,-0.8660254037844388,0
15,1,0,0,0,0,1.88,9.45,48.41,0.3834,30,7.88,11.78,0,0,1,-0.7071067811865471,-0.7071067811865479,0
5,5,1,1,1,3,0.44,12.19,54.25,0.1516,2,42.39,683.17,0,1,2,0.9659258262890683,0.25881904510252074,1
18,3,0,0,1,1,2.25,73.59,37.89,0.5709,6,9.66,5.15,0,0,0,-1.0,-1.8369701987210297e-16,0
10,1,0,0,0,0,4.27,64.27,74.01,0.5091,12,9.29,36.98,0,0,1,0.49999999999999994,-0.8660254037844387,0
17,2,0,0,1,0,3.04,40.78,48.89,0.4343,30,9.69,11.17,0,0,0,-0.9659258262890683,-0.25881904510252063,0
12,4,0,0,0,0,1.02,43.86,49.69,0.5934,23,1.92,32.78,0,0,1,1.2246467991473532e-16,-1.0,0
7,6,0,0,0,0,3.75,98.15,56.03,0.6449,29,7.56,13.27,0,0,0,0.9659258262890683,-0.25881904510252063,0
15,1,0,0,0,0,3.09,107.79,46.31,0.4173,18,3.09,33.38,0,0,2,-0.7071067811865471,-0.7071067811865479,0
10,2,0,0,0,0,4.17,33.85,49.55,0.5874,11,9.16,43.21,0,0,0,0.49999999999999994,-0.8660254037844387,0
18,4,0,0,0,0,0.83,54.58,30.46,0.558,26,6.74,6.35,0,0,0,-1.0,-1.8369701987210297e-16,0
19,1,0,0,0,0,3.51,54.73,69.01,0.3807,9,6.78,20.62,0,0,0,-0.9659258262890684,0.2588190451025203,0
15,0,0,0,0,0,1.39,72.44,62.71,0.4603,22,2.47,6.48,0,0,2,-0.7071067811865471,-0.7071067811865479,0
12,3,0,0,0,0,2.5,85.45,61.26,0.4239,25,1.58,47.97,0,0,0,1.2246467991473532e-16,-1.0,0
2,0,1,1,0,2,0.26,6.21,67.48,0.2682,1,34.15,526.49,1,1,0,0.49999999999999994,0.8660254037844387,1
4,1,1,0,1,4,0.79,11.63,145.59,0.08,4,20.93,360.36,0,1,0,0.8660254037844386,0.5000000000000001,1
18,4,0,0,1,0,4.16,47.33,78.39,0.599,18,8.88,36.7,0,0,1,-1.0,-1.8369701987210297e-16,0
19,5,0,0,0,1,0.6,80.88,38.32,0.5349,28,7.4,10.15,0,0,0,-0.9659258262890684,0.2588190451025203,0
18,1,0,0,1,0,0.51,20.35,65.74,0.6113,10,7.71,22.52,0,0,1,-1.0,-1.8369701987210297e-16,0
18,6,0,0,1,0,4.54,71.63,51.0,0.6944,29,4.71,16.01,0,0,0,-1.0,-1.8369701987210297e-16,0
6,2,0,0,0,0,2.67,87.13,51.36,0.4796,29,1.46,13.81,1,0,0,1.0,6.123233995736766e-17,0
19,5,0,0,0,0,1.58,71.13,42.9,0.4339,3,8.9,21.84,0,0,1,-0.9659258262890684,0.2588190451025203,0
18,4,1,0,0,0,2.55,81.02,78.3,0.432,19,5.83,3.01,0,0,2,-1.0,-1.8369701987210297e-16,0
4,6,1,1,1,3,0.79,14.59,69.87,0.2798,2,30.88,534.6,0,1,0,0.8660254037844386,0.5000000000000001,1
4,4,0,0,1,1,2.65,66.84,79.89,0.6906,30,9.12,23.16,0,0,1,0.8660254037844386,0.5000000000000001,0
9,5,0,0,0,0,4.58,26.27,63.02,0.4332,9,6.06,3.13,0,0,1,0.7071067811865476,-0.7071067811865475,0
16,4,0,0,0,0,3.56,13.03,49.16,0.568,27,6.19,5.95,0,0,1,-0.8660254037844385,-0.5000000000000004,0
11,3,1,1,1,2,0.92,3.47,76.37,0.1665,1,13.84,291.41,0,1,1,0.258819045102521,-0.9659258262890682,1
17,6,0,0,0,0,1.41,113.62,49.99,0.6089,28,3.96,32.86,1,0,1,-0.9659258262890683,-0.25881904510252063,0
11,6,1,0,0,0,3.31,43.23,32.42,0.5214,19,2.32,8.72,0,0,0,0.258819045102521,-0.9659258262890682,0
11,2,0,0,0,0,4.2,45.15,30.02,0.4609,17,1.11,11.13,0,0,1,0.258819045102521,-0.9659258262890682,0
16,3,0,0,0,0,3.85,43.19,34.23,0.4163,29,1.43,21.74,0,0,0,-0.8660254037844385,-0.5000000000000004,0
7,1,0,1,0,0,3.17,23.8,76.0,0.6964,28,8.35,21.1,0,0,0,0.9659258262890683,-0.25881904510252063,0
0,6,0,0,0,0,3.56,19.88,61.61,0.3994,15,6.8,44.57,0,0,0,0.0,1.0,0
13,1,1,0,1,0,0.73,6.08,101.45,0.2692,4,46.5,414.62,0,1,1,-0.2588190451025208,-0.9659258262890683,1
19,1,0,0,0,0,1.82,62.46,35.79,0.4122,12,7.67,26.0,0,0,2,-0.9659258262890684,0.2588190451025203,0
21,1,0,0,0,2,0.59,102.88,69.1,0.5166,27,1.49,35.01,0,0,0,-0.7071067811865477,0.7071067811865474,0
10,0,0,0,0,0,4.69,88.21,78.45,0.4514,23,1.55,45.01,0,0,1,0.49999999999999994,-0.8660254037844387,0
9,2,0,0,0,0,1.31,24.38,68.85,0.5483,12,8.55,14.35,0,0,0,0.7071067811865476,-0.7071067811865475,0
10,1,0,0,0,2,2.99,22.98,79.13,0.4874,20,3.56,28.24,0,0,0,0.49999999999999994,-0.8660254037844387,0
17,1,0,0,0,2,4.15,60.15,54.95,0.5215,3,10.0,1.0,0,0,1,-0.9659258262890683,-0.25881904510252063,0
5,0,0,0,0,0,3.28,63.75,54.13,0.4624,2,3.37,18.27,0,0,1,0.9659258262890683,0.25881904510252074,0
9,4,0,0,0,0,4.95,72.11,71.21,0.4168,26,4.05,34.35,0,0,0,0.7071067811865476,-0.7071067811865475,0
7,3,0,0,0,0,2.56,74.99,62.97,0.4838,27,5.41,44.1,0,0,0,0.9659258262890683,-0.25881904510252063,0
4,4,0,0,0,0,3.81,14.41,46.03,0.3124,26,3.05,26.96,0,0,0,0.8660254037844386,0.5000000000000001,0
7,1,0,0,1,1,0.63,50.76,66.55,0.5798,24,2.73,46.87,0,0,1,0.9659258262890683,-0.25881904510252063,0
8,2,0,0,0,0,4.62,15.0,49.07,0.6478,4,6.52,0.94,0,0,0,0.8660254037844387,-0.4999999999999998,0
21,6,0,0,0,0,3.97,86.0,45.0,0.6534,28,5.91,23.16,1,0,2,-0.7071067811865477,0.7071067811865474,0
20,3,0,0,0,0,2.38,49.88,72.33,0.3792,20,9.52,21.65,1,0,0,-0.8660254037844386,0.5000000000000001,0
19,4,0,0,0,0,3.23,90.62,34.03,0.6008,20,5.45,15.84,0,0,2,-0.9659258262890684,0.2588190451025203,0
13,1,0,1,0,1,3.93,116.03,78.8,0.5105,17,2.06,14.47,0,0,0,-0.2588190451025208,-0.9659258262890683,0
19,5,1,0,0,2,0.91,1.77,35.87,0.2427,5,35.76,402.98,1,1,0,-0.9659258262890684,0.2588190451025203,1
10,0,0,0,0,0,3.6,112.78,76.19,0.4613,23,2.98,43.86,0,0,1,0.49999999999999994,-0.8660254037844387,0
4,6,0,0,0,0,4.4,87.62,74.99,0.6627,2,9.74,19.57,0,0,0,0.8660254037844386,0.5000000000000001,0
11,1,0,0,0,0,4.03,76.71,41.96,0.3821,20,1.1,25.7,0,0,1,0.258819045102521,-0.9659258262890682,0
23,6,1,1,1,3,0.44,10.88,149.48,0.2577,5,36.36,698.97,1,1,2,-0.25881904510252157,0.9659258262890681,1
8,1,0,0,0,2,0.89,47.22,36.41,0.5023,30,5.05,40.58,1,0,2,0.8660254037844387,-0.4999999999999998,0
17,2,0,0,0,0,4.26,79.49,56.23,0.5584,24,2.38,40.9,0,0,0,-0.9659258262890683,-0.25881904510252063,0
12,1,0,0,0,0,4.32,89.41,72.89,0.5871,20,5.24,1.47,0,0,0,1.2246467991473532e-16,-1.0,0
19,4,1,0,0,2,2.6,78.22,65.84,0.3412,7,3.93,18.3,0,0,1,-0.9659258262890684,0.2588190451025203,0
13,1,0,0,1,0,3.62,84.09,35.71,0.3351,3,6.19,38.58,0,0,1,-0.2588190451025208,-0.9659258262890683,0
23,5,1,1,1,2,0.53,9.59,81.37,0.2085,2,19.02,547.41,0,1,2,-0.25881904510252157,0.9659258262890681,1
23,0,0,0,0,0,1.81,58.01,50.08,0.3072,30,6.47,1.25,0,0,0,-0.25881904510252157,0.9659258262890681,0
8,4,0,0,0,0,3.4,69.03,60.49,0.6365,27,7.33,46.32,0,0,0,0.8660254037844387,-0.4999999999999998,0
6,0,0,0,0,0,2.59,72.94,67.25,0.608,20,9.71,18.95,1,0,2,1.0,6.123233995736766e-17,0
16,0,0,0,0,0,0.55,119.08,62.87,0.3351,30,9.93,13.09,1,0,1,-0.8660254037844385,-0.5000000000000004,0
5,1,0,1,0,0,1.69,98.96,62.06,0.5834,3,5.15,0.89,1,0,2,0.9659258262890683,0.25881904510252074,0
23,0,0,0,0,0,1.51,72.34,73.86,0.5841,18,2.02,29.14,0,0,1,-0.25881904510252157,0.9659258262890681,0
23,0,0,0,0,0,3.89,10.54,68.39,0.3376,14,2.75,25.95,0,0,0,-0.25881904510252157,0.9659258262890681,0
8,4,0,0,0,0,4.89,68.88,33.0,0.6339,23,8.41,27.25,0,0,0,0.8660254037844387,-0.4999999999999998,0
9,6,0,0,0,0,4.58,104.43,73.28,0.5912,17,6.49,6.85,1,0,0,0.7071067811865476,-0.7071067811865475,0
6,5,0,1,0,0,2.03,31.86,46.88,0.637,17,8.83,13.84,0,0,1,1.0,6.123233995736766e-17,0
9,3,0,0,0,0,4.97,106.67,65.49,0.4224,26,1.67,22.35,0,0,1,0.7071067811865476,-0.7071067811865475,0
23,3,1,1,1,5,0.98,11.77,140.92,0.2069,3,35.56,554.51,1,1,1,-0.25881904510252157,0.9659258262890681,1
4,2,0,0,1,3,0.88,12.59,76.62,0.0865,5,18.62,675.54,0,1,2,0.8660254037844386,0.5000000000000001,1
14,1,0,0,0,0,2.0,74.54,39.3,0.434,24,2.8,19.69,0,0,2,-0.4999999999999997,-0.8660254037844388,0
15,3,0,0,0,0,4.37,106.16,48.06,0.6966,24,2.3,15.15,1,0,0,-0.7071067811865471,-0.7071067811865479,0
16,2,1,0,0,0,1.64,108.08,55.18,0.342,30,4.53,22.36,0,0,0,-0.8660254037844385,-0.5000000000000004,0
7,0,0,0,0,0,1.19,77.34,49.36,0.5601,17,5.49,32.97,0,0,1,0.9659258262890683,-0.25881904510252063,0
10,3,0,0,0,0,3.48,66.95,37.19,0.488,30,4.47,26.17,1,0,2,0.49999999999999994,-0.8660254037844387,0
16,6,0,0,0,0,1.12,36.17,77.76,0.5582,27,1.32,22.06,0,0,1,-0.8660254037844385,-0.5000000000000004,0
14,5,0,0,0,0,3.93,26.06,55.29,0.6497,18,1.12,6.38,1,0,0,-0.4999999999999997,-0.8660254037844388,0
22,0,1,0,1,1,0.35,5.12,80.34,0.1685,4,47.38,659.75,1,1,1,-0.5000000000000004,0.8660254037844384,1
7,2,0,1,0,0,2.02,12.9,65.93,0.6159,23,7.06,41.46,0,0,0,0.9659258262890683,-0.25881904510252063,0
13,4,0,0,0,0,3.17,21.58,52.5,0.4107,11,9.75,28.94,0,0,1,-0.2588190451025208,-0.9659258262890683,0
17,2,0,0,0,0,4.72,65.4,52.87,0.3261,25,6.66,24.68,0,0,1,-0.9659258262890683,-0.25881904510252063,0
12,0,0,0,0,0,2.53,27.47,45.55,0.5268,16,5.82,11.23,0,0,0,1.2246467991473532e-16,-1.0,0
18,3,0,0,1,0,4.46,28.74,75.98,0.3561,7,6.56,41.51,0,0,0,-1.0,-1.8369701987210297e-16,0
20,5,0,0,0,0,4.45,83.43,39.22,0.6995,25,9.66,0.68,0,0,0,-0.8660254037844386,0.5000000000000001,0
8,0,0,0,0,0,4.67,73.37,30.79,0.6998,22,9.27,41.26,0,0,1,0.8660254037844387,-0.4999999999999998,0
8,4,0,0,0,0,4.95,19.52,68.31,0.5614,3,5.64,31.89,1,0,1,0.8660254037844387,-0.4999999999999998,0
8,4,0,0,0,0,0.87,47.43,65.13,0.4571,26,2.2,6.31,0,0,0,0.8660254037844387,-0.4999999999999998,0
18,6,0,0,1,2,2.14,14.26,46.9,0.6971,15,6.9,39.49,0,0,0,-1.0,-1.8369701987210297e-16,0
23,5,0,0,0,0,1.45,78.55,64.51,0.4322,25,3.6,46.13,0,0,1,-0.25881904510252157,0.9659258262890681,0
15,6,0,0,0,0,4.7,106.77,44.97,0.6411,6,8.51,23.52,0,0,1,-0.7071067811865471,-0.7071067811865479,0
16,6,0,1,1,0,0.25,14.45,142.3,0.2031,5,37.99,666.56,1,1,0,-0.8660254037844385,-0.5000000000000004,1
16,4,0,0,0,0,3.02,37.61,63.44,0.4735,18,9.14,26.66,0,0,1,-0.8660254037844385,-0.5000000000000004,0
10,3,0,0,0,0,4.45,89.44,47.49,0.6995,12,4.88,40.84,0,0,0,0.49999999999999994,-0.8660254037844387,0
7,1,1,0,1,4,0.81,6.59,108.64,0.2604,5,22.05,649.44,1,1,0,0.9659258262890683,-0.25881904510252063,1
4,0,0,0,0,0,1.01,70.52,44.11,0.3476,3,9.87,45.11,0,0,2,0.8660254037844386,0.5000000000000001,0
18,0,1,0,0,0,0.6,101.35,55.36,0.6457,7,7.96,43.67,0,0,1,-1.0,-1.8369701987210297e-16,0
15,2,0,0,0,0,1.99,115.75,63.31,0.3861,20,2.36,13.66,0,0,0,-0.7071067811865471,-0.7071067811865479,0
19,6,1,0,0,0,4.4,57.51,49.59,0.5093,27,2.67,42.19,0,0,0,-0.9659258262890684,0.2588190451025203,0
14,1,0,0,0,1,4.83,87.62,70.96,0.4446,14,6.3,47.22,0,0,0,-0.4999999999999997,-0.8660254037844388,0
22,5,1,1,1,3,0.21,1.95,80.99,0.1767,4,19.38,182.71,1,1,1,-0.5000000000000004,0.8660254037844384,1
10,0,0,0,0,1,0.81,65.28,34.24,0.612,22,8.69,23.15,0,0,0,0.49999999999999994,-0.8660254037844387,0
11,0,0,0,0,0,1.46,58.18,32.85,0.4794,29,5.09,2.25,0,0,0,0.258819045102521,-0.9659258262890682,0
8,3,0,1,0,0,0.96,52.75,55.86,0.5899,5,9.5,43.32,0,0,0,0.8660254037844387,-0.4999999999999998,0
17,0,0,0,0,0,0.95,63.85,43.92,0.4476,17,6.3,44.8,0,0,0,-0.9659258262890683,-0.25881904510252063,0
15,2,1,0,0,0,3.71,13.87,73.55,0.5438,5,9.38,0.69,0,0,1,-0.7071067811865471,-0.7071067811865479,0
2,0,0,1,1,0,1.58,29.37,43.01,0.3202,25,3.78,0.6,0,0,1,0.49999999999999994,0.8660254037844387,0
8,0,0,0,1,0,4.35,22.09,38.86,0.5302,4,1.0,11.73,0,0,0,0.8660254037844387,-0.4999999999999998,0
9,4,0,0,0,0,3.06,33.06,68.45,0.5894,6,6.12,10.35,0,0,0,0.7071067811865476,-0.7071067811865475,0
7,1,1,0,0,0,2.02,28.53,63.53,0.4736,17,4.72,10.63,0,0,0,0.9659258262890683,-0.25881904510252063,0
16,6,0,1,0,0,1.86,65.24,55.07,0.3974,11,5.65,5.65,0,0,0,-0.8660254037844385,-0.5000000000000004,0
18,5,0,0,0,0,4.81,84.67,41.64,0.6314,14,2.07,4.77,0,0,0,-1.0,-1.8369701987210297e-16,0
14,1,0,0,0,0,1.76,76.86,39.4,0.3452,4,4.56,37.65,0,0,0,-0.4999999999999997,-0.8660254037844388,0
17,4,0,0,0,0,3.44,87.83,43.32,0.6446,8,7.27,10.9,0,0,2,-0.9659258262890683,-0.25881904510252063,0
19,2,0,0,0,0,4.2,7.5,77.33,0.6124,16,6.94,20.73,0,0,0,-0.9659258262890684,0.2588190451025203,0
16,1,0,0,0,1,4.94,32.69,50.55,0.4934,15,1.14,32.42,0,0,1,-0.8660254037844385,-0.5000000000000004,0
12,0,0,0,0,0,3.58,82.48,67.73,0.3168,13,3.94,20.43,0,0,1,1.2246467991473532e-16,-1.0,0
7,2,0,1,1,0,2.49,16.27,77.61,0.4272,26,5.12,17.13,0,0,1,0.9659258262890683,-0.25881904510252063,0
8,3,0,0,0,0,0.53,84.68,57.18,0.3234,4,7.81,2.43,0,0,1,0.8660254037844387,-0.4999999999999998,0
22,4,0,0,0,0,2.43,44.67,68.36,0.3407,12,8.65,24.45,0,0,0,-0.5000000000000004,0.8660254037844384,0
5,2,0,0,0,0,1.4,20.49,53.26,0.3655,25,8.6,43.53,0,0,2,0.9659258262890683,0.25881904510252074,0
2,5,1,1,1,3,0.45,11.01,115.45,0.1911,2,49.57,405.86,0,1,1,0.49999999999999994,0.8660254037844387,1
2,4,1,1,1,3,0.89,4.67,70.3,0.0944,4,36.12,557.87,0,0,1,0.49999999999999994,0.8660254037844387,1
20,6,0,0,0,0,2.36,62.53,53.92,0.4731,15,7.08,9.27,0,0,0,-0.8660254037844386,0.5000000000000001,0
15,0,0,1,0,0,1.56,109.54,37.79,0.5969,7,7.49,39.88,0,0,0,-0.7071067811865471,-0.7071067811865479,0
10,6,0,0,1,0,1.9,23.22,34.12,0.325,3,7.52,4.37,1,0,1,0.49999999999999994,-0.8660254037844387,0
6,5,0,1,0,0,1.93,52.5,74.25,0.5726,20,7.99,40.06,0,0,0,1.0,6.123233995736766e-17,0
16,5,0,0,1,2,3.18,34.64,49.61,0.3785,8,6.06,8.69,0,0,1,-0.8660254037844385,-0.5000000000000004,0
5,3,0,0,0,1,3.74,27.91,46.4,0.5802,9,3.94,40.83,0,0,1,0.9659258262890683,0.25881904510252074,0
19,5,0,0,0,0,4.92,67.63,37.55,0.5371,11,2.19,8.01,0,0,0,-0.9659258262890684,0.2588190451025203,0
11,0,1,0,0,4,0.51,8.02,147.6,0.2258,3,45.03,262.38,1,0,0,0.258819045102521,-0.9659258262890682,1
23,4,0,1,0,0,3.7,31.35,64.41,0.6235,13,4.05,30.99,0,0,1,-0.25881904510252157,0.9659258262890681,0
22,3,0,0,1,0,1.88,94.94,47.59,0.5718,15,1.15,9.19,0,0,0,-0.5000000000000004,0.8660254037844384,0
20,4,0,0,0,1,4.16,73.12,69.0,0.6786,20,8.8,3.16,0,0,2,-0.8660254037844386,0.5000000000000001,0
7,3,0,0,0,0,4.67,117.11,62.69,0.5213,18,8.48,35.28,1,0,2,0.9659258262890683,-0.25881904510252063,0
14,2,0,0,0,0,3.48,32.89,38.19,0.3577,4,7.08,29.93,0,0,0,-0.4999999999999997,-0.8660254037844388,0
12,3,0,0,0,0,3.85,67.73,78.03,0.6085,2,7.45,27.66,0,0,1,1.2246467991473532e-16,-1.0,0
17,4,0,0,0,0,1.27,99.2,70.25,0.4632,27,7.56,14.61,0,0,1,-0.9659258262890683,-0.25881904510252063,0
19,4,0,0,0,0,4.81,43.75,53.09,0.4929,2,9.87,23.9,0,0,0,-0.9659258262890684,0.2588190451025203,0
8,3,0,0,0,0,3.77,112.76,62.03,0.6696,10,1.9,21.38,0,0,0,0.8660254037844387,-0.4999999999999998,0
18,3,0,0,0,0,1.81,35.96,43.83,0.5354,12,3.76,19.21,0,0,0,-1.0,-1.8369701987210297e-16,0
11,6,0,0,0,0,3.3,46.6,61.13,0.4765,29,8.72,41.29,0,0,1,0.258819045102521,-0.9659258262890682,0
9,3,0,1,0,1,4.81,66.95,42.77,0.6653,6,8.76,14.27,0,0,0,0.7071067811865476,-0.7071067811865475,0
15,4,0,0,1,0,3.27,103.85,68.75,0.4536,28,9.65,4.48,0,0,1,-0.7071067811865471,-0.7071067811865479,0
8,3,1,1,0,0,1.61,72.38,50.0,0.3589,30,3.82,6.45,0,0,1,0.8660254037844387,-0.4999999999999998,0
11,1,0,0,0,1,1.03,108.33,34.59,0.6136,14,2.71,27.98,0,0,1,0.258819045102521,-0.9659258262890682,0
6,3,0,0,0,2,2.39,16.12,39.36,0.4556,27,4.09,22.96,0,0,1,1.0,6.123233995736766e-17,0
20,4,0,0,0,0,1.36,17.23,68.9,0.4817,18,3.93,26.32,1,0,1,-0.8660254037844386,0.5000000000000001,0
11,1,0,0,0,1,4.57,84.81,61.52,0.6599,5,8.16,47.28,0,0,1,0.258819045102521,-0.9659258262890682,0
15,5,1,1,1,3,0.95,4.69,22.87,0.1848,2,25.06,672.7,1,1,1,-0.7071067811865471,-0.7071067811865479,1
2,0,1,1,0,3,0.44,7.22,79.23,0.1517,4,16.04,687.65,1,1,1,0.49999999999999994,0.8660254037844387,1
0,0,1,1,0,5,0.46,5.55,111.21,0.1513,5,10.03,392.29,0,1,1,0.0,1.0,1
18,5,0,0,1,0,2.8,17.34,54.74,0.5544,17,9.28,10.76,0,0,0,-1.0,-1.8369701987210297e-16,0
16,4,0,0,0,0,2.68,106.64,60.6,0.3378,27,6.19,38.11,0,0,2,-0.8660254037844385,-0.5000000000000004,0
22,5,0,0,0,0,4.02,60.06,67.29,0.3045,2,5.38,5.41,0,0,0,-0.5000000000000004,0.8660254037844384,0
14,2,1,0,0,0,2.67,61.77,65.92,0.4729,26,7.89,29.17,0,0,2,-0.4999999999999997,-0.8660254037844388,0
11,5,0,0,0,0,3.47,32.29,46.13,0.3436,11,4.06,0.54,0,0,1,0.258819045102521,-0.9659258262890682,0
9,6,0,0,1,0,3.66,18.6,48.6,0.4896,26,8.54,13.32,0,0,1,0.7071067811865476,-0.7071067811865475,0
14,4,0,0,0,1,2.16,69.3,63.14,0.443,20,9.63,30.32,0,0,2,-0.4999999999999997,-0.8660254037844388,0
17,1,0,0,0,0,1.85,67.62,40.06,0.473,5,9.71,18.08,1,0,0,-0.9659258262890683,-0.25881904510252063,0
19,2,0,0,0,0,3.88,100.08,74.17,0.6219,2,9.71,17.31,0,0,1,-0.9659258262890684,0.2588190451025203,0
18,6,0,0,0,0,1.94,77.47,30.25,0.4439,7,9.63,25.17,0,0,0,-1.0,-1.8369701987210297e-16,0
20,3,0,0,0,0,0.74,10.01,79.67,0.5999,6,3.78,38.08,0,0,0,-0.8660254037844386,0.5000000000000001,0
0,0,0,0,0,0,4.98,54.75,68.3,0.5947,16,5.34,1.31,0,0,1,0.0,1.0,0
0,4,0,0,0,0,3.57,108.96,65.96,0.3368,15,1.73,31.9,0,0,1,0.0,1.0,0
13,1,0,0,0,2,2.06,78.77,48.6,0.6001,7,5.62,11.65,0,0,1,-0.2588190451025208,-0.9659258262890683,0
12,4,0,0,0,0,2.89,61.97,46.0,0.6825,3,1.53,0.66,1,0,1,1.2246467991473532e-16,-1.0,0
4,3,1,0,1,4,0.35,3.82,121.94,0.0413,2,20.49,661.94,1,1,1,0.8660254037844386,0.5000000000000001,1
23,3,0,0,0,0,0.9,21.93,41.46,0.6217,24,3.62,2.2,0,0,0,-0.25881904510252157,0.9659258262890681,0
20,2,0,0,0,2,1.74,75.48,70.85,0.6739,4,5.5,14.55,0,0,1,-0.8660254037844386,0.5000000000000001,0
13,2,1,1,0,2,0.68,2.39,61.89,0.1709,4,15.5,533.69,1,1,1,-0.2588190451025208,-0.9659258262890683,1
23,5,1,1,1,4,0.03,9.32,32.32,0.1905,2,18.23,572.66,1,1,2,-0.25881904510252157,0.9659258262890681,1
18,5,0,0,0,0,2.31,76.43,79.76,0.5557,11,3.28,18.12,0,0,1,-1.0,-1.8369701987210297e-16,0
12,0,0,0,1,0,1.65,5.98,71.21,0.3301,21,7.9,37.37,0,0,2,1.2246467991473532e-16,-1.0,0
11,1,0,0,0,0,4.3,40.9,62.44,0.5316,23,6.38,24.9,0,0,1,0.258819045102521,-0.9659258262890682,0
8,4,0,0,0,0,4.97,51.99,70.76,0.4758,3,5.56,45.77,0,0,0,0.8660254037844387,-0.4999999999999998,0
20,6,0,0,0,0,1.56,48.43,34.52,0.5219,6,1.76,36.15,1,0,1,-0.8660254037844386,0.5000000000000001,0
4,4,0,0,0,0,3.51,99.12,32.85,0.5325,5,9.18,14.59,0,0,0,0.8660254037844386,0.5000000000000001,0
22,6,0,0,0,1,3.9,63.89,74.69,0.4971,3,1.73,41.2,0,0,0,-0.5000000000000004,0.8660254037844384,0
2,2,1,1,1,3,0.71,8.72,12.14,0.0545,4,36.14,416.45,1,1,1,0.49999999999999994,0.8660254037844387,1
8,5,0,0,0,0,1.56,97.83,34.66,0.408,20,8.58,5.89,0,0,0,0.8660254037844387,-0.4999999999999998,0
13,3,0,0,1,0,2.74,116.93,47.59,0.6367,28,1.12,6.56,0,0,1,-0.2588190451025208,-0.9659258262890683,0
13,2,0,0,0,1,0.67,69.08,31.35,0.5815,10,2.45,19.91,0,0,1,-0.2588190451025208,-0.9659258262890683,0
22,0,0,0,1,0,1.7,57.05,48.94,0.6187,3,8.69,23.42,0,0,2,-0.5000000000000004,0.8660254037844384,0
19,5,0,0,0,0,1.28,18.56,78.46,0.5434,16,4.95,18.12,0,0,0,-0.9659258262890684,0.2588190451025203,0
15,6,0,0,0,0,2.97,109.96,47.71,0.5689,13,8.92,39.74,0,0,0,-0.7071067811865471,-0.7071067811865479,0
9,6,0,0,0,0,4.97,87.66,44.87,0.3721,8,1.35,43.47,0,0,0,0.7071067811865476,-0.7071067811865475,0
12,2,1,1,1,4,0.69,0.91,55.33,0.1357,1,20.89,471.93,1,1,1,1.2246467991473532e-16,-1.0,1
16,5,0,1,0,0,3.77,45.31,61.8,0.4724,17,1.22,1.88,0,0,1,-0.8660254037844385,-0.5000000000000004,0
15,2,0,1,1,5,0.26,10.16,55.25,0.1712,2,22.14,335.81,1,1,0,-0.7071067811865471,-0.7071067811865479,1
16,4,0,0,0,2,1.02,71.0,42.22,0.3388,7,2.2,15.38,1,0,0,-0.8660254037844385,-0.5000000000000004,0
3,3,0,0,0,0,1.57,67.97,53.56,0.5137,8,2.09,39.39,0,0,2,0.7071067811865476,0.7071067811865476,0
15,3,0,0,0,0,4.1,66.62,70.06,0.4283,8,7.98,6.35,0,0,0,-0.7071067811865471,-0.7071067811865479,0
19,1,0,0,0,1,3.99,15.06,66.94,0.3722,30,1.65,28.21,0,0,2,-0.9659258262890684,0.2588190451025203,0
6,0,0,1,0,0,3.18,80.68,40.64,0.5807,19,7.49,0.77,0,0,2,1.0,6.123233995736766e-17,0
20,2,1,1,1,4,0.84,10.27,93.63,0.0193,1,20.15,596.6,0,1,2,-0.8660254037844386,0.5000000000000001,1
17,4,0,0,0,2,3.09,10.78,40.11,0.3005,26,5.68,27.36,0,0,1,-0.9659258262890683,-0.25881904510252063,0
6,6,0,0,0,0,3.78,42.74,76.71,0.4207,11,2.49,13.71,0,0,0,1.0,6.123233995736766e-17,0
15,4,0,0,0,1,2.97,79.91,37.13,0.4972,16,5.0,15.08,1,0,1,-0.7071067811865471,-0.7071067811865479,0
17,2,1,0,0,0,3.06,116.73,31.14,0.5482,9,4.64,8.11,0,0,0,-0.9659258262890683,-0.25881904510252063,0
8,0,0,0,0,0,4.46,10.12,63.27,0.4063,28,7.38,38.84,0,0,0,0.8660254037844387,-0.4999999999999998,0
3,0,0,1,0,0,0.91,9.49,71.66,0.6702,23,2.44,34.74,1,0,0,0.7071067811865476,0.7071067811865476,0
16,2,0,0,0,0,4.73,78.49,44.09,0.3387,13,7.17,5.66,0,0,2,-0.8660254037844385,-0.5000000000000004,0
22,2,1,1,0,2,0.76,5.33,17.62,0.2351,1,25.18,176.15,1,1,1,-0.5000000000000004,0.8660254037844384,1
21,1,0,0,0,0,2.66,28.67,71.07,0.3914,7,7.18,33.5,0,0,0,-0.7071067811865477,0.7071067811865474,0
10,5,0,0,0,0,1.43,50.5,33.78,0.4687,8,6.52,47.11,1,0,2,0.49999999999999994,-0.8660254037844387,0
9,2,0,0,0,0,1.62,76.37,33.85,0.6105,21,5.52,46.03,0,0,1,0.7071067811865476,-0.7071067811865475,0
5,1,0,0,1,0,4.27,14.88,64.79,0.3371,27,4.08,5.85,0,0,0,0.9659258262890683,0.25881904510252074,0
18,3,0,0,1,1,0.94,107.9,55.68,0.4997,9,1.62,38.82,1,0,1,-1.0,-1.8369701987210297e-16,0
17,3,0,0,0,0,4.85,98.37,47.53,0.3462,15,4.25,1.8,0,0,1,-0.9659258262890683,-0.25881904510252063,0
17,5,0,0,0,2,3.84,102.53,64.1,0.6492,3,2.84,9.14,1,0,0,-0.9659258262890683,-0.25881904510252063,0
9,4,0,0,0,0,3.93,17.24,59.77,0.5318,30,4.59,23.54,0,0,2,0.7071067811865476,-0.7071067811865475,0
13,5,0,0,0,0,1.17,112.54,37.89,0.4658,17,6.89,11.36,0,0,0,-0.2588190451025208,-0.9659258262890683,0
23,5,0,0,0,0,1.07,80.78,71.45,0.5718,3,2.28,17.85,0,0,1,-0.25881904510252157,0.9659258262890681,0
16,1,0,0,0,0,0.87,11.65,43.91,0.4472,19,6.93,32.12,0,0,0,-0.8660254037844385,-0.5000000000000004,0
15,2,0,0,0,0,3.81,64.44,39.4,0.5468,22,4.83,32.64,1,0,0,-0.7071067811865471,-0.7071067811865479,0
12,2,0,0,0,0,3.41,45.57,71.47,0.5236,17,1.63,16.85,0,0,1,1.2246467991473532e-16,-1.0,0
1,4,0,0,0,0,0.66,60.96,66.74,0.6937,28,8.15,14.66,0,0,0,0.25881904510252074,0.9659258262890683,0
22,6,0,0,0,0,0.86,32.14,53.28,0.6762,8,6.12,23.4,0,0,2,-0.5000000000000004,0.8660254037844384,0
16,6,0,0,0,0,1.34,64.99,53.79,0.4103,23,5.35,18.0,0,0,1,-0.8660254037844385,-0.5000000000000004,0
10,3,0,0,0,0,4.82,116.57,61.59,0.5828,2,3.93,28.86,0,0,1,0.49999999999999994,-0.8660254037844387,0
16,2,0,1,0,0,2.13,60.99,61.77,0.3296,29,7.05,1.43,0,0,2,-0.8660254037844385,-0.5000000000000004,0
16,6,0,1,0,0,0.68,26.88,71.88,0.4384,2,2.04,14.9,0,0,0,-0.8660254037844385,-0.5000000000000004,0
14,0,0,0,1,0,3.71,103.11,39.0,0.3707,3,7.48,47.81,0,0,0,-0.4999999999999997,-0.8660254037844388,0
8,3,0,0,0,0,4.49,52.95,36.98,0.5513,20,3.57,13.33,1,0,0,0.8660254037844387,-0.4999999999999998,0
9,0,0,0,0,2,3.99,84.22,74.22,0.3818,13,1.6,45.76,0,0,0,0.7071067811865476,-0.7071067811865475,0
21,1,0,0,0,0,2.97,116.27,63.77,0.3083,6,4.99,10.05,0,0,0,-0.7071067811865477,0.7071067811865474,0
18,2,1,1,1,1,0.96,8.59,82.12,0.0776,1,16.23,549.09,0,1,2,-1.0,-1.8369701987210297e-16,1
23,3,0,0,0,0,2.6,107.48,73.92,0.674,9,1.15,7.86,0,0,1,-0.25881904510252157,0.9659258262890681,0
6,5,1,0,0,0,0.79,18.54,68.98,0.398,22,8.65,33.94,0,0,0,1.0,6.123233995736766e-17,0
8,3,1,0,0,0,4.69,12.21,68.61,0.4275,2,5.92,21.16,0,0,2,0.8660254037844387,-0.4999999999999998,0
2,1,0,0,0,0,1.13,59.26,74.82,0.542,13,3.29,17.87,0,0,1,0.49999999999999994,0.8660254037844387,0
23,6,0,1,0,0,0.81,74.58,55.3,0.5583,8,2.66,13.23,0,0,1,-0.25881904510252157,0.9659258262890681,0
10,2,0,0,0,0,4.14,110.94,53.27,0.6498,16,7.11,17.12,0,0,1,0.49999999999999994,-0.8660254037844387,0
15,1,0,1,0,0,4.13,89.23,74.92,0.6232,25,1.59,41.2,0,0,0,-0.7071067811865471,-0.7071067811865479,0
10,6,0,0,0,0,4.17,56.75,49.8,0.5562,4,5.43,22.7,0,0,1,0.49999999999999994,-0.8660254037844387,0
9,4,0,0,0,1,1.55,63.47,53.52,0.5188,9,4.37,39.01,0,0,0,0.7071067811865476,-0.7071067811865475,0
13,0,0,0,0,0,2.45,94.51,36.59,0.567,26,7.68,18.55,0,0,0,-0.2588190451025208,-0.9659258262890683,0
8,3,0,0,0,0,1.63,108.71,58.41,0.6122,27,1.31,21.36,0,0,1,0.8660254037844387,-0.4999999999999998,0
19,5,0,0,0,1,4.0,95.5,49.05,0.5459,20,7.69,15.44,0,0,0,-0.9659258262890684,0.2588190451025203,0
23,3,0,0,0,0,0.57,79.15,30.57,0.418,18,9.83,30.74,0,0,0,-0.25881904510252157,0.9659258262890681,0
8,6,1,1,1,5,0.61,9.18,69.02,0.1268,5,33.39,231.49,0,1,0,0.8660254037844387,-0.4999999999999998,1
15,4,0,0,0,0,4.91,39.07,73.27,0.584,13,5.17,30.2,0,0,1,-0.7071067811865471,-0.7071067811865479,0
14,5,0,0,0,0,2.08,87.57,33.34,0.6595,25,4.53,24.04,0,0,0,-0.4999999999999997,-0.8660254037844388,0
3,6,1,1,0,2,0.25,1.76,123.97,0.1349,5,26.79,298.12,0,1,2,0.7071067811865476,0.7071067811865476,1
5,1,1,1,1,3,0.48,3.82,107.71,0.0601,2,21.19,439.14,1,1,1,0.9659258262890683,0.25881904510252074,1
11,0,0,0,0,0,2.45,17.36,60.86,0.5413,22,8.83,15.72,0,0,0,0.258819045102521,-0.9659258262890682,0
21,2,0,0,0,0,3.79,67.83,75.93,0.4604,6,6.89,39.47,0,0,1,-0.7071067811865477,0.7071067811865474,0
9,5,0,1,1,0,4.51,17.77,37.94,0.412,3,6.49,10.46,1,0,1,0.7071067811865476,-0.7071067811865475,0
16,1,0,0,0,1,1.85,70.27,55.39,0.342,18,2.74,5.59,0,0,1,-0.8660254037844385,-0.5000000000000004,0
18,2,0,0,0,0,4.93,62.64,56.25,0.5766,10,8.16,6.86,0,0,1,-1.0,-1.8369701987210297e-16,0
3,4,1,1,0,3,1.0,14.85,148.14,0.1638,2,47.45,131.03,1,1,1,0.7071067811865476,0.7071067811865476,1
18,6,0,1,0,2,4.01,103.15,65.35,0.4924,26,7.31,29.22,0,0,0,-1.0,-1.8369701987210297e-16,0
14,4,1,1,0,2,0.84,6.93,40.73,0.0381,3,30.32,212.72,0,1,0,-0.4999999999999997,-0.8660254037844388,1
1,6,1,1,1,2,0.99,9.23,92.57,0.2683,3,48.73,244.48,0,1,0,0.25881904510252074,0.9659258262890683,1
15,1,1,1,1,3,0.06,1.26,113.08,0.1032,2,37.97,199.59,1,1,1,-0.7071067811865471,-0.7071067811865479,1
17,5,0,0,0,0,2.75,53.7,66.33,0.3369,24,5.01,12.95,0,0,0,-0.9659258262890683,-0.25881904510252063,0
17,4,0,0,1,0,3.77,39.28,60.76,0.4171,28,5.84,33.23,0,0,0,-0.9659258262890683,-0.25881904510252063,0
16,4,0,1,0,1,4.73,47.33,62.46,0.5608,27,9.61,2.45,0,0,1,-0.8660254037844385,-0.5000000000000004,0
20,2,0,0,0,0,2.22,67.42,79.51,0.5236,9,2.2,14.45,0,0,0,-0.8660254037844386,0.5000000000000001,0
12,4,1,0,0,1,1.86,51.36,49.65,0.5083,3,2.01,47.39,1,0,0,1.2246467991473532e-16,-1.0,0
18,2,0,0,0,0,4.97,113.62,54.96,0.6264,24,5.6,44.37,0,0,1,-1.0,-1.8369701987210297e-16,0
16,0,0,0,0,0,0.53,5.81,78.47,0.5949,25,9.72,28.84,0,0,0,-0.8660254037844385,-0.5000000000000004,0
17,2,0,0,1,1,3.99,32.04,50.62,0.4559,19,5.42,14.56,0,0,0,-0.9659258262890683,-0.25881904510252063,0
17,3,1,1,1,3,0.39,11.8,69.85,0.1855,1,39.06,339.48,1,1,1,-0.9659258262890683,-0.25881904510252063,1
13,6,0,1,0,0,2.89,19.97,48.64,0.3209,20,9.92,37.51,0,0,1,-0.2588190451025208,-0.9659258262890683,0
22,6,0,0,0,1,2.61,60.37,71.01,0.4338,13,1.53,46.09,0,0,0,-0.5000000000000004,0.8660254037844384,0
20,5,0,0,1,0,4.75,79.81,39.83,0.3937,25,4.54,22.82,0,0,1,-0.8660254037844386,0.5000000000000001,0
22,3,0,1,0,2,2.62,16.6,75.82,0.4854,3,1.63,43.14,0,0,2,-0.5000000000000004,0.8660254037844384,0
4,0,1,1,0,0,0.62,6.32,132.68,0.1971,3,15.24,630.05,0,1,1,0.8660254037844386,0.5000000000000001,1
12,5,0,0,0,0,3.29,48.65,52.34,0.4333,10,2.0,6.82,1,0,0,1.2246467991473532e-16,-1.0,0
6,0,0,0,0,0,3.92,36.96,70.53,0.652,3,2.5,5.81,0,0,1,1.0,6.123233995736766e-17,0
16,0,0,0,1,0,2.62,41.91,51.51,0.3017,24,4.25,4.82,0,0,0,-0.8660254037844385,-0.5000000000000004,0
14,5,0,0,0,0,3.77,13.63,74.04,0.3671,22,4.74,20.48,0,0,2,-0.4999999999999997,-0.8660254037844388,0
17,0,1,0,1,2,4.11,89.2,41.88,0.476,15,3.83,2.19,0,0,1,-0.9659258262890683,-0.25881904510252063,0
19,5,0,0,0,0,3.61,72.95,37.93,0.5445,9,9.55,20.65,0,0,0,-0.9659258262890684,0.2588190451025203,0
5,3,0,1,0,0,0.81,9.25,116.49,0.1484,3,49.24,363.43,0,1,1,0.9659258262890683,0.25881904510252074,1
10,6,1,0,1,0,0.52,12.44,100.77,0.2979,1,45.34,349.23,1,1,1,0.49999999999999994,-0.8660254037844387,1
20,5,0,0,0,0,4.6,22.05,62.43,0.3065,27,4.15,14.98,1,0,0,-0.8660254037844386,0.5000000000000001,0
1,6,1,1,1,1,0.55,6.77,69.14,0.1076,4,45.74,362.97,1,1,1,0.25881904510252074,0.9659258262890683,1
1,3,0,0,0,0,2.89,68.07,70.23,0.6538,17,3.25,32.59,0,0,1,0.25881904510252074,0.9659258262890683,0
9,1,0,1,1,3,0.21,14.01,14.67,0.2847,1,14.5,216.98,0,1,0,0.7071067811865476,-0.7071067811865475,1
19,4,0,0,0,0,4.32,9.98,75.84,0.5439,23,3.1,28.26,0,0,0,-0.9659258262890684,0.2588190451025203,0
18,1,0,0,0,0,2.69,84.51,59.15,0.561,9,1.39,17.55,0,0,1,-1.0,-1.8369701987210297e-16,0
7,6,0,0,0,0,4.08,23.81,34.71,0.3454,12,5.15,40.85,0,0,1,0.9659258262890683,-0.25881904510252063,0
20,5,0,0,0,2,3.96,97.26,51.24,0.5936,18,5.92,17.5,0,0,0,-0.8660254037844386,0.5000000000000001,0
15,0,0,0,0,0,4.6,48.25,61.79,0.6745,16,9.33,11.71,0,0,0,-0.7071067811865471,-0.7071067811865479,0
15,1,0,0,0,0,1.2,17.38,37.94,0.3196,14,7.24,30.53,0,0,1,-0.7071067811865471,-0.7071067811865479,0
19,5,0,0,1,1,1.23,46.04,65.86,0.6562,19,8.27,41.21,0,0,1,-0.9659258262890684,0.2588190451025203,0
15,3,0,0,0,0,1.2,32.17,73.83,0.3057,3,4.3,5.02,0,0,1,-0.7071067811865471,-0.7071067811865479,0
14,4,0,0,0,1,1.83,32.35,67.3,0.3409,28,9.42,20.96,0,0,2,-0.4999999999999997,-0.8660254037844388,0
15,6,0,1,0,0,3.5,60.22,63.45,0.4393,29,2.14,34.72,1,0,0,-0.7071067811865471,-0.7071067811865479,0
18,3,0,0,0,0,2.73,35.93,43.37,0.6172,10,6.3,6.09,0,0,0,-1.0,-1.8369701987210297e-16,0
10,0,0,0,0,0,0.59,49.79,65.58,0.3824,17,5.45,33.91,0,0,1,0.49999999999999994,-0.8660254037844387,0
15,4,0,0,0,0,2.25,95.51,46.75,0.6741,2,2.59,24.58,0,0,0,-0.7071067811865471,-0.7071067811865479,0
6,0,0,0,1,0,0.84,8.14,41.11,0.381,9,1.24,10.49,0,0,0,1.0,6.123233995736766e-17,0
13,3,0,0,1,1,3.78,29.27,75.93,0.3921,21,9.44,27.54,0,0,0,-0.2588190451025208,-0.9659258262890683,0
16,3,0,0,0,0,2.24,82.67,38.51,0.4898,12,2.56,10.12,0,0,1,-0.8660254037844385,-0.5000000000000004,0
10,3,0,0,0,0,2.72,10.37,31.21,0.4129,25,8.89,30.8,0,0,0,0.49999999999999994,-0.8660254037844387,0
17,1,1,0,0,0,0.54,13.18,31.09,0.57,20,2.28,36.17,0,0,1,-0.9659258262890683,-0.25881904510252063,0
23,3,1,0,1,0,0.82,14.23,112.48,0.2343,1,12.66,326.27,1,1,0,-0.25881904510252157,0.9659258262890681,1
17,1,0,1,0,0,0.89,94.47,69.9,0.3545,23,2.3,25.37,0,0,1,-0.9659258262890683,-0.25881904510252063,0
9,6,0,0,0,2,3.94,58.88,69.38,0.4331,16,2.66,30.63,0,0,0,0.7071067811865476,-0.7071067811865475,0
21,1,0,1,0,4,0.96,0.68,63.21,0.2925,3,48.69,674.56,1,1,1,-0.7071067811865477,0.7071067811865474,1
17,2,0,0,0,0,2.91,74.45,55.69,0.6882,29,3.44,43.67,0,0,1,-0.9659258262890683,-0.25881904510252063,0
20,2,0,1,0,0,4.95,85.31,79.35,0.365,29,9.79,47.37,0,0,0,-0.8660254037844386,0.5000000000000001,0
11,5,0,0,0,1,3.0,22.01,34.2,0.4604,26,1.66,8.65,0,0,0,0.258819045102521,-0.9659258262890682,0
16,6,0,0,0,0,0.85,54.0,31.25,0.5178,13,6.51,17.14,0,0,1,-0.8660254037844385,-0.5000000000000004,0
7,0,0,0,0,1,1.46,109.09,47.61,0.3293,30,2.37,22.48,0,0,2,0.9659258262890683,-0.25881904510252063,0
17,3,0,1,0,0,3.15,11.7,34.72,0.6644,16,4.59,39.98,0,0,1,-0.9659258262890683,-0.25881904510252063,0
20,2,0,0,0,0,1.24,105.7,57.26,0.3734,12,8.69,38.7,0,0,1,-0.8660254037844386,0.5000000000000001,0
18,6,0,0,0,0,2.68,92.1,37.42,0.697,13,2.7,38.76,0,0,1,-1.0,-1.8369701987210297e-16,0
6,1,0,0,1,0,0.74,8.41,76.13,0.6252,13,6.51,35.16,0,0,0,1.0,6.123233995736766e-17,0
18,5,0,0,0,0,3.49,83.72,67.89,0.4409,13,3.34,30.89,0,0,1,-1.0,-1.8369701987210297e-16,0
22,6,0,1,1,1,0.3,7.05,136.63,0.0398,2,15.98,199.03,0,1,1,-0.5000000000000004,0.8660254037844384,1
13,5,0,0,0,0,3.12,52.25,61.66,0.6026,10,2.56,26.23,0,0,1,-0.2588190451025208,-0.9659258262890683,0
9,6,0,0,0,0,4.01,116.1,69.45,0.447,27,3.98,9.8,0,0,0,0.7071067811865476,-0.7071067811865475,0
21,0,0,0,0,0,3.63,78.96,76.46,0.4154,9,2.47,34.21,0,0,1,-0.7071067811865477,0.7071067811865474,0
19,4,0,0,0,0,3.91,61.69,32.83,0.687,16,4.24,13.44,0,0,0,-0.9659258262890684,0.2588190451025203,0
11,5,1,1,1,1,0.68,5.08,125.35,0.0202,5,11.58,707.15,0,1,1,0.258819045102521,-0.9659258262890682,1
17,6,0,0,0,0,0.74,13.73,34.11,0.6275,29,3.9,45.83,0,0,0,-0.9659258262890683,-0.25881904510252063,0
9,6,0,0,0,0,4.68,61.14,39.09,0.3513,5,5.59,39.36,0,0,0,0.7071067811865476,-0.7071067811865475,0
20,3,0,0,1,0,3.99,42.01,64.74,0.4968,7,1.06,35.44,0,0,0,-0.8660254037844386,0.5000000000000001,0
10,2,0,0,0,0,1.87,95.53,70.48,0.3318,22,2.32,40.51,0,0,0,0.49999999999999994,-0.8660254037844387,0
14,6,0,0,0,0,4.29,61.47,34.54,0.488,21,6.46,46.57,0,0,1,-0.4999999999999997,-0.8660254037844388,0
2,4,1,1,1,4,0.65,7.77,25.72,0.088,2,17.84,147.23,1,1,1,0.49999999999999994,0.8660254037844387,1
11,1,0,0,0,2,3.62,39.42,68.62,0.6309,18,6.16,39.9,0,0,1,0.258819045102521,-0.9659258262890682,0
10,0,0,0,0,0,3.18,100.12,65.31,0.4506,4,2.02,0.59,0,0,1,0.49999999999999994,-0.8660254037844387,0
17,0,1,0,1,0,1.67,25.11,67.98,0.661,22,1.04,11.44,0,0,2,-0.9659258262890683,-0.25881904510252063,0
20,1,0,0,0,0,2.9,48.52,39.9,0.4694,20,3.26,44.54,0,0,1,-0.8660254037844386,0.5000000000000001,0
20,4,0,1,0,0,4.38,69.32,74.52,0.3778,29,1.84,10.69,0,0,1,-0.8660254037844386,0.5000000000000001,0
13,3,0,0,0,0,1.96,7.35,64.63,0.5597,12,2.68,17.23,1,0,0,-0.2588190451025208,-0.9659258262890683,0
19,1,0,0,0,0,1.69,72.87,47.57,0.3216,28,7.85,37.89,0,0,0,-0.9659258262890684,0.2588190451025203,0
17,6,1,0,0,0,0.99,68.0,75.96,0.329,29,9.28,5.12,0,0,1,-0.9659258262890683,-0.25881904510252063,0
12,3,1,1,1,4,0.35,3.05,57.66,0.2964,3,35.63,128.94,1,0,1,1.2246467991473532e-16,-1.0,1
6,2,1,1,1,3,0.39,0.63,100.08,0.1828,2,16.79,204.95,1,1,1,1.0,6.123233995736766e-17,1
21,1,1,1,1,0,0.25,11.5,122.41,0.1048,4,13.25,365.33,0,1,1,-0.7071067811865477,0.7071067811865474,1
23,0,0,0,0,0,3.9,82.33,63.65,0.678,29,3.18,36.8,0,0,1,-0.25881904510252157,0.9659258262890681,0
4,2,1,1,0,0,0.12,10.23,48.62,0.0265,5,32.78,105.18,1,1,0,0.8660254037844386,0.5000000000000001,1
9,4,0,0,0,1,3.25,53.88,48.91,0.6979,2,9.88,22.55,0,0,0,0.7071067811865476,-0.7071067811865475,0
17,0,0,0,0,0,2.82,111.16,72.03,0.4661,10,8.88,41.14,0,0,0,-0.9659258262890683,-0.25881904510252063,0
8,0,0,0,0,0,0.86,92.84,38.12,0.6082,21,8.45,28.4,1,0,0,0.8660254037844387,-0.4999999999999998,0
20,4,0,0,0,0,4.93,116.41,53.7,0.6754,5,4.66,34.65,0,0,2,-0.8660254037844386,0.5000000000000001,0
11,5,0,0,1,0,2.92,68.55,55.22,0.5268,15,8.18,19.05,0,0,1,0.258819045102521,-0.9659258262890682,0
12,3,0,0,0,1,1.43,89.77,43.85,0.4837,23,4.81,33.48,0,0,0,1.2246467991473532e-16,-1.0,0
14,6,1,0,0,0,1.3,77.72,61.26,0.4838,13,7.11,38.73,0,0,1,-0.4999999999999997,-0.8660254037844388,0
19,0,0,0,0,0,1.71,112.54,77.4,0.5352,20,2.89,35.36,0,0,1,-0.9659258262890684,0.2588190451025203,0
16,4,0,0,0,0,4.42,45.15,72.1,0.3771,12,8.26,43.87,0,0,1,-0.8660254037844385,-0.5000000000000004,0
18,0,0,0,0,0,2.07,32.11,55.59,0.6565,18,8.68,34.55,0,0,1,-1.0,-1.8369701987210297e-16,0
14,5,0,0,0,0,2.82,8.1,61.67,0.6019,23,7.44,39.65,0,0,1,-0.4999999999999997,-0.8660254037844388,0
17,2,0,0,1,1,2.13,12.81,33.17,0.6246,12,3.49,33.0,0,0,1,-0.9659258262890683,-0.25881904510252063,0
23,0,1,1,0,1,0.14,9.86,133.66,0.05,4,31.45,525.9,0,1,1,-0.25881904510252157,0.9659258262890681,1
12,3,0,0,0,1,3.43,87.16,71.34,0.5574,16,1.19,0.97,0,0,2,1.2246467991473532e-16,-1.0,0
22,3,1,0,0,2,0.16,1.75,26.01,0.0115,2,32.44,364.03,1,0,1,-0.5000000000000004,0.8660254037844384,1
10,3,0,0,0,0,2.48,39.12,75.45,0.3111,4,1.9,39.02,0,0,0,0.49999999999999994,-0.8660254037844387,0
16,5,0,0,0,0,3.01,75.77,33.83,0.6468,8,2.1,10.22,0,0,1,-0.8660254037844385,-0.5000000000000004,0
18,4,0,0,0,0,3.45,33.28,55.84,0.4593,24,7.83,8.23,0,0,1,-1.0,-1.8369701987210297e-16,0
9,5,0,0,0,0,3.29,30.96,65.13,0.3826,11,5.38,22.38,0,0,2,0.7071067811865476,-0.7071067811865475,0
3,4,1,1,1,1,0.25,0.85,103.07,0.2906,5,21.83,166.69,1,1,1,0.7071067811865476,0.7071067811865476,1
21,0,0,0,0,0,3.33,51.16,74.57,0.4326,16,3.99,11.36,0,0,1,-0.7071067811865477,0.7071067811865474,0
10,3,0,0,0,0,2.86,96.51,71.3,0.6143,20,8.54,38.62,0,0,1,0.49999999999999994,-0.8660254037844387,0
12,4,0,1,0,0,1.42,28.7,50.19,0.6305,3,9.35,16.77,0,0,1,1.2246467991473532e-16,-1.0,0
14,1,0,0,0,0,0.93,44.92,60.08,0.6536,5,9.05,12.31,0,0,1,-0.4999999999999997,-0.8660254037844388,0
20,2,1,0,1,2,0.34,5.25,72.3,0.0287,2,31.93,415.75,1,1,1,-0.8660254037844386,0.5000000000000001,1
3,1,1,0,1,3,0.39,10.04,51.43,0.2268,3,15.45,155.56,1,1,1,0.7071067811865476,0.7071067811865476,1
8,5,0,1,0,0,2.8,68.52,30.39,0.5726,9,9.02,46.4,0,0,0,0.8660254037844387,-0.4999999999999998,0
9,1,0,0,0,0,1.55,16.18,61.05,0.6127,8,9.12,12.16,0,0,0,0.7071067811865476,-0.7071067811865475,0
9,1,1,0,0,0,1.13,59.61,56.53,0.584,8,3.4,4.52,0,0,1,0.7071067811865476,-0.7071067811865475,0
0,5,0,1,1,4,0.34,12.06,130.65,0.1925,4,24.69,627.48,1,1,2,0.0,1.0,1
8,1,0,0,1,0,2.84,14.34,73.23,0.4392,30,2.15,37.48,0,0,0,0.8660254037844387,-0.4999999999999998,0
17,6,0,0,0,0,2.3,37.6,73.69,0.48,10,5.9,35.69,0,0,1,-0.9659258262890683,-0.25881904510252063,0
23,2,0,0,0,0,1.62,66.07,72.93,0.4605,25,4.72,37.27,0,0,1,-0.25881904510252157,0.9659258262890681,0
7,6,0,0,0,0,1.56,52.28,49.62,0.3114,27,8.57,9.74,0,0,0,0.9659258262890683,-0.25881904510252063,0
15,6,1,0,1,5,0.85,6.85,93.74,0.2902,2,10.25,482.12,1,1,1,-0.7071067811865471,-0.7071067811865479,1
16,5,0,0,0,0,1.65,101.76,71.41,0.4275,23,4.03,32.56,0,0,1,-0.8660254037844385,-0.5000000000000004,0
14,1,0,0,0,0,2.05,43.01,66.7,0.6187,8,1.61,9.38,0,0,1,-0.4999999999999997,-0.8660254037844388,0
21,6,0,0,0,2,4.41,93.45,78.0,0.6157,23,7.04,32.19,0,0,1,-0.7071067811865477,0.7071067811865474,0
9,3,1,0,0,0,0.9,38.88,78.69,0.6795,3,4.46,41.85,0,0,1,0.7071067811865476,-0.7071067811865475,0
14,5,0,0,0,1,4.01,118.63,53.95,0.494,21,7.52,26.76,0,0,0,-0.4999999999999997,-0.8660254037844388,0
8,5,0,0,0,0,3.09,106.55,60.13,0.4831,15,5.94,21.56,0,0,0,0.8660254037844387,-0.4999999999999998,0
19,2,0,0,0,0,2.58,80.2,65.9,0.3823,16,3.41,33.79,0,0,1,-0.9659258262890684,0.2588190451025203,0
16,4,1,0,0,0,0.76,9.0,33.25,0.5823,5,3.84,28.15,0,0,0,-0.8660254037844385,-0.5000000000000004,0
8,4,0,0,0,0,2.45,103.45,45.07,0.6646,11,3.19,1.88,1,0,0,0.8660254037844387,-0.4999999999999998,0
1,5,1,1,1,2,0.59,12.45,118.38,0.0917,3,21.18,533.61,1,0,1,0.25881904510252074,0.9659258262890683,1
9,3,0,0,0,0,3.06,96.3,43.68,0.6737,19,7.39,21.7,0,0,1,0.7071067811865476,-0.7071067811865475,0
18,3,0,0,0,0,3.55,32.96,37.19,0.3272,26,4.87,8.67,0,0,2,-1.0,-1.8369701987210297e-16,0
6,1,0,0,1,0,1.04,82.5,50.84,0.6274,16,2.36,29.93,0,0,1,1.0,6.123233995736766e-17,0
20,1,1,1,1,0,0.17,7.92,112.03,0.2714,4,28.6,205.85,1,1,1,-0.8660254037844386,0.5000000000000001,1
17,5,0,0,0,1,4.52,13.74,58.56,0.4098,22,8.84,26.54,1,0,1,-0.9659258262890683,-0.25881904510252063,0
20,4,0,0,0,1,3.05,44.14,32.7,0.4563,12,9.12,28.74,0,0,0,-0.8660254037844386,0.5000000000000001,0
15,3,0,0,0,0,4.76,67.67,44.58,0.3471,16,2.47,11.75,0,0,0,-0.7071067811865471,-0.7071067811865479,0
9,3,1,0,0,0,2.47,11.85,75.88,0.3592,18,1.68,25.83,0,0,2,0.7071067811865476,-0.7071067811865475,0
15,0,0,0,0,0,4.78,18.1,74.2,0.6614,20,3.3,27.88,0,0,1,-0.7071067811865471,-0.7071067811865479,0
8,2,0,0,0,2,2.12,22.04,52.55,0.3221,13,4.9,11.22,0,0,1,0.8660254037844387,-0.4999999999999998,0
17,6,0,0,0,0,2.06,115.01,45.83,0.3338,2,1.4,30.56,0,0,0,-0.9659258262890683,-0.25881904510252063,0
15,3,0,0,0,1,1.19,37.94,49.86,0.5062,20,7.93,29.25,0,0,0,-0.7071067811865471,-0.7071067811865479,0
22,5,0,1,0,0,0.54,6.93,56.87,0.2005,3,33.14,208.73,0,1,2,-0.5000000000000004,0.8660254037844384,1
12,3,1,0,0,0,2.47,74.59,74.65,0.57,22,8.03,8.42,0,0,0,1.2246467991473532e-16,-1.0,0
7,3,0,0,0,0,2.67,65.32,68.36,0.3565,24,5.36,27.35,0,0,1,0.9659258262890683,-0.25881904510252063,0
8,3,0,0,0,0,2.12,65.19,51.31,0.5332,21,1.9,39.85,0,0,2,0.8660254037844387,-0.4999999999999998,0
4,5,0,0,0,0,0.74,54.17,63.7,0.5009,28,10.0,42.83,0,0,0,0.8660254037844386,0.5000000000000001,0
18,3,0,1,0,0,2.78,106.28,70.09,0.4843,24,5.45,36.66,0,0,1,-1.0,-1.8369701987210297e-16,0
23,3,0,1,1,3,0.51,6.14,20.19,0.0343,4,27.45,514.16,1,1,0,-0.25881904510252157,0.9659258262890681,1
12,3,1,0,0,0,4.97,105.28,44.8,0.6079,17,6.09,7.42,0,0,1,1.2246467991473532e-16,-1.0,0
7,5,0,0,0,1,3.63,91.96,61.54,0.665,29,6.77,14.68,0,0,1,0.9659258262890683,-0.25881904510252063,0
23,6,0,0,0,0,4.1,53.58,39.53,0.427,25,8.76,35.45,0,0,0,-0.25881904510252157,0.9659258262890681,0
4,3,1,1,1,3,0.04,5.23,101.8,0.0356,4,15.3,632.63,1,1,1,0.8660254037844386,0.5000000000000001,1
7,4,0,0,1,0,3.16,50.46,64.11,0.3193,12,1.88,7.36,0,0,0,0.9659258262890683,-0.25881904510252063,0
16,3,0,0,0,2,4.32,23.76,50.15,0.4948,12,8.34,22.52,0,0,0,-0.8660254037844385,-0.5000000000000004,0
21,5,0,0,1,0,2.62,58.64,49.38,0.4963,14,5.8,31.96,0,0,1,-0.7071067811865477,0.7071067811865474,0
17,6,0,0,0,0,4.49,35.03,52.96,0.6272,27,1.86,6.21,0,0,1,-0.9659258262890683,-0.25881904510252063,0
12,3,0,0,0,1,0.65,70.8,77.76,0.313,3,9.7,36.51,0,0,2,1.2246467991473532e-16,-1.0,0
11,5,0,0,0,0,2.01,50.73,49.76,0.4245,7,1.58,9.08,0,0,0,0.258819045102521,-0.9659258262890682,0
9,6,0,0,0,0,2.65,88.58,60.01,0.4049,16,1.16,14.59,0,0,0,0.7071067811865476,-0.7071067811865475,0
4,4,1,1,0,4,0.57,12.17,29.15,0.2633,4,47.6,536.26,1,0,0,0.8660254037844386,0.5000000000000001,1
14,2,0,0,0,0,3.2,18.75,35.3,0.6052,12,3.79,31.9,0,0,0,-0.4999999999999997,-0.8660254037844388,0
10,2,0,0,0,0,3.63,117.94,76.73,0.3129,27,1.9,47.16,0,0,0,0.49999999999999994,-0.8660254037844387,0
23,5,0,1,1,2,0.06,2.26,110.11,0.2206,4,31.45,585.54,0,1,0,-0.25881904510252157,0.9659258262890681,1
10,0,0,1,1,3,0.15,1.98,47.14,0.0374,2,20.93,586.94,1,0,1,0.49999999999999994,-0.8660254037844387,1
12,5,0,0,0,0,2.82,17.97,62.25,0.4559,28,7.32,36.74,0,0,0,1.2246467991473532e-16,-1.0,0
14,6,1,1,1,3,0.44,2.06,11.26,0.1764,5,20.07,224.03,0,0,0,-0.4999999999999997,-0.8660254037844388,1
2,0,1,1,1,1,0.37,14.39,82.1,0.1827,2,28.88,703.95,1,1,2,0.49999999999999994,0.8660254037844387,1
10,6,0,0,0,0,4.24,35.92,70.0,0.356,27,1.7,22.84,0,0,1,0.49999999999999994,-0.8660254037844387,0
21,3,0,0,0,0,1.87,89.12,49.34,0.306,16,3.79,5.89,0,0,0,-0.7071067811865477,0.7071067811865474,0
17,6,0,0,0,0,3.41,81.26,54.5,0.4936,7,7.22,43.17,1,0,0,-0.9659258262890683,-0.25881904510252063,0
12,0,0,0,0,0,1.35,48.53,78.04,0.4209,4,5.0,1.37,0,0,0,1.2246467991473532e-16,-1.0,0
8,5,0,0,0,0,2.07,101.14,74.76,0.419,16,5.01,32.78,1,0,0,0.8660254037844387,-0.4999999999999998,0
10,1,0,0,0,0,1.11,72.61,41.27,0.3458,24,8.53,28.74,0,0,1,0.49999999999999994,-0.8660254037844387,0
15,0,0,0,0,0,3.07,105.77,68.98,0.6817,20,3.78,37.68,0,0,0,-0.7071067811865471,-0.7071067811865479,0
4,5,1,1,0,3,0.02,12.34,10.54,0.0802,5,28.66,714.91,1,1,2,0.8660254037844386,0.5000000000000001,1
20,3,0,0,0,0,4.79,9.2,69.12,0.4842,28,1.36,23.51,0,0,1,-0.8660254037844386,0.5000000000000001,0
15,4,0,0,0,0,4.37,107.07,43.99,0.599,23,4.72,0.7,0,0,1,-0.7071067811865471,-0.7071067811865479,0
19,0,0,0,1,0,2.13,112.01,62.34,0.5817,25,2.48,6.79,0,0,1,-0.9659258262890684,0.2588190451025203,0
6,1,0,0,1,0,0.92,65.4,72.42,0.6859,14,3.69,6.71,0,0,0,1.0,6.123233995736766e-17,0
7,5,1,1,0,4,0.18,14.9,127.59,0.2339,3,35.49,365.79,1,1,0,0.9659258262890683,-0.25881904510252063,1
2,5,1,1,1,3,0.24,9.88,135.12,0.2558,1,47.63,708.85,1,1,1,0.49999999999999994,0.8660254037844387,1
12,2,0,0,0,0,3.94,79.45,56.37,0.401,18,9.85,6.61,1,0,1,1.2246467991473532e-16,-1.0,0
5,2,1,0,0,1,2.38,52.4,42.26,0.5075,8,5.06,31.92,0,0,1,0.9659258262890683,0.25881904510252074,0
16,4,0,0,0,1,2.8,85.27,79.81,0.5871,22,5.47,30.48,0,0,1,-0.8660254037844385,-0.5000000000000004,0
9,6,0,0,0,0,1.68,101.89,54.39,0.4206,25,3.61,18.37,0,0,0,0.7071067811865476,-0.7071067811865475,0
20,3,0,0,0,0,3.9,21.55,71.56,0.4672,30,8.31,3.96,0,0,0,-0.8660254037844386,0.5000000000000001,0
12,5,0,0,0,0,1.77,41.48,53.3,0.396,8,3.38,12.15,0,0,2,1.2246467991473532e-16,-1.0,0
6,4,1,1,0,3,0.72,5.7,60.9,0.1805,2,23.11,647.26,1,0,0,1.0,6.123233995736766e-17,1
12,2,0,0,0,0,3.51,87.18,69.22,0.528,6,3.33,42.58,0,0,1,1.2246467991473532e-16,-1.0,0
8,5,0,0,0,0,2.15,105.21,77.86,0.6503,9,7.9,40.64,0,0,1,0.8660254037844387,-0.4999999999999998,0
14,5,0,0,0,0,2.3,57.63,38.27,0.3403,10,5.39,17.48,0,0,0,-0.4999999999999997,-0.8660254037844388,0
19,3,0,0,0,1,2.35,37.63,49.23,0.5089,18,7.89,40.4,0,0,1,-0.9659258262890684,0.2588190451025203,0
9,1,0,1,0,0,3.83,108.05,40.58,0.5637,22,2.0,18.05,1,0,0,0.7071067811865476,-0.7071067811865475,0
9,3,0,0,0,1,1.07,48.12,73.04,0.3728,27,1.4,8.73,0,0,0,0.7071067811865476,-0.7071067811865475,0
2,0,1,0,1,0,0.89,8.54,47.87,0.1871,3,28.96,531.78,1,1,0,0.49999999999999994,0.8660254037844387,1
1,3,0,0,0,1,1.85,38.38,60.87,0.6834,4,6.1,8.61,0,0,0,0.25881904510252074,0.9659258262890683,0
23,1,1,1,1,3,0.34,1.91,54.53,0.1937,5,10.89,219.24,1,1,0,-0.25881904510252157,0.9659258262890681,1
13,1,0,0,0,0,2.67,94.67,74.82,0.3151,20,1.41,6.81,0,0,1,-0.2588190451025208,-0.9659258262890683,0
9,0,0,0,0,1,3.19,79.53,63.9,0.5924,13,7.17,6.39,0,0,1,0.7071067811865476,-0.7071067811865475,0
12,1,0,0,0,0,0.74,18.07,61.84,0.6888,7,8.49,42.29,0,0,0,1.2246467991473532e-16,-1.0,0
12,2,0,0,0,0,1.88,53.07,46.15,0.6194,4,6.36,21.27,0,0,1,1.2246467991473532e-16,-1.0,0
15,3,0,0,0,0,1.28,25.83,54.94,0.5291,7,2.94,34.47,0,0,1,-0.7071067811865471,-0.7071067811865479,0
19,5,0,0,0,0,4.25,14.21,54.0,0.3109,7,8.23,41.82,0,0,0,-0.9659258262890684,0.2588190451025203,0
10,5,0,0,0,1,1.16,84.29,37.44,0.6674,21,9.87,37.66,0,0,1,0.49999999999999994,-0.8660254037844387,0
16,2,0,0,0,0,1.63,28.39,53.34,0.5649,27,7.14,40.27,1,0,1,-0.8660254037844385,-0.5000000000000004,0
14,4,0,0,0,0,4.58,56.5,39.88,0.3146,10,6.48,4.91,0,0,0,-0.4999999999999997,-0.8660254037844388,0
4,1,0,0,0,0,2.24,6.0,61.69,0.3992,14,1.13,0.56,0,0,0,0.8660254037844386,0.5000000000000001,0
20,2,0,0,0,0,2.51,83.46,72.71,0.6013,15,6.31,22.15,0,0,2,-0.8660254037844386,0.5000000000000001,0
0,1,1,1,1,3,0.8,10.5,24.54,0.2652,1,29.61,531.51,0,1,2,0.0,1.0,1
6,0,0,0,0,1,0.83,86.4,39.68,0.4427,4,9.08,39.87,0,0,1,1.0,6.123233995736766e-17,0
9,1,0,0,0,0,2.75,53.67,79.24,0.4459,8,1.4,14.84,0,0,1,0.7071067811865476,-0.7071067811865475,0
10,5,0,0,0,0,4.99,92.46,71.91,0.5727,14,8.1,35.89,0,0,1,0.49999999999999994,-0.8660254037844387,0
7,0,0,0,0,0,2.9,113.56,44.87,0.6065,3,5.3,20.51,0,0,1,0.9659258262890683,-0.25881904510252063,0
8,5,0,0,0,1,0.53,27.57,79.57,0.3949,4,5.75,41.39,0,0,0,0.8660254037844387,-0.4999999999999998,0
17,4,0,0,0,0,3.95,53.54,47.67,0.4732,11,5.09,3.0,0,0,0,-0.9659258262890683,-0.25881904510252063,0
10,6,1,1,0,4,0.86,5.48,43.36,0.0771,2,43.34,108.09,0,1,0,0.49999999999999994,-0.8660254037844387,1
14,1,0,0,0,0,2.62,103.05,62.41,0.425,29,2.89,0.83,0,0,0,-0.4999999999999997,-0.8660254037844388,0
7,5,0,0,0,0,1.55,81.21,38.99,0.3949,28,9.23,24.62,0,0,0,0.9659258262890683,-0.25881904510252063,0
21,2,1,1,1,4,0.25,6.49,67.89,0.2454,4,40.73,520.66,0,0,1,-0.7071067811865477,0.7071067811865474,1
11,2,0,0,0,0,2.09,19.41,72.17,0.3884,25,9.68,36.74,0,0,1,0.258819045102521,-0.9659258262890682,0
21,2,1,1,1,0,0.34,9.39,13.56,0.0789,1,11.62,657.25,1,1,1,-0.7071067811865477,0.7071067811865474,1
11,3,0,0,0,1,4.93,26.46,65.55,0.3508,11,1.28,15.82,0,0,2,0.258819045102521,-0.9659258262890682,0
21,4,0,0,0,0,3.72,57.88,61.81,0.4628,27,7.48,13.87,0,0,1,-0.7071067811865477,0.7071067811865474,0
0,5,0,1,0,5,0.87,2.53,22.95,0.0466,3,17.85,533.64,1,1,0,0.0,1.0,1
19,2,0,0,0,0,3.93,108.45,48.23,0.5504,21,3.42,12.45,0,0,1,-0.9659258262890684,0.2588190451025203,0
8,1,0,0,1,0,2.9,60.19,73.25,0.6583,8,9.54,42.82,0,0,1,0.8660254037844387,-0.4999999999999998,0
17,2,1,1,1,3,0.68,2.09,44.41,0.0437,4,17.62,617.21,0,1,1,-0.9659258262890683,-0.25881904510252063,1
17,6,1,0,1,1,0.34,12.23,45.89,0.0038,5,47.29,645.74,1,1,2,-0.9659258262890683,-0.25881904510252063,1
19,3,0,0,0,1,4.95,66.03,38.91,0.5189,15,9.1,23.25,0,0,0,-0.9659258262890684,0.2588190451025203,0
11,6,0,0,1,0,1.65,30.69,34.92,0.3013,19,9.94,9.46,0,0,0,0.258819045102521,-0.9659258262890682,0
17,4,0,0,0,0,1.33,113.94,32.98,0.34,18,1.44,28.71,0,0,0,-0.9659258262890683,-0.25881904510252063,0
9,3,0,1,0,0,3.31,12.74,70.46,0.4639,8,2.14,39.08,0,0,1,0.7071067811865476,-0.7071067811865475,0
16,6,0,0,0,0,4.36,15.56,79.16,0.3948,24,8.32,36.77,0,0,1,-0.8660254037844385,-0.5000000000000004,0
10,6,0,0,0,0,3.54,95.19,67.76,0.6797,22,2.77,24.46,0,0,0,0.49999999999999994,-0.8660254037844387,0
11,4,0,0,0,1,3.84,117.39,69.43,0.592,2,4.15,6.56,0,0,0,0.258819045102521,-0.9659258262890682,0
13,3,0,0,0,0,0.84,76.39,42.12,0.3784,25,1.96,16.15,0,0,2,-0.2588190451025208,-0.9659258262890683,0
20,3,0,1,1,3,0.72,8.39,21.35,0.2844,4,49.46,415.46,1,0,0,-0.8660254037844386,0.5000000000000001,1
15,4,0,0,0,0,1.38,119.69,57.72,0.6427,8,6.3,22.5,0,0,0,-0.7071067811865471,-0.7071067811865479,0
10,4,0,0,0,0,4.44,28.31,60.41,0.63,12,6.18,11.85,0,0,0,0.49999999999999994,-0.8660254037844387,0
18,2,0,0,0,0,3.94,79.13,38.49,0.4637,24,4.83,45.32,0,0,0,-1.0,-1.8369701987210297e-16,0
21,4,0,0,0,0,2.88,118.98,76.29,0.5634,7,1.49,39.51,0,0,0,-0.7071067811865477,0.7071067811865474,0
22,5,0,0,0,0,4.99,114.25,43.15,0.3214,28,2.93,41.77,0,0,1,-0.5000000000000004,0.8660254037844384,0
18,1,0,0,0,0,4.69,89.8,77.32,0.5102,5,6.23,22.29,0,0,0,-1.0,-1.8369701987210297e-16,0
0,4,1,0,0,4,0.84,3.82,112.85,0.0465,3,17.16,608.93,1,1,1,0.0,1.0,1
1,0,1,1,0,3,0.5,14.34,107.5,0.1157,2,29.07,563.43,0,1,0,0.25881904510252074,0.9659258262890683,1
13,6,0,0,0,0,4.79,72.31,76.01,0.4963,7,6.65,30.0,0,0,0,-0.2588190451025208,-0.9659258262890683,0
16,1,0,0,0,0,3.53,33.26,66.47,0.6372,16,4.45,24.63,0,0,1,-0.8660254037844385,-0.5000000000000004,0
16,5,0,0,0,0,3.48,80.34,30.04,0.5735,15,7.3,40.23,0,0,1,-0.8660254037844385,-0.5000000000000004,0
8,0,1,0,0,0,2.65,48.37,62.77,0.6817,11,4.79,45.16,0,0,1,0.8660254037844387,-0.4999999999999998,0
17,3,0,0,0,0,4.1,80.25,40.46,0.5784,13,4.57,25.24,0,0,2,-0.9659258262890683,-0.25881904510252063,0
16,6,0,0,0,0,4.39,112.31,44.6,0.4609,7,1.75,10.46,0,0,0,-0.8660254037844385,-0.5000000000000004,0
9,4,0,0,0,0,4.23,74.03,56.49,0.448,18,8.12,34.14,1,0,2,0.7071067811865476,-0.7071067811865475,0
5,2,0,0,0,0,2.98,116.98,68.29,0.5958,13,5.72,30.13,0,0,2,0.9659258262890683,0.25881904510252074,0
22,1,0,0,0,0,1.6,56.53,30.27,0.6401,19,8.53,15.19,0,0,0,-0.5000000000000004,0.8660254037844384,0
20,3,1,1,1,0,0.1,8.09,89.16,0.124,5,16.28,229.05,1,1,2,-0.8660254037844386,0.5000000000000001,1
22,4,0,0,0,0,0.85,18.22,69.0,0.5195,4,6.69,40.9,0,0,2,-0.5000000000000004,0.8660254037844384,0
16,2,0,0,0,0,1.77,61.52,49.14,0.5629,6,6.25,15.75,0,0,1,-0.8660254037844385,-0.5000000000000004,0
2,5,0,0,0,0,3.04,47.91,49.86,0.5894,15,8.31,1.55,0,0,2,0.49999999999999994,0.8660254037844387,0
20,4,0,0,0,0,2.33,82.25,60.64,0.584,24,2.61,4.05,1,0,0,-0.8660254037844386,0.5000000000000001,0
3,0,1,1,1,1,0.6,8.54,61.38,0.2467,2,12.95,128.06,1,1,2,0.7071067811865476,0.7071067811865476,1
4,4,1,1,0,0,0.9,9.18,89.87,0.2122,5,48.17,313.49,1,1,0,0.8660254037844386,0.5000000000000001,1
8,1,0,0,0,0,1.75,66.99,53.35,0.3624,2,9.7,5.89,0,0,1,0.8660254037844387,-0.4999999999999998,0
10,0,0,0,0,0,1.57,115.87,41.41,0.3488,23,7.46,23.65,0,0,0,0.49999999999999994,-0.8660254037844387,0
10,3,1,0,0,0,2.75,48.58,56.0,0.4048,14,2.63,41.88,0,0,1,0.49999999999999994,-0.8660254037844387,0
19,5,0,0,0,1,2.12,111.3,70.15,0.3144,12,2.82,11.86,0,0,1,-0.9659258262890684,0.2588190451025203,0
14,2,0,0,0,0,1.94,47.27,69.59,0.5254,5,3.33,42.44,0,0,1,-0.4999999999999997,-0.8660254037844388,0
20,3,0,0,0,1,1.19,100.93,67.06,0.3526,9,1.09,22.08,0,0,0,-0.8660254037844386,0.5000000000000001,0
16,1,0,0,1,0,3.59,91.78,59.09,0.3093,14,9.85,13.62,0,0,0,-0.8660254037844385,-0.5000000000000004,0
5,3,0,0,0,0,2.4,44.12,39.81,0.3353,22,9.59,46.19,0,0,0,0.9659258262890683,0.25881904510252074,0
13,6,0,0,0,0,0.6,20.68,68.1,0.695,4,6.66,31.73,0,0,1,-0.2588190451025208,-0.9659258262890683,0
16,0,0,0,0,0,4.21,81.8,48.7,0.3733,10,6.35,23.66,0,0,1,-0.8660254037844385,-0.5000000000000004,0
7,3,0,0,0,0,2.33,73.48,57.56,0.5798,28,1.13,31.04,0,0,0,0.9659258262890683,-0.25881904510252063,0
4,5,1,1,1,1,0.44,12.07,118.32,0.0257,4,39.33,155.12,1,1,1,0.8660254037844386,0.5000000000000001,1
18,6,0,0,0,2,1.05,47.18,39.04,0.3077,17,9.58,32.06,0,0,0,-1.0,-1.8369701987210297e-16,0
10,1,0,0,0,0,3.63,39.62,42.09,0.3466,23,6.32,34.65,0,0,0,0.49999999999999994,-0.8660254037844387,0
9,5,0,0,0,0,2.95,77.84,45.08,0.3016,19,5.42,19.4,0,0,1,0.7071067811865476,-0.7071067811865475,0
18,0,0,0,0,1,3.04,81.59,60.82,0.3649,16,5.36,11.25,0,0,0,-1.0,-1.8369701987210297e-16,0
18,2,0,0,0,0,3.63,41.56,64.73,0.6913,16,5.01,40.54,0,0,1,-1.0,-1.8369701987210297e-16,0
20,4,0,0,0,0,3.04,108.79,41.67,0.6432,14,5.14,26.39,0,0,1,-0.8660254037844386,0.5000000000000001,0
15,0,0,0,0,0,3.85,92.45,63.72,0.5394,8,2.91,0.56,1,0,1,-0.7071067811865471,-0.7071067811865479,0
16,0,0,0,0,0,2.83,73.18,54.91,0.6399,22,1.3,31.56,0,0,1,-0.8660254037844385,-0.5000000000000004,0
20,0,0,0,0,0,4.05,50.31,70.35,0.6451,29,3.67,38.11,0,0,0,-0.8660254037844386,0.5000000000000001,0
10,4,0,0,0,0,2.16,92.14,30.35,0.5,30,3.46,30.73,0,0,0,0.49999999999999994,-0.8660254037844387,0
21,2,0,0,0,0,2.39,54.85,75.72,0.5355,12,8.97,22.73,0,0,0,-0.7071067811865477,0.7071067811865474,0
8,3,0,0,0,0,2.82,6.45,68.37,0.3213,7,3.6,20.5,0,0,0,0.8660254037844387,-0.4999999999999998,0
16,0,0,1,0,0,2.18,89.49,51.34,0.6681,7,6.88,17.3,1,0,0,-0.8660254037844385,-0.5000000000000004,0
15,3,0,0,0,1,0.65,93.74,76.87,0.6448,28,8.89,45.1,0,0,1,-0.7071067811865471,-0.7071067811865479,0
23,4,1,0,0,1,1.56,77.83,71.21,0.4796,5,5.07,46.71,0,0,2,-0.25881904510252157,0.9659258262890681,0
9,6,0,0,1,0,3.93,47.4,73.79,0.6651,25,9.22,40.1,0,0,0,0.7071067811865476,-0.7071067811865475,0
19,6,0,0,0,0,3.48,76.75,53.78,0.4531,27,1.93,20.27,0,0,2,-0.9659258262890684,0.2588190451025203,0
9,5,0,0,0,0,4.46,7.69,47.43,0.6494,19,1.65,8.26,0,0,0,0.7071067811865476,-0.7071067811865475,0
14,4,0,0,0,0,4.88,40.85,43.15,0.5553,22,7.47,28.7,0,0,1,-0.4999999999999997,-0.8660254037844388,0
7,5,0,0,0,0,1.85,54.04,61.85,0.4554,5,1.65,42.49,1,0,0,0.9659258262890683,-0.25881904510252063,0
21,2,0,0,0,0,4.6,10.69,53.91,0.3202,28,4.18,17.06,0,0,0,-0.7071067811865477,0.7071067811865474,0
21,3,1,1,1,4,0.76,0.56,22.82,0.2272,4,16.69,676.77,0,0,0,-0.7071067811865477,0.7071067811865474,1
13,0,0,0,0,0,1.28,90.01,63.03,0.5763,3,6.25,17.33,1,0,0,-0.2588190451025208,-0.9659258262890683,0
8,3,0,0,0,0,2.78,80.79,51.61,0.5141,12,7.53,36.25,0,0,0,0.8660254037844387,-0.4999999999999998,0
3,0,1,1,1,0,0.28,4.53,107.59,0.0881,4,48.12,640.35,0,1,1,0.7071067811865476,0.7071067811865476,1
8,5,0,0,0,2,3.15,14.59,66.78,0.4073,30,1.72,38.17,0,0,1,0.8660254037844387,-0.4999999999999998,0
13,1,0,0,0,2,1.06,40.41,67.47,0.4113,13,5.26,28.75,0,0,1,-0.2588190451025208,-0.9659258262890683,0
16,0,0,0,0,0,4.17,23.35,30.28,0.4137,6,4.13,11.9,0,0,2,-0.8660254037844385,-0.5000000000000004,0
21,2,0,0,0,1,4.19,18.16,61.05,0.3102,4,3.05,27.37,0,0,0,-0.7071067811865477,0.7071067811865474,0
4,0,1,1,1,3,0.19,12.9,142.73,0.0558,2,47.19,349.52,1,1,0,0.8660254037844386,0.5000000000000001,1
9,5,0,0,0,0,3.52,114.53,62.65,0.4078,12,2.11,13.31,0,0,0,0.7071067811865476,-0.7071067811865475,0
17,4,1,1,1,3,0.29,10.16,140.46,0.259,1,48.93,372.49,1,1,1,-0.9659258262890683,-0.25881904510252063,1
19,4,0,0,0,0,3.07,85.12,76.69,0.4691,17,7.99,46.42,0,0,1,-0.9659258262890684,0.2588190451025203,0
11,3,0,0,0,0,0.68,84.08,49.26,0.3436,5,6.12,33.42,0,0,0,0.258819045102521,-0.9659258262890682,0
21,6,1,0,0,1,4.92,50.38,77.08,0.6614,8,3.07,17.74,0,0,0,-0.7071067811865477,0.7071067811865474,0
22,2,0,1,0,0,4.28,82.7,69.01,0.6523,5,7.83,46.5,0,0,0,-0.5000000000000004,0.8660254037844384,0
3,2,0,0,0,0,4.37,81.17,78.03,0.6894,22,6.54,6.86,0,0,0,0.7071067811865476,0.7071067811865476,0
17,4,0,0,0,0,4.27,81.09,48.56,0.4468,21,9.49,44.96,0,0,1,-0.9659258262890683,-0.25881904510252063,0
13,3,1,1,1,4,0.86,9.96,140.69,0.1751,5,43.52,161.37,0,1,2,-0.2588190451025208,-0.9659258262890683,1
14,4,0,0,0,0,2.61,58.47,76.98,0.612,16,5.72,21.52,0,0,1,-0.4999999999999997,-0.8660254037844388,0
17,0,0,0,0,0,0.85,69.01,57.69,0.4045,27,5.81,37.52,0,0,0,-0.9659258262890683,-0.25881904510252063,0
14,4,0,0,0,0,1.22,109.12,38.68,0.3778,8,3.53,41.83,0,0,1,-0.4999999999999997,-0.8660254037844388,0
4,6,1,1,1,1,0.05,10.13,130.21,0.1003,1,48.56,589.9,1,1,0,0.8660254037844386,0.5000000000000001,1
22,1,0,0,0,0,3.27,101.08,40.41,0.6824,27,3.96,43.13,0,0,0,-0.5000000000000004,0.8660254037844384,0
22,0,1,0,1,3,0.09,13.95,62.01,0.2108,4,23.73,478.1,1,1,1,-0.5000000000000004,0.8660254037844384,1
8,5,0,0,0,0,4.34,87.22,65.34,0.5414,27,1.94,34.35,0,0,0,0.8660254037844387,-0.4999999999999998,0
16,5,0,0,0,0,2.13,55.48,48.2,0.3172,10,6.19,44.89,0,0,1,-0.8660254037844385,-0.5000000000000004,0
6,4,0,0,1,0,4.85,78.03,75.72,0.4119,20,5.76,38.61,0,0,1,1.0,6.123233995736766e-17,0
16,3,0,0,0,0,0.85,18.26,47.84,0.4793,12,3.42,24.55,0,0,0,-0.8660254037844385,-0.5000000000000004,0
21,3,0,0,0,0,2.86,53.22,79.08,0.5247,27,7.71,4.56,1,0,1,-0.7071067811865477,0.7071067811865474,0
16,5,0,0,1,0,2.65,58.32,65.71,0.5749,12,6.69,25.82,1,0,2,-0.8660254037844385,-0.5000000000000004,0
8,0,0,0,0,1,1.6,16.58,35.19,0.5015,29,3.61,31.38,0,0,1,0.8660254037844387,-0.4999999999999998,0
13,1,0,0,0,0,1.87,67.52,34.42,0.361,7,6.42,19.06,0,0,0,-0.2588190451025208,-0.9659258262890683,0
14,1,0,1,0,0,2.17,62.13,32.3,0.6536,8,5.67,17.83,0,0,0,-0.4999999999999997,-0.8660254037844388,0
23,1,0,0,0,0,1.71,111.58,44.31,0.6525,11,5.86,31.79,0,0,1,-0.25881904510252157,0.9659258262890681,0
16,0,0,0,0,0,4.14,90.73,74.52,0.426,21,7.0,4.58,0,0,1,-0.8660254037844385,-0.5000000000000004,0
22,6,0,1,1,2,0.77,8.5,130.2,0.0225,1,46.79,589.7,0,1,1,-0.5000000000000004,0.8660254037844384,1
16,0,0,0,0,0,2.22,111.19,49.02,0.3916,30,8.57,31.81,0,0,0,-0.8660254037844385,-0.5000000000000004,0
21,3,0,1,0,2,2.29,111.48,61.75,0.5072,14,4.46,20.41,0,0,0,-0.7071067811865477,0.7071067811865474,0
0,1,0,1,0,0,3.51,16.83,45.85,0.4569,5,5.94,6.46,0,0,0,0.0,1.0,0
13,5,0,0,0,1,3.95,57.28,68.42,0.343,24,2.59,28.13,0,0,0,-0.2588190451025208,-0.9659258262890683,0
17,2,0,1,0,0,0.69,85.08,67.13,0.3864,18,5.14,8.14,0,0,1,-0.9659258262890683,-0.25881904510252063,0
14,5,0,0,0,0,2.57,89.7,33.57,0.5262,3,3.77,6.49,0,0,1,-0.4999999999999997,-0.8660254037844388,0
10,0,0,0,0,0,2.79,46.29,61.01,0.5318,11,4.95,45.67,0,0,0,0.49999999999999994,-0.8660254037844387,0
17,2,0,1,0,0,4.59,100.17,78.69,0.4365,15,2.12,9.06,1,0,0,-0.9659258262890683,-0.25881904510252063,0
19,1,0,1,1,0,2.76,25.27,30.51,0.4205,28,1.22,18.72,0,0,0,-0.9659258262890684,0.2588190451025203,0
22,2,1,1,1,3,0.69,14.01,145.69,0.0964,1,34.9,593.7,1,1,1,-0.5000000000000004,0.8660254037844384,1
20,4,0,0,0,0,2.4,68.58,55.35,0.5,9,5.58,19.64,0,0,0,-0.8660254037844386,0.5000000000000001,0
11,3,0,0,0,0,1.61,116.6,52.6,0.372,19,6.17,36.85,0,0,0,0.258819045102521,-0.9659258262890682,0
21,0,1,1,1,3,0.7,13.68,117.12,0.1954,4,19.38,466.32,1,1,2,-0.7071067811865477,0.7071067811865474,1
0,0,0,0,0,0,0.86,38.41,60.34,0.6005,2,3.16,14.71,0,0,0,0.0,1.0,0
16,4,0,0,0,0,3.94,11.62,34.32,0.6419,6,6.01,39.46,0,0,1,-0.8660254037844385,-0.5000000000000004,0
15,2,0,0,0,0,3.01,19.14,66.69,0.5312,10,6.98,28.01,0,0,1,-0.7071067811865471,-0.7071067811865479,0
6,4,0,1,1,3,0.41,14.91,127.32,0.1558,3,27.25,282.01,1,0,0,1.0,6.123233995736766e-17,1
18,6,0,0,0,0,4.35,84.66,40.82,0.4356,24,8.73,40.95,0,0,0,-1.0,-1.8369701987210297e-16,0
17,2,0,0,0,0,4.75,115.52,68.63,0.6786,2,2.46,44.69,0,0,0,-0.9659258262890683,-0.25881904510252063,0
14,5,0,1,1,4,0.65,13.99,50.86,0.0734,5,10.63,322.59,1,1,1,-0.4999999999999997,-0.8660254037844388,1
20,3,0,0,0,0,4.7,95.83,57.36,0.4679,30,3.39,20.97,1,0,0,-0.8660254037844386,0.5000000000000001,0
22,6,0,0,0,0,3.23,15.2,70.99,0.5823,15,8.98,3.55,0,0,1,-0.5000000000000004,0.8660254037844384,0
18,5,0,0,1,0,1.69,59.69,39.43,0.3648,12,5.8,46.34,0,0,0,-1.0,-1.8369701987210297e-16,0
11,4,1,1,1,1,0.68,3.79,11.89,0.025,5,28.65,133.32,0,1,1,0.258819045102521,-0.9659258262890682,1
19,4,0,0,1,0,4.76,83.69,39.48,0.4572,4,1.0,40.0,1,0,0,-0.9659258262890684,0.2588190451025203,0
8,5,0,0,0,1,3.78,110.45,64.64,0.5868,2,3.43,30.12,0,0,1,0.8660254037844387,-0.4999999999999998,0
11,2,0,0,0,0,1.59,104.74,51.09,0.6586,9,3.53,40.55,0,0,1,0.258819045102521,-0.9659258262890682,0
19,5,0,0,0,0,1.03,12.05,51.58,0.6798,12,3.28,20.59,0,0,0,-0.9659258262890684,0.2588190451025203,0
3,3,0,0,0,0,2.46,48.6,79.18,0.6935,29,2.55,3.72,0,0,0,0.7071067811865476,0.7071067811865476,0
13,5,0,0,0,0,4.79,62.85,68.82,0.4091,6,8.71,43.11,0,0,0,-0.2588190451025208,-0.9659258262890683,0
11,2,0,0,0,0,3.14,78.87,49.66,0.4798,25,6.33,36.79,0,0,1,0.258819045102521,-0.9659258262890682,0
17,2,0,0,0,0,1.21,90.14,55.92,0.6251,10,6.31,30.08,0,0,0,-0.9659258262890683,-0.25881904510252063,0
17,6,0,0,1,0,2.26,91.68,75.96,0.3441,24,6.63,16.94,0,0,1,-0.9659258262890683,-0.25881904510252063,0
4,5,1,1,1,4,0.88,0.97,46.84,0.0062,1,28.46,230.02,1,1,1,0.8660254037844386,0.5000000000000001,1
9,5,0,0,0,1,1.03,103.09,37.26,0.4602,25,6.55,9.68,0,0,1,0.7071067811865476,-0.7071067811865475,0
8,0,0,1,0,0,3.59,68.85,52.49,0.4849,10,9.4,42.97,0,0,1,0.8660254037844387,-0.4999999999999998,0
8,0,0,0,0,0,1.0,61.45,39.25,0.3648,20,4.23,42.94,0,0,2,0.8660254037844387,-0.4999999999999998,0
11,5,0,0,0,0,2.62,109.49,30.37,0.5012,15,8.04,35.85,0,0,1,0.258819045102521,-0.9659258262890682,0
16,5,0,0,0,0,3.03,91.25,71.72,0.4008,3,4.76,38.72,0,0,1,-0.8660254037844385,-0.5000000000000004,0
18,6,1,1,1,3,0.06,0.93,74.92,0.0219,3,23.89,253.04,1,1,0,-1.0,-1.8369701987210297e-16,1
10,5,0,0,0,0,2.33,87.84,39.55,0.647,18,9.57,35.79,0,0,1,0.49999999999999994,-0.8660254037844387,0
23,1,1,1,0,1,0.84,4.01,51.3,0.1997,1,32.88,479.75,0,1,0,-0.25881904510252157,0.9659258262890681,1
5,2,1,1,1,4,0.53,11.79,27.15,0.0707,4,47.55,369.43,1,1,2,0.9659258262890683,0.25881904510252074,1
9,6,0,0,0,0,2.66,116.03,41.64,0.6318,18,8.15,22.66,1,0,2,0.7071067811865476,-0.7071067811865475,0
19,3,0,0,0,0,3.19,93.52,64.63,0.4595,12,2.38,33.23,0,0,1,-0.9659258262890684,0.2588190451025203,0
14,1,0,1,0,0,1.03,5.76,30.3,0.3674,28,8.0,15.13,0,0,0,-0.4999999999999997,-0.8660254037844388,0
7,6,0,0,0,1,2.48,16.58,38.14,0.3014,27,4.68,33.54,0,0,1,0.9659258262890683,-0.25881904510252063,0
14,5,0,0,0,0,3.78,65.88,57.59,0.601,22,7.58,43.51,0,0,0,-0.4999999999999997,-0.8660254037844388,0
18,2,0,0,0,0,4.43,13.74,40.02,0.4213,12,9.15,5.74,0,0,1,-1.0,-1.8369701987210297e-16,0
2,2,0,0,0,0,3.21,113.99,79.94,0.5442,30,1.07,38.72,0,0,1,0.49999999999999994,0.8660254037844387,0
11,3,0,0,1,0,4.8,8.28,54.14,0.6553,6,9.55,6.63,0,0,2,0.258819045102521,-0.9659258262890682,0
11,6,0,0,0,0,0.73,93.15,76.13,0.6897,18,2.85,42.8,0,0,0,0.258819045102521,-0.9659258262890682,0
3,3,1,0,0,0,0.54,32.04,41.19,0.3046,28,3.08,7.68,1,0,0,0.7071067811865476,0.7071067811865476,0
8,3,0,0,0,0,1.84,117.8,79.82,0.4441,27,2.14,3.06,0,0,1,0.8660254037844387,-0.4999999999999998,0
13,3,0,0,1,0,4.13,82.95,63.25,0.6053,20,6.83,29.64,0,0,0,-0.2588190451025208,-0.9659258262890683,0
9,0,0,0,0,0,1.33,66.45,54.77,0.652,30,1.8,2.14,0,0,1,0.7071067811865476,-0.7071067811865475,0
17,2,0,0,0,0,2.87,22.42,62.58,0.6034,29,4.18,35.65,0,0,1,-0.9659258262890683,-0.25881904510252063,0
23,0,0,1,1,1,0.99,12.23,112.06,0.2821,2,20.04,523.43,1,1,1,-0.25881904510252157,0.9659258262890681,1
18,6,0,0,0,0,2.87,29.67,74.51,0.6077,11,9.47,7.19,1,0,1,-1.0,-1.8369701987210297e-16,0
20,0,0,0,0,0,4.79,102.0,58.41,0.6068,4,6.25,13.24,0,0,1,-0.8660254037844386,0.5000000000000001,0
14,2,1,1,0,0,0.82,1.53,64.49,0.0363,4,21.79,584.84,0,1,0,-0.4999999999999997,-0.8660254037844388,1
17,1,0,1,0,0,0.64,11.37,56.36,0.3192,18,1.19,34.12,0,0,0,-0.9659258262890683,-0.25881904510252063,0
17,5,0,0,0,0,2.35,75.53,78.63,0.4879,14,5.34,7.18,0,0,0,-0.9659258262890683,-0.25881904510252063,0
10,4,0,1,0,0,2.05,34.11,69.5,0.6751,17,3.64,36.31,0,0,1,0.49999999999999994,-0.8660254037844387,0
8,1,0,1,1,2,4.28,26.48,40.0,0.5186,7,9.89,40.69,0,0,1,0.8660254037844387,-0.4999999999999998,0
20,6,0,1,0,0,3.91,37.92,47.58,0.5104,2,2.45,1.36,0,0,1,-0.8660254037844386,0.5000000000000001,0
7,4,0,0,0,0,4.2,92.23,52.16,0.475,27,7.27,2.76,0,0,0,0.9659258262890683,-0.25881904510252063,0
18,5,0,0,0,0,1.27,119.34,61.33,0.3368,10,4.77,20.27,0,0,0,-1.0,-1.8369701987210297e-16,0
2,5,0,0,0,0,3.66,72.43,64.44,0.4491,14,2.87,31.14,0,0,1,0.49999999999999994,0.8660254037844387,0
22,4,1,1,0,3,0.01,1.14,26.58,0.2944,3,21.83,662.49,1,1,1,-0.5000000000000004,0.8660254037844384,1
7,3,0,0,0,2,3.99,84.87,50.0,0.3373,7,7.34,23.78,0,0,0,0.9659258262890683,-0.25881904510252063,0
14,3,0,0,0,0,4.09,87.81,76.15,0.4022,14,6.22,1.31,0,0,1,-0.4999999999999997,-0.8660254037844388,0
0,3,0,1,0,0,3.71,58.69,43.33,0.4048,7,1.05,3.8,0,0,2,0.0,1.0,0
17,5,1,0,0,0,3.41,61.71,78.25,0.6048,24,1.08,27.6,0,0,1,-0.9659258262890683,-0.25881904510252063,0
4,4,1,1,1,3,0.61,9.83,111.33,0.2181,1,10.43,468.31,1,0,1,0.8660254037844386,0.5000000000000001,1
13,2,0,0,0,0,1.9,58.24,60.16,0.4586,29,7.94,22.67,0,0,0,-0.2588190451025208,-0.9659258262890683,0
11,1,0,0,0,0,0.67,71.83,62.35,0.4224,27,8.88,39.14,0,0,1,0.258819045102521,-0.9659258262890682,0
17,3,0,0,0,0,3.37,74.63,51.48,0.4767,16,5.79,34.75,0,0,0,-0.9659258262890683,-0.25881904510252063,0
20,6,0,0,0,0,2.47,51.7,68.23,0.597,8,2.32,4.2,0,0,1,-0.8660254037844386,0.5000000000000001,0
15,6,0,0,0,0,0.89,110.77,48.88,0.5853,28,4.35,16.52,0,0,1,-0.7071067811865471,-0.7071067811865479,0
18,5,0,0,0,0,4.62,93.26,40.31,0.5018,6,6.46,11.96,0,0,2,-1.0,-1.8369701987210297e-16,0
21,0,1,1,1,3,0.67,11.09,61.15,0.2441,4,45.13,373.11,1,1,1,-0.7071067811865477,0.7071067811865474,1
17,5,0,0,0,0,3.08,6.29,66.18,0.638,23,7.15,19.71,0,0,1,-0.9659258262890683,-0.25881904510252063,0
6,3,0,0,0,0,4.4,40.34,51.69,0.4687,17,3.67,35.84,0,0,1,1.0,6.123233995736766e-17,0
12,2,0,0,0,0,3.0,15.59,45.37,0.4399,10,7.87,45.82,0,0,1,1.2246467991473532e-16,-1.0,0
8,1,0,0,0,0,3.5,26.08,63.45,0.3684,27,8.26,45.58,0,0,0,0.8660254037844387,-0.4999999999999998,0
18,5,1,0,0,0,1.43,116.32,37.02,0.6133,13,7.99,47.65,0,0,0,-1.0,-1.8369701987210297e-16,0
16,4,0,0,1,0,3.02,100.17,75.51,0.3828,10,4.48,8.06,0,0,0,-0.8660254037844385,-0.5000000000000004,0
17,4,0,0,0,0,4.0,96.77,55.06,0.5586,8,9.81,10.21,0,0,0,-0.9659258262890683,-0.25881904510252063,0
11,4,0,0,0,0,3.16,83.17,64.6,0.6299,8,7.42,1.78,1,0,1,0.258819045102521,-0.9659258262890682,0
8,3,0,0,0,0,1.92,94.73,41.13,0.538,6,7.85,12.98,0,0,1,0.8660254037844387,-0.4999999999999998,0
20,0,0,0,1,0,4.03,59.23,47.89,0.4401,16,3.86,13.24,0,0,0,-0.8660254037844386,0.5000000000000001,0
10,2,0,0,0,0,1.99,53.09,78.48,0.546,7,3.49,5.69,0,0,0,0.49999999999999994,-0.8660254037844387,0
7,4,0,1,0,2,3.61,45.99,44.95,0.6977,11,1.59,40.79,0,0,2,0.9659258262890683,-0.25881904510252063,0
13,6,0,0,0,0,1.65,91.4,46.38,0.3328,4,8.8,39.95,1,0,0,-0.2588190451025208,-0.9659258262890683,0
9,5,0,1,0,0,3.01,24.99,33.23,0.372,24,4.25,9.81,0,0,0,0.7071067811865476,-0.7071067811865475,0
15,1,0,0,1,0,4.15,39.77,48.78,0.6382,14,7.9,7.46,0,0,1,-0.7071067811865471,-0.7071067811865479,0
23,1,0,0,0,0,1.67,47.85,33.22,0.4738,11,3.12,16.27,0,0,0,-0.25881904510252157,0.9659258262890681,0
18,6,0,0,0,0,2.74,25.26,50.23,0.5462,18,1.01,31.43,1,0,0,-1.0,-1.8369701987210297e-16,0
4,1,0,0,0,0,1.45,53.87,43.22,0.4457,14,7.09,19.3,0,0,2,0.8660254037844386,0.5000000000000001,0
12,5,0,0,0,0,4.04,104.65,44.49,0.6196,25,7.03,37.41,0,0,2,1.2246467991473532e-16,-1.0,0
21,4,1,0,1,3,0.6,12.98,98.96,0.067,3,43.17,633.08,1,1,0,-0.7071067811865477,0.7071067811865474,1
6,3,0,0,0,0,3.7,65.98,68.12,0.5801,10,6.92,39.91,0,0,0,1.0,6.123233995736766e-17,0
6,0,0,0,0,0,1.2,72.66,58.78,0.5578,18,2.71,43.98,0,0,1,1.0,6.123233995736766e-17,0
7,1,0,0,0,0,2.58,12.69,65.49,0.3776,23,8.76,41.26,0,0,1,0.9659258262890683,-0.25881904510252063,0
10,0,0,1,0,1,3.44,108.3,36.42,0.4396,21,9.39,3.59,0,0,2,0.49999999999999994,-0.8660254037844387,0
12,0,0,0,1,0,2.01,30.58,70.12,0.4612,27,2.59,31.08,0,0,0,1.2246467991473532e-16,-1.0,0
9,0,1,0,0,0,2.85,19.72,32.81,0.4557,8,3.32,15.13,0,0,0,0.7071067811865476,-0.7071067811865475,0
22,1,1,0,0,2,0.36,1.84,105.55,0.1485,1,46.73,505.81,0,1,2,-0.5000000000000004,0.8660254037844384,1
3,5,0,0,0,0,1.6,69.26,58.95,0.3048,13,1.24,33.0,0,0,0,0.7071067811865476,0.7071067811865476,0
13,3,0,0,0,0,4.96,40.04,60.34,0.3994,15,6.23,38.64,0,0,1,-0.2588190451025208,-0.9659258262890683,0
13,3,0,1,1,4,0.16,12.87,32.34,0.2735,5,27.6,619.85,0,0,2,-0.2588190451025208,-0.9659258262890683,1
17,5,0,0,0,0,3.91,66.94,66.65,0.3683,23,2.61,28.38,0,0,1,-0.9659258262890683,-0.25881904510252063,0
8,3,0,1,0,0,4.89,28.79,61.85,0.4459,19,6.37,24.96,0,0,0,0.8660254037844387,-0.4999999999999998,0
17,5,1,0,0,0,4.5,61.88,79.68,0.5688,13,9.3,27.19,0,0,1,-0.9659258262890683,-0.25881904510252063,0
20,4,0,0,0,1,3.3,27.12,35.75,0.5614,16,5.26,37.32,0,0,1,-0.8660254037844386,0.5000000000000001,0
9,2,0,0,0,0,2.38,93.84,32.5,0.4831,25,1.88,2.59,1,0,0,0.7071067811865476,-0.7071067811865475,0
3,6,1,1,0,5,0.9,11.67,14.29,0.1725,4,41.72,700.37,0,1,0,0.7071067811865476,0.7071067811865476,1
16,2,0,0,0,1,1.0,86.42,50.07,0.3961,16,7.8,42.52,0,0,0,-0.8660254037844385,-0.5000000000000004,0
7,2,0,0,0,0,2.35,22.4,34.06,0.5909,10,5.6,2.97,0,0,1,0.9659258262890683,-0.25881904510252063,0
13,3,0,0,0,0,2.36,16.91,35.74,0.5608,16,3.81,29.98,0,0,1,-0.2588190451025208,-0.9659258262890683,0
14,0,0,0,0,0,0.81,28.54,52.85,0.415,20,7.43,22.92,0,0,0,-0.4999999999999997,-0.8660254037844388,0
17,6,0,0,0,0,1.18,105.58,36.24,0.3882,11,3.81,8.34,0,0,0,-0.9659258262890683,-0.25881904510252063,0
17,0,0,0,0,0,3.73,58.55,49.0,0.3372,28,6.28,43.68,0,0,0,-0.9659258262890683,-0.25881904510252063,0
12,0,0,0,0,0,1.54,97.7,75.68,0.5698,9,7.5,35.18,0,0,0,1.2246467991473532e-16,-1.0,0
11,3,0,0,0,0,4.6,15.34,55.51,0.6639,21,6.27,46.64,0,0,2,0.258819045102521,-0.9659258262890682,0
10,5,1,1,0,0,1.77,22.02,73.7,0.5016,6,1.56,28.4,0,0,2,0.49999999999999994,-0.8660254037844387,0
8,4,0,0,0,0,4.99,34.24,31.21,0.6871,10,9.35,9.13,0,0,0,0.8660254037844387,-0.4999999999999998,0
10,1,1,1,1,3,0.51,8.78,77.63,0.2636,3,46.31,281.18,0,1,1,0.49999999999999994,-0.8660254037844387,1
10,3,0,1,0,0,4.93,99.74,76.91,0.6667,2,6.59,7.54,1,0,1,0.49999999999999994,-0.8660254037844387,0
5,5,0,0,0,0,3.48,112.49,37.41,0.6179,25,8.35,13.73,0,0,1,0.9659258262890683,0.25881904510252074,0
14,6,0,0,0,0,1.89,73.58,39.51,0.4647,16,2.26,15.91,0,0,0,-0.4999999999999997,-0.8660254037844388,0
13,2,0,0,1,0,2.17,26.24,36.12,0.4787,27,6.31,30.95,0,0,1,-0.2588190451025208,-0.9659258262890683,0
13,0,0,0,0,0,1.49,55.19,54.93,0.6161,3,7.04,22.88,0,0,0,-0.2588190451025208,-0.9659258262890683,0
7,2,0,0,0,0,3.15,74.2,62.07,0.3581,3,1.77,18.47,0,0,2,0.9659258262890683,-0.25881904510252063,0
7,2,0,0,1,1,0.73,89.56,58.67,0.5931,16,6.18,16.61,1,0,0,0.9659258262890683,-0.25881904510252063,0
6,1,0,0,0,0,0.9,84.66,60.51,0.6978,17,2.78,47.21,0,0,1,1.0,6.123233995736766e-17,0
17,3,0,0,0,0,1.63,113.69,68.88,0.3474,16,3.28,0.86,0,0,0,-0.9659258262890683,-0.25881904510252063,0
15,3,0,0,0,2,2.47,109.76,32.97,0.465,7,8.1,37.37,0,0,1,-0.7071067811865471,-0.7071067811865479,0
11,1,0,0,0,1,1.06,58.26,53.69,0.699,13,6.48,31.42,0,0,1,0.258819045102521,-0.9659258262890682,0
23,0,1,1,0,0,0.79,9.05,60.72,0.2869,4,46.26,530.7,1,1,0,-0.25881904510252157,0.9659258262890681,1
21,6,0,0,0,0,2.33,73.64,49.35,0.5811,25,9.74,13.58,0,0,1,-0.7071067811865477,0.7071067811865474,0
0,6,1,1,1,4,0.04,2.39,64.64,0.2793,2,43.05,556.72,0,1,1,0.0,1.0,1
9,4,0,0,0,0,4.37,115.52,64.73,0.4228,9,4.94,18.09,0,0,1,0.7071067811865476,-0.7071067811865475,0
22,4,1,1,1,5,0.17,13.58,30.92,0.1688,2,11.42,171.91,0,1,0,-0.5000000000000004,0.8660254037844384,1
19,3,0,0,0,0,0.52,67.44,45.34,0.3408,14,1.75,36.1,0,0,0,-0.9659258262890684,0.2588190451025203,0
23,2,0,1,1,4,0.22,1.71,91.07,0.248,2,45.1,668.74,1,0,1,-0.25881904510252157,0.9659258262890681,1
2,1,0,0,1,3,0.47,11.45,38.93,0.1668,5,35.12,572.07,0,1,2,0.49999999999999994,0.8660254037844387,1
17,1,0,1,0,0,2.72,103.03,55.99,0.4961,11,8.19,7.92,0,0,1,-0.9659258262890683,-0.25881904510252063,0
7,4,0,1,0,0,3.29,66.04,78.0,0.678,8,1.05,7.32,0,0,1,0.9659258262890683,-0.25881904510252063,0
18,4,0,0,0,0,2.86,29.82,44.37,0.4909,9,6.61,27.62,0,0,1,-1.0,-1.8369701987210297e-16,0
7,1,0,0,0,0,2.5,86.4,67.85,0.3888,19,6.36,0.61,0,0,1,0.9659258262890683,-0.25881904510252063,0
23,0,1,1,1,1,0.83,13.67,130.02,0.212,4,40.65,602.64,1,1,0,-0.25881904510252157,0.9659258262890681,1
23,3,0,0,0,0,0.85,47.69,54.84,0.3359,9,9.18,24.36,0,0,0,-0.25881904510252157,0.9659258262890681,0
14,4,0,0,0,1,1.51,33.93,46.09,0.5358,28,9.1,32.48,0,0,1,-0.4999999999999997,-0.8660254037844388,0
16,1,0,0,0,0,4.42,81.91,58.17,0.3461,19,9.24,43.17,0,0,1,-0.8660254037844385,-0.5000000000000004,0
11,6,0,1,0,0,2.44,7.06,79.2,0.5207,7,4.59,12.65,0,0,1,0.258819045102521,-0.9659258262890682,0
21,5,0,0,0,2,4.16,27.35,40.38,0.624,10,1.54,21.13,0,0,0,-0.7071067811865477,0.7071067811865474,0
20,1,0,0,1,0,4.84,93.97,77.23,0.3274,9,1.46,0.58,1,0,0,-0.8660254037844386,0.5000000000000001,0
8,6,0,0,0,0,3.74,113.53,48.21,0.4937,30,1.3,13.1,0,0,0,0.8660254037844387,-0.4999999999999998,0
18,0,0,0,0,0,4.59,10.52,48.36,0.4863,29,6.03,3.99,0,0,0,-1.0,-1.8369701987210297e-16,0
14,4,0,0,1,0,3.58,86.25,43.65,0.6659,20,8.49,8.64,0,0,1,-0.4999999999999997,-0.8660254037844388,0
20,1,0,0,0,0,4.13,44.8,64.68,0.5158,20,6.05,39.43,0,0,1,-0.8660254037844386,0.5000000000000001,0
16,2,0,0,0,0,4.21,111.25,53.62,0.3995,9,9.66,20.94,0,0,1,-0.8660254037844385,-0.5000000000000004,0
17,1,0,0,0,1,4.62,19.95,76.06,0.6761,29,7.6,11.29,0,0,1,-0.9659258262890683,-0.25881904510252063,0
21,3,1,1,1,1,0.56,1.42,108.16,0.1747,2,23.82,200.37,1,1,1,-0.7071067811865477,0.7071067811865474,1
17,4,0,1,0,0,1.62,61.43,42.26,0.5513,8,4.53,14.5,0,0,2,-0.9659258262890683,-0.25881904510252063,0
7,5,0,0,0,0,3.49,69.23,54.98,0.4474,8,4.59,45.75,0,0,1,0.9659258262890683,-0.25881904510252063,0
3,0,1,1,1,2,0.53,8.69,96.0,0.0829,1,27.29,366.74,1,1,1,0.7071067811865476,0.7071067811865476,1
9,0,0,0,0,0,0.95,96.76,72.34,0.6474,3,6.47,18.76,0,0,2,0.7071067811865476,-0.7071067811865475,0
4,3,1,1,1,5,0.77,8.37,146.18,0.2382,2,13.3,441.23,1,0,1,0.8660254037844386,0.5000000000000001,1
10,3,0,0,0,0,2.21,105.12,33.89,0.4144,10,7.79,32.95,0,0,0,0.49999999999999994,-0.8660254037844387,0
11,5,0,0,0,0,3.86,103.45,46.44,0.406,25,6.72,12.44,0,0,0,0.258819045102521,-0.9659258262890682,0
15,1,0,0,1,0,2.86,106.27,38.63,0.4487,21,4.32,8.94,0,0,0,-0.7071067811865471,-0.7071067811865479,0
12,6,0,0,0,0,0.9,94.19,33.5,0.3293,12,5.58,2.95,0,0,0,1.2246467991473532e-16,-1.0,0
9,2,0,0,0,0,0.88,6.82,31.05,0.4149,18,5.03,28.83,0,0,1,0.7071067811865476,-0.7071067811865475,0
16,4,0,1,0,2,1.1,47.2,64.26,0.6238,13,9.32,26.4,1,0,0,-0.8660254037844385,-0.5000000000000004,0
22,5,0,0,0,0,3.68,78.9,38.89,0.4583,10,6.55,45.46,0,0,1,-0.5000000000000004,0.8660254037844384,0
2,4,0,0,0,1,4.2,117.86,54.34,0.3448,16,7.14,44.41,1,0,0,0.49999999999999994,0.8660254037844387,0
8,5,0,0,0,0,3.75,97.77,66.42,0.4202,10,5.36,15.17,0,0,2,0.8660254037844387,-0.4999999999999998,0
16,2,0,0,0,0,4.91,41.56,51.54,0.6578,26,7.41,46.23,0,0,0,-0.8660254037844385,-0.5000000000000004,0
11,1,0,0,0,0,4.06,77.0,59.63,0.6045,30,7.73,25.2,0,0,1,0.258819045102521,-0.9659258262890682,0
12,6,0,0,0,2,3.98,9.03,77.7,0.6605,15,8.84,5.81,0,0,2,1.2246467991473532e-16,-1.0,0
10,6,0,0,0,1,3.12,18.48,43.19,0.5807,13,5.79,32.49,0,0,1,0.49999999999999994,-0.8660254037844387,0
4,0,0,0,0,0,4.58,64.64,68.45,0.5826,5,9.47,24.58,1,0,2,0.8660254037844386,0.5000000000000001,0
9,5,0,1,0,0,1.26,62.26,51.34,0.5244,8,2.96,32.7,0,0,0,0.7071067811865476,-0.7071067811865475,0
10,2,1,0,0,0,0.75,64.08,58.54,0.4806,30,5.94,44.51,0,0,0,0.49999999999999994,-0.8660254037844387,0
3,4,1,1,0,1,0.37,14.71,123.89,0.1888,1,24.14,201.37,1,1,1,0.7071067811865476,0.7071067811865476,1
22,6,0,0,0,0,1.28,35.88,32.74,0.3312,26,9.32,32.4,1,0,0,-0.5000000000000004,0.8660254037844384,0
4,6,1,1,0,4,0.26,9.1,87.22,0.1165,1,34.18,590.2,1,1,2,0.8660254037844386,0.5000000000000001,1
9,0,0,0,0,0,1.0,88.78,33.38,0.5598,3,8.63,29.22,0,0,1,0.7071067811865476,-0.7071067811865475,0
15,4,0,0,0,0,0.79,48.83,66.17,0.4891,13,5.26,35.38,0,0,0,-0.7071067811865471,-0.7071067811865479,0
4,2,0,0,1,1,0.36,6.0,89.64,0.1031,2,31.39,604.06,1,1,1,0.8660254037844386,0.5000000000000001,1
19,6,0,1,0,0,4.28,107.58,44.68,0.5595,3,2.95,37.63,0,0,2,-0.9659258262890684,0.2588190451025203,0
10,6,0,0,0,0,2.93,41.47,43.17,0.5344,10,2.95,25.41,0,0,0,0.49999999999999994,-0.8660254037844387,0
15,1,0,0,0,0,2.38,12.36,42.17,0.3981,5,2.48,9.46,0,0,1,-0.7071067811865471,-0.7071067811865479,0
10,5,0,0,0,0,1.25,69.15,30.59,0.5043,22,6.7,35.54,0,0,1,0.49999999999999994,-0.8660254037844387,0
11,5,0,0,1,0,2.59,56.25,73.19,0.6036,7,7.71,30.88,0,0,1,0.258819045102521,-0.9659258262890682,0
21,1,0,0,0,0,1.22,73.87,76.16,0.4858,22,2.0,2.97,0,0,0,-0.7071067811865477,0.7071067811865474,0
23,6,0,1,1,2,0.19,9.61,47.73,0.0547,4,39.89,599.48,1,1,2,-0.25881904510252157,0.9659258262890681,1
17,4,0,0,0,0,3.3,30.04,54.9,0.328,17,8.98,31.43,0,0,0,-0.9659258262890683,-0.25881904510252063,0
4,5,0,1,1,0,2.65,13.44,52.31,0.3069,15,5.19,42.2,0,0,0,0.8660254037844386,0.5000000000000001,0
12,5,0,0,1,0,2.98,98.26,42.28,0.4376,26,1.67,27.43,0,0,0,1.2246467991473532e-16,-1.0,0
6,2,1,1,0,2,0.26,2.89,20.12,0.2224,2,10.56,173.48,1,1,1,1.0,6.123233995736766e-17,1
16,2,0,0,0,0,2.67,75.7,51.11,0.6182,8,6.34,29.0,0,0,0,-0.8660254037844385,-0.5000000000000004,0
12,4,0,0,0,0,3.55,27.65,51.76,0.3916,24,9.99,0.72,0,0,0,1.2246467991473532e-16,-1.0,0
21,5,0,0,1,0,1.81,10.53,62.02,0.5543,6,2.36,25.04,0,0,0,-0.7071067811865477,0.7071067811865474,0
17,3,0,0,0,0,2.79,66.4,78.87,0.517,27,2.27,9.12,0,0,0,-0.9659258262890683,-0.25881904510252063,0
8,1,0,0,0,0,1.8,84.18,64.89,0.3813,5,6.38,18.43,0,0,0,0.8660254037844387,-0.4999999999999998,0
14,5,0,0,0,1,2.16,36.19,63.06,0.5621,24,6.96,2.74,0,0,0,-0.4999999999999997,-0.8660254037844388,0
18,2,0,0,0,0,4.64,89.72,64.38,0.4096,7,6.33,26.99,0,0,0,-1.0,-1.8369701987210297e-16,0
21,2,1,1,1,3,0.5,5.77,118.99,0.101,4,21.81,685.8,1,1,1,-0.7071067811865477,0.7071067811865474,1
12,5,1,1,1,3,0.09,14.79,112.93,0.0655,4,14.16,713.11,0,1,1,1.2246467991473532e-16,-1.0,1
17,3,0,0,0,0,1.55,12.03,59.58,0.6234,27,8.64,35.98,1,0,1,-0.9659258262890683,-0.25881904510252063,0
17,2,0,0,0,0,2.84,108.51,44.34,0.3059,20,6.4,19.17,0,0,1,-0.9659258262890683,-0.25881904510252063,0
19,2,1,1,1,1,0.46,7.89,88.05,0.2866,5,40.95,453.43,1,1,2,-0.9659258262890684,0.2588190451025203,1
8,5,0,1,0,2,2.78,57.8,65.91,0.6009,30,1.71,38.78,0,0,0,0.8660254037844387,-0.4999999999999998,0
14,6,0,0,1,0,0.99,32.43,31.76,0.5781,22,5.49,23.18,0,0,1,-0.4999999999999997,-0.8660254037844388,0
12,0,0,0,0,0,4.84,70.5,50.69,0.6439,14,1.85,2.54,0,0,1,1.2246467991473532e-16,-1.0,0
10,4,0,0,1,0,1.68,78.29,49.45,0.644,11,2.32,41.55,0,0,0,0.49999999999999994,-0.8660254037844387,0
7,1,0,0,0,0,4.47,112.76,62.49,0.3979,30,4.63,30.82,0,0,0,0.9659258262890683,-0.25881904510252063,0
18,0,0,0,1,0,0.71,59.36,31.83,0.6439,4,7.59,24.45,0,0,1,-1.0,-1.8369701987210297e-16,0
12,1,0,0,1,0,3.38,54.44,32.99,0.4555,12,6.62,43.74,0,0,1,1.2246467991473532e-16,-1.0,0
1,3,1,0,1,0,0.09,1.22,119.76,0.2505,3,40.2,600.17,1,1,1,0.25881904510252074,0.9659258262890683,1
7,5,0,0,0,0,3.04,63.04,31.05,0.6115,10,9.87,47.0,0,0,2,0.9659258262890683,-0.25881904510252063,0
12,6,0,0,0,0,4.9,29.86,39.62,0.3754,7,5.91,8.81,0,0,1,1.2246467991473532e-16,-1.0,0
17,6,0,0,0,0,2.56,23.83,54.0,0.6078,23,9.13,14.75,0,0,0,-0.9659258262890683,-0.25881904510252063,0
14,6,0,0,0,0,3.43,108.65,60.81,0.5918,11,1.35,41.99,0,0,0,-0.4999999999999997,-0.8660254037844388,0
22,6,0,0,0,0,1.55,30.5,61.87,0.4416,5,8.0,5.43,0,0,2,-0.5000000000000004,0.8660254037844384,0
16,3,0,0,0,0,3.38,66.26,74.47,0.3308,24,2.15,45.15,0,0,0,-0.8660254037844385,-0.5000000000000004,0
10,1,0,0,0,0,4.85,81.65,74.23,0.4557,2,6.46,47.12,1,0,0,0.49999999999999994,-0.8660254037844387,0
11,6,0,0,0,0,2.98,6.01,48.04,0.4658,11,8.07,12.49,0,0,0,0.258819045102521,-0.9659258262890682,0
11,0,0,0,0,0,4.58,35.94,40.55,0.4776,7,4.46,9.08,0,0,0,0.258819045102521,-0.9659258262890682,0
15,2,0,0,0,0,4.37,11.95,38.99,0.3683,29,9.23,17.35,1,0,1,-0.7071067811865471,-0.7071067811865479,0
12,2,0,0,0,0,1.62,48.78,52.71,0.5634,6,4.85,23.81,0,0,1,1.2246467991473532e-16,-1.0,0
6,2,0,0,0,0,2.77,41.42,78.56,0.6,29,4.92,9.5,0,0,0,1.0,6.123233995736766e-17,0
8,5,1,0,0,0,2.68,5.43,44.38,0.4718,25,6.12,46.06,0,0,0,0.8660254037844387,-0.4999999999999998,0
2,1,1,1,1,5,0.13,3.86,95.02,0.1465,1,28.98,563.04,0,1,1,0.49999999999999994,0.8660254037844387,1
9,2,1,0,0,2,4.07,41.44,72.62,0.3185,3,4.59,18.72,0,0,0,0.7071067811865476,-0.7071067811865475,0
0,5,0,0,0,0,1.25,88.08,47.16,0.5359,11,3.5,6.93,0,0,0,0.0,1.0,0
20,5,0,0,0,0,1.76,25.97,49.86,0.5767,8,4.96,8.67,0,0,0,-0.8660254037844386,0.5000000000000001,0
18,2,0,0,0,0,1.81,66.12,36.86,0.4136,21,1.47,15.89,0,0,1,-1.0,-1.8369701987210297e-16,0
17,4,0,1,0,0,1.38,103.94,34.86,0.6915,11,6.99,37.95,0,0,1,-0.9659258262890683,-0.25881904510252063,0
20,5,0,0,0,0,3.3,115.69,46.66,0.5074,25,8.51,20.8,0,0,0,-0.8660254037844386,0.5000000000000001,0
6,0,0,1,0,0,0.72,8.87,51.21,0.2103,5,10.41,625.96,1,1,0,1.0,6.123233995736766e-17,1
12,5,0,0,0,0,3.21,94.02,62.91,0.6063,20,9.48,15.1,0,0,0,1.2246467991473532e-16,-1.0,0
15,3,0,0,0,0,4.65,55.47,30.78,0.3548,2,7.46,44.98,1,0,1,-0.7071067811865471,-0.7071067811865479,0
7,3,0,0,0,0,2.51,86.5,61.17,0.5935,20,2.75,23.63,1,0,0,0.9659258262890683,-0.25881904510252063,0
18,5,1,0,1,1,0.98,1.52,140.03,0.1444,5,21.22,322.52,0,1,0,-1.0,-1.8369701987210297e-16,1
20,3,0,1,0,0,4.32,48.49,47.09,0.3488,7,4.31,14.24,0,0,1,-0.8660254037844386,0.5000000000000001,0
12,5,0,0,0,0,3.55,48.81,49.0,0.5924,6,8.23,30.0,0,0,0,1.2246467991473532e-16,-1.0,0
21,0,1,1,1,5,0.27,11.65,82.29,0.0896,3,29.26,594.48,1,0,2,-0.7071067811865477,0.7071067811865474,1
6,0,0,0,0,0,4.82,68.33,73.58,0.3396,28,1.96,44.78,1,0,1,1.0,6.123233995736766e-17,0
9,2,0,0,0,0,4.69,95.1,34.9,0.6704,10,3.86,7.43,1,0,1,0.7071067811865476,-0.7071067811865475,0
14,6,0,0,0,1,1.83,94.28,44.04,0.343,25,8.02,16.46,0,0,1,-0.4999999999999997,-0.8660254037844388,0
3,2,0,0,1,4,0.07,6.58,132.96,0.1187,1,38.56,186.53,0,1,2,0.7071067811865476,0.7071067811865476,1
9,3,0,0,1,0,2.95,21.55,36.68,0.6467,19,2.21,29.79,0,0,1,0.7071067811865476,-0.7071067811865475,0
13,5,0,0,0,1,1.72,34.27,67.59,0.452,21,5.4,4.27,0,0,1,-0.2588190451025208,-0.9659258262890683,0
19,6,1,0,0,1,0.73,5.53,114.47,0.1517,4,22.67,567.75,1,1,1,-0.9659258262890684,0.2588190451025203,1
20,1,0,0,0,0,4.92,31.74,65.75,0.6036,11,9.58,24.47,0,0,1,-0.8660254037844386,0.5000000000000001,0
17,4,0,0,0,0,4.6,112.52,39.47,0.5232,10,6.09,46.06,0,0,1,-0.9659258262890683,-0.25881904510252063,0
5,1,0,0,0,0,3.53,6.05,34.52,0.3873,29,6.85,1.31,0,0,0,0.9659258262890683,0.25881904510252074,0
10,6,0,1,0,0,4.08,26.33,71.97,0.6065,13,7.84,0.78,0,0,0,0.49999999999999994,-0.8660254037844387,0
18,4,0,0,0,1,3.87,52.9,59.96,0.6635,22,5.67,2.27,1,0,0,-1.0,-1.8369701987210297e-16,0
17,2,0,0,1,0,2.62,96.53,34.54,0.3805,16,5.57,10.97,0,0,1,-0.9659258262890683,-0.25881904510252063,0
12,6,0,0,1,0,4.27,105.04,50.58,0.316,5,3.3,38.55,1,0,0,1.2246467991473532e-16,-1.0,0
16,3,0,0,1,0,3.49,12.19,73.7,0.464,19,9.46,9.54,0,0,2,-0.8660254037844385,-0.5000000000000004,0
10,5,0,1,0,0,0.94,103.95,77.0,0.5011,13,3.34,42.13,0,0,0,0.49999999999999994,-0.8660254037844387,0
9,6,0,0,0,1,3.61,112.39,51.61,0.3396,27,3.82,11.8,0,0,1,0.7071067811865476,-0.7071067811865475,0
4,3,0,0,0,0,3.94,86.21,78.53,0.4966,3,7.46,32.1,1,0,1,0.8660254037844386,0.5000000000000001,0
17,5,0,1,0,0,3.92,81.24,62.03,0.5025,22,4.39,24.62,0,0,0,-0.9659258262890683,-0.25881904510252063,0
17,4,0,0,1,0,4.42,75.48,51.09,0.5556,8,5.67,44.87,0,0,1,-0.9659258262890683,-0.25881904510252063,0
6,3,0,0,0,0,0.72,72.91,48.41,0.5591,19,1.1,22.46,0,0,0,1.0,6.123233995736766e-17,0
20,5,0,0,0,0,1.21,95.55,43.77,0.6295,14,1.75,24.51,0,0,1,-0.8660254037844386,0.5000000000000001,0
20,3,0,0,1,1,4.18,11.11,55.59,0.444,28,8.93,20.94,0,0,0,-0.8660254037844386,0.5000000000000001,0
6,6,0,0,0,0,2.42,39.1,59.6,0.3686,12,3.81,43.07,0,0,1,1.0,6.123233995736766e-17,0
15,2,0,0,0,1,3.31,93.33,74.43,0.3961,12,4.47,39.31,1,0,0,-0.7071067811865471,-0.7071067811865479,0
17,2,0,0,0,2,4.61,61.96,50.39,0.5394,8,5.09,44.0,0,0,0,-0.9659258262890683,-0.25881904510252063,0
13,3,0,0,0,0,1.91,32.08,49.62,0.4559,8,8.85,45.75,0,0,0,-0.2588190451025208,-0.9659258262890683,0
11,2,0,0,0,0,2.55,66.68,41.08,0.39,9,3.24,31.66,1,0,0,0.258819045102521,-0.9659258262890682,0
3,6,0,0,0,1,3.67,61.35,71.0,0.4716,25,7.76,18.95,0,0,0,0.7071067811865476,0.7071067811865476,0
6,6,1,1,1,2,0.44,5.91,143.45,0.1221,3,29.64,348.33,1,0,1,1.0,6.123233995736766e-17,1
11,3,0,0,0,0,3.86,5.69,60.99,0.4525,22,3.42,45.99,0,0,0,0.258819045102521,-0.9659258262890682,0
7,6,0,1,0,2,1.03,73.34,77.57,0.323,18,9.11,21.73,0,0,0,0.9659258262890683,-0.25881904510252063,0
18,6,0,0,0,0,1.71,37.74,76.47,0.5933,14,2.36,35.32,0,0,2,-1.0,-1.8369701987210297e-16,0
20,4,0,0,0,0,3.25,81.92,34.17,0.6707,3,8.47,28.8,0,0,0,-0.8660254037844386,0.5000000000000001,0
13,0,0,0,0,1,2.59,68.96,50.7,0.5267,20,5.61,20.31,0,0,2,-0.2588190451025208,-0.9659258262890683,0
9,6,1,0,0,0,2.47,95.38,62.79,0.6075,14,8.15,17.53,0,0,0,0.7071067811865476,-0.7071067811865475,0
15,2,0,1,0,1,1.05,108.11,72.48,0.6887,3,4.23,15.03,0,0,1,-0.7071067811865471,-0.7071067811865479,0
3,3,1,1,0,4,0.22,5.36,113.69,0.0575,3,29.94,100.28,1,1,0,0.7071067811865476,0.7071067811865476,1
22,6,0,0,0,0,1.64,49.44,61.01,0.4173,13,8.85,40.11,0,0,0,-0.5000000000000004,0.8660254037844384,0
10,4,0,0,0,0,4.4,45.55,59.62,0.632,7,6.27,37.06,0,0,1,0.49999999999999994,-0.8660254037844387,0
16,0,0,0,1,0,1.64,44.76,40.96,0.3115,19,6.35,43.19,0,0,0,-0.8660254037844385,-0.5000000000000004,0
16,3,0,0,0,0,1.18,42.41,57.14,0.334,28,4.53,19.71,0,0,0,-0.8660254037844385,-0.5000000000000004,0
8,4,0,0,0,0,1.97,57.77,79.07,0.6375,3,9.31,16.61,0,0,0,0.8660254037844387,-0.4999999999999998,0
1,2,1,1,1,0,0.88,9.44,47.32,0.1028,2,47.82,249.27,0,1,0,0.25881904510252074,0.9659258262890683,1
13,3,0,0,0,0,1.38,40.68,69.83,0.4612,27,4.41,15.61,0,0,1,-0.2588190451025208,-0.9659258262890683,0
19,4,0,0,0,0,1.51,7.28,68.67,0.5478,6,6.49,32.75,0,0,2,-0.9659258262890684,0.2588190451025203,0
10,3,0,0,0,0,4.55,95.96,67.86,0.4717,9,7.09,19.05,0,0,0,0.49999999999999994,-0.8660254037844387,0
6,3,0,0,0,0,2.63,85.98,38.29,0.5086,6,5.21,11.13,0,0,1,1.0,6.123233995736766e-17,0
14,0,0,0,0,0,4.34,52.61,48.04,0.6085,8,6.97,21.52,0,0,1,-0.4999999999999997,-0.8660254037844388,0
20,5,0,0,0,0,3.85,114.36,72.85,0.3497,6,8.5,41.74,0,0,0,-0.8660254037844386,0.5000000000000001,0
4,3,0,0,0,2,1.57,67.7,33.38,0.5959,30,9.92,21.8,0,0,1,0.8660254037844386,0.5000000000000001,0
17,1,0,0,0,0,1.5,118.9,72.52,0.5287,26,9.56,8.08,0,0,1,-0.9659258262890683,-0.25881904510252063,0
14,2,0,0,0,0,3.87,61.64,61.25,0.3106,13,7.83,46.46,0,0,0,-0.4999999999999997,-0.8660254037844388,0
18,0,0,0,0,0,3.31,12.22,30.04,0.4504,5,9.05,42.51,0,0,0,-1.0,-1.8369701987210297e-16,0
22,2,0,0,1,1,1.35,41.13,51.14,0.6426,4,5.69,42.94,0,0,0,-0.5000000000000004,0.8660254037844384,0
19,3,0,1,1,4,0.26,4.08,143.46,0.08,5,40.99,112.33,1,1,0,-0.9659258262890684,0.2588190451025203,1
10,5,1,0,0,0,3.17,90.23,52.68,0.4541,3,4.04,11.25,0,0,1,0.49999999999999994,-0.8660254037844387,0
15,3,0,0,0,0,1.4,50.04,76.6,0.5217,29,4.18,8.06,0,0,1,-0.7071067811865471,-0.7071067811865479,0
7,0,0,0,1,0,3.95,74.33,35.66,0.6464,26,4.98,24.44,0,0,1,0.9659258262890683,-0.25881904510252063,0
8,5,1,0,1,0,3.64,28.05,61.47,0.3019,19,7.88,22.23,0,0,1,0.8660254037844387,-0.4999999999999998,0
11,3,0,0,1,1,0.64,24.45,46.61,0.4131,30,5.7,7.95,0,0,0,0.258819045102521,-0.9659258262890682,0
2,4,0,0,0,0,3.99,101.66,68.03,0.4649,19,6.5,28.29,1,0,1,0.49999999999999994,0.8660254037844387,0
12,2,0,0,0,0,0.64,78.78,58.49,0.6293,19,7.71,11.8,0,0,0,1.2246467991473532e-16,-1.0,0
9,6,0,0,0,0,1.42,84.18,45.4,0.5889,2,6.45,3.25,0,0,0,0.7071067811865476,-0.7071067811865475,0
22,3,0,0,0,2,2.21,28.2,31.42,0.3841,11,6.86,45.66,0,0,0,-0.5000000000000004,0.8660254037844384,0
15,3,0,0,0,0,4.23,85.64,70.29,0.62,19,4.92,36.82,0,0,1,-0.7071067811865471,-0.7071067811865479,0
7,5,0,0,0,0,0.83,63.72,52.5,0.4592,18,8.06,35.33,1,0,0,0.9659258262890683,-0.25881904510252063,0
13,1,1,0,1,0,3.74,56.68,45.14,0.465,9,7.51,18.78,0,0,2,-0.2588190451025208,-0.9659258262890683,0
18,1,0,0,0,0,4.85,53.57,45.04,0.6685,16,6.25,8.53,0,0,0,-1.0,-1.8369701987210297e-16,0
10,3,0,0,0,0,4.61,54.47,65.76,0.6157,16,7.82,28.93,0,0,0,0.49999999999999994,-0.8660254037844387,0
18,1,0,0,1,0,3.84,93.81,52.67,0.3644,15,5.9,12.86,0,0,1,-1.0,-1.8369701987210297e-16,0
9,4,0,0,0,0,2.8,32.78,71.16,0.3191,15,2.49,30.22,0,0,0,0.7071067811865476,-0.7071067811865475,0
17,0,0,0,0,1,1.35,67.32,55.75,0.6862,27,7.3,46.87,0,0,1,-0.9659258262890683,-0.25881904510252063,0
5,6,0,0,0,0,1.73,58.22,47.78,0.677,29,1.9,31.39,0,0,1,0.9659258262890683,0.25881904510252074,0
21,3,0,0,0,0,4.05,26.14,55.7,0.6721,16,2.0,29.53,0,0,0,-0.7071067811865477,0.7071067811865474,0
8,6,0,0,0,0,2.84,15.2,72.59,0.385,29,1.73,16.93,0,0,0,0.8660254037844387,-0.4999999999999998,0
18,0,0,0,0,0,0.61,86.17,51.28,0.6404,30,8.4,32.37,1,0,1,-1.0,-1.8369701987210297e-16,0
18,2,0,0,0,2,0.6,86.74,63.48,0.4497,29,7.98,40.52,0,0,0,-1.0,-1.8369701987210297e-16,0
1,6,1,0,1,4,0.56,13.68,104.61,0.107,1,27.34,663.1,1,1,0,0.25881904510252074,0.9659258262890683,1
23,2,1,1,1,2,0.45,14.18,89.72,0.1946,3,49.2,576.38,1,1,2,-0.25881904510252157,0.9659258262890681,1
